running,above_cutoff,y_outcome
0.8112085533806241,1,3.1062657847798887
-0.8455464135765136,0,0.5651661171464443
-0.4548604881627245,0,0.8446966150021069
0.24370096449226608,1,3.9242904090307116
0.8680568165787284,1,3.379016529673442
-0.8301064261224469,0,0.21975770130271643
0.2584595334559243,1,3.7433986317809858
0.5511434929485237,1,3.533341026346669
0.022887024206419415,1,3.475744555530483
0.49701543732500686,1,4.05998865350924
0.7609829552124185,1,2.9047852888676298
-0.0017067163381117023,0,1.4652048990182358
0.5898102324060355,1,3.522095144890173
-0.8896554215925847,0,-0.1772931523687527
0.4607183642795625,1,2.661195520747447
0.5458054650400954,1,3.1081885752203826
-0.8670601296305085,0,0.1358890452851427
-0.7898816769332069,0,0.2693427534888505
-0.21981067804294208,0,1.1722414247456254
-0.3478226199430803,0,0.8639198403207561
-0.496629744827888,0,0.8526610776521237
0.6858546493215874,1,3.665830993396326
-0.9858570760284131,0,0.055718659673942045
-0.6377948665814559,0,0.30524453237487653
0.2765870547591618,1,2.7659674281518223
-0.04249283362917211,0,1.2926038802951427
0.0022811726737652638,1,3.532060631149686
0.3618906658095886,1,3.0088026698539565
-0.8889191465793136,0,0.31751636668655775
0.4676535767299621,1,3.513118894784517
0.3066202358398309,1,2.3020573746520423
0.8000036681499947,1,3.3444358854605802
0.24390407317164775,1,1.609043444162011
0.9831978273432795,1,3.9105428486815264
-0.0054629725199655255,0,1.377027504016142
0.44114088757169134,1,3.56336692806246
-0.9138089864703702,0,0.12918241609177875
-0.4811735271311408,0,0.6058261237445581
-0.6539629554843038,0,0.5686162125358691
0.0904024330782085,1,3.1569002233959953
-0.10362245403779324,0,1.040193555685935
-0.6144008552023321,0,0.17935045499061303
-0.07267965830668577,0,1.0574132973710693
-0.7361202960889193,0,0.3082918852982226
-0.09749041802476799,0,1.2641329239569405
0.9134959584803788,1,3.846294404490049
0.021823161640692312,1,2.2711281525691636
-0.10122608658048526,0,1.5613817484895893
-0.03186787082535414,0,1.2703222531167266
-0.5051407190581807,0,0.049777224648698715
0.15321320247648917,1,3.8878859073165764
-0.6836886758538743,0,0.15391704725819622
-0.8003243626827179,0,-0.0706745359255439
-0.017793617730123223,0,0.8246774167566479
-0.7331129076930745,0,0.9458012813902339
0.3553763462624744,1,3.3934633522110715
0.23171312058934834,1,2.6721353185918866
-0.0684253954075642,0,1.139413577945106
-0.5971507540278782,0,0.8827345151232544
-0.19702437011079166,0,0.3920783411044594
0.8885331704407271,1,3.7850115352997378
0.37439884915279764,1,2.9761248676072882
0.6212466428404724,1,3.79306576152648
-0.6977271956089077,0,0.10437031739163555
0.9387562265568639,1,2.4789037942749514
-0.2759139534790054,0,0.8028177058546402
-0.24916985860060126,0,0.4644725525839845
-0.24308555448579305,0,0.3616008965972932
-0.801028378165008,0,0.4665865282761519
0.4884204597414834,1,3.000843388642687
-0.4642352709854667,0,1.3036411152531469
-0.015085198982499604,0,0.5883779048436368
0.8618040468303576,1,4.076865565113819
0.23643045850831834,1,3.256162475995188
0.8041076182986349,1,4.06617490319695
-0.5968470045018182,0,0.5701188084690705
-0.15384694601728222,0,0.24242641279315424
0.351936146518421,1,3.522091450173339
-0.34168994234797934,0,0.9917453718948074
0.045630812955785416,1,3.1226964975629414
-0.8250903707928654,0,0.5878115669824497
0.23674782891931057,1,2.093720683986202
-0.09343610278597247,0,0.40342921573161206
0.8069765657814203,1,3.6866621312590024
-0.20712160226093457,0,1.3316892609741964
0.053248400512384775,1,2.419556247306131
0.24934403282357143,1,2.0077593096096855
0.38445982935507717,1,3.706919143515994
-0.3337380379901269,0,1.8618294317089141
0.20424286536460556,1,3.939713106242439
-0.43098781923137897,0,0.052621645652979
-0.9601712780864,0,0.7505357561434933
0.8496979148825845,1,3.367311477346428
0.5588430336314614,1,4.04560478931624
-0.3316371355443204,0,1.667419029582364
-0.9712489102394928,0,1.207714145800169
0.044052958569948286,1,3.077347193609647
-0.10966567152537676,0,0.8935510549452931
0.15631729663458893,1,2.962186246192013
-0.2931017133946705,0,0.6800809801223994
0.48215026010114514,1,2.7440461667624936
0.3546501337731749,1,3.376282974569283
0.03161801931133956,1,3.4704842769077846
-0.609538344815755,0,0.0731515863805488
-0.9116578477217914,0,0.3163338432075354
-0.25718636258855354,0,1.181374664109733
0.7347835305917225,1,3.83920037357805
-0.19666672238390115,0,1.5073924618932741
-0.3699399585675336,0,0.3389726906587963
-0.14531853370648595,0,0.24418411352491332
0.16921149780699296,1,3.9044526130029262
-0.5213969359177593,0,0.09641889813564708
0.4928117888614705,1,3.1123892753193205
-0.9674498716104842,0,0.7564975263463056
0.7573796822647838,1,4.120871069898243
-0.8857589495811651,0,1.007676003389658
-0.7461878973490534,0,0.13632572323150483
-0.10539975865972018,0,1.2916459277142252
0.07870183147699183,1,3.320822985014104
-0.05655120140035019,0,0.952970428421459
-0.06426213608475795,0,1.4397435940923569
-0.6419160801179529,0,0.10434661619360275
-0.550705605871378,0,0.6770271886875628
0.17204573230442866,1,3.600386625566357
0.01519506475717236,1,2.8307689396635127
0.38633728835295766,1,3.614185446240766
-0.35215480355719886,0,0.48817336819736956
-0.6225777778175938,0,0.12766748625985502
0.4300054181321651,1,3.0118151608386023
-0.6895801045530066,0,-0.05908325345234733
0.5063702790545892,1,3.1727591087452574
0.28861825180510126,1,2.4903872312441617
0.5437312337199471,1,3.7124906053633673
0.5472168296636615,1,3.999193705016552
-0.18777720999131398,0,1.26818963829064
-0.483792270394962,0,0.6585191592479548
-0.1672634922916154,0,0.5365520443886509
-0.7249860941256365,0,1.1500130532225872
-0.8119604154592641,0,0.0834960542257886
0.14554829231896727,1,3.831833656706823
-0.6824171066101088,0,0.19612952768404213
-0.6473426945354026,0,0.29725624989654975
-0.5654780025586337,0,0.3851683472439589
-0.27429449130459127,0,0.5959346225291933
0.9567941931641133,1,3.2797388143309565
0.35314627277603927,1,3.485136245203285
-0.5281546755951421,0,0.5076283847422902
-0.9672234816075815,0,-0.3338898461292741
0.4762732738000046,1,2.8885425470521615
-0.8438678370248622,0,1.2630875344193107
0.9250908674513536,1,4.475481282354858
0.4370875011237172,1,4.433642106261131
-0.528100369426969,0,0.5029125305998174
-0.9388817041940636,0,0.3196794667778359
0.5199717453426931,1,2.685665868805269
-0.4206702763219603,0,-0.100830137949523
0.3374580939084184,1,3.13590258935161
0.5900590545464821,1,4.039126991194386
0.5760815830551176,1,3.376634874049169
-0.7887220221377231,0,0.3916514198069607
0.09014348797905614,1,3.2874079146351107
-0.7529384661329832,0,0.24917545374888278
-0.5654761338409167,0,-0.3951847609963157
-0.05334648184831137,0,0.5640903252240976
0.9899025209047772,1,3.762512069778834
-0.2927599170331514,0,0.3525210393382369
0.38538684819541746,1,3.1244241906212036
0.8964227009307348,1,3.743051697208947
-0.57359642175224,0,1.4607972085983796
-0.8646650409309053,0,-0.16922641651999426
0.458771450995733,1,2.926595057408109
0.19268665121034223,1,2.692500436245878
-0.7753634834683709,0,0.7543833446592129
-0.38131859173411153,0,0.8632486360527563
-0.6610470367606232,0,-0.07180368663275216
-0.41852940462505894,0,0.7023616985255229
-0.6563537457935444,0,0.5073691503998672
-0.29158540199912997,0,0.8510512942483773
0.12953645285384585,1,2.746790935101139
0.21498519934833316,1,3.844991258638421
-0.16654061782173346,0,0.7026675859476743
0.039117189692902565,1,2.913460613822484
-0.8999720239996734,0,0.43664920451039585
-0.022467169247620156,0,0.5669769598927672
-0.44298837587839546,0,0.8890917983905673
-0.091577515032919,0,0.17942714805963123
0.2442376913809401,1,3.7034314997747457
0.32263310037687365,1,3.064741012411191
0.7156724799899026,1,3.666798225560255
0.31421172725354474,1,3.2154022204455925
-0.47120925651473744,0,0.29893364643908904
-0.2212569963195512,0,1.1361810647661712
0.4727875383422162,1,3.3967855572202152
0.2870543255098843,1,3.7478504289999846
0.7552129301660928,1,3.9957504549035754
0.2174455508809663,1,4.00365031797161
0.909564164568643,1,3.78735868023475
-0.6345933297027295,0,0.3594699457040532
-0.8299824880323436,0,1.0164888247281108
-0.24068228160831917,0,0.8202843054110841
-0.7840219252673015,0,0.805105756006699
-0.9161206045171746,0,0.4234613561647401
-0.9294199076800764,0,-0.2096798802041132
-0.6802120530224736,0,-0.6041963467467496
0.29809144263514464,1,3.4950435360029424
-0.9766489299437382,0,-0.26539608773464585
0.8640643459381254,1,3.6620039545531418
-0.048716551830072286,0,1.4216471684527323
-0.3680216438266395,0,1.5319981247555043
-0.04761198523039467,0,-0.1581384194146256
-0.5519068404017973,0,-0.11758443877205371
0.8155649094253394,1,4.459346530454546
-0.9069286018245686,0,1.3234368841120154
-0.25230453335026604,0,0.4538260959744929
-0.44493677746572646,0,0.6258240600832173
-0.9215198284056605,0,0.5472444951533106
-0.3312805224162776,0,-0.2495598348549528
-0.01778919964157999,0,1.1509418009629424
-0.41781246833567764,0,1.101163860200442
0.7533302240777271,1,4.207887549383328
0.6887867695389482,1,3.628646480833444
-0.8491178339325776,0,1.0054657875971305
-0.18998892696938885,0,1.2667312217641953
0.969650120971802,1,3.623279908334741
-0.648825950311648,0,-0.20261614785717297
-0.6007179884503033,0,-0.021791004477086373
0.1728662297982202,1,3.3616221244706948
-0.9939152483587566,0,0.07418962743635574
0.016893089171624798,1,1.9528672790611237
-0.4898100848364355,0,0.5763061596458026
0.41753726075073394,1,2.9582642834977477
-0.32127827945975507,0,1.4711941248136498
0.4977339411526793,1,3.515751556682895
-0.5243295130167975,0,1.1637691996315338
0.3941239420486824,1,3.3227027431764986
-0.8586520784262106,0,0.8542713676253917
0.063761690132349,1,3.332668781262438
-0.7008732552541996,0,0.9080795369242431
-0.5550182418313505,0,-0.1450023351962345
0.16955581443805645,1,3.7515685088477273
0.5173862497226156,1,3.865230624239647
-0.757735198030236,0,0.6735504793146626
-0.0007249003500304774,0,0.7874946431262642
0.8672771125065644,1,3.078743116489206
0.09276163357061074,1,3.095450556940177
0.39509246689084754,1,3.260378115389618
0.9925463971948396,1,3.992963797697387
-0.6217227676832009,0,0.21938988954574434
-0.51163995838384,0,0.5623368918751134
-0.3373833124783734,0,1.554199805986491
0.8855665807502515,1,3.2917837490413584
-0.3057882925571429,0,0.8688466312848134
-0.43471646384733154,0,1.4978182222539826
0.6007131085346897,1,3.9975057165829364
-0.29984143515224315,0,0.19891192194833263
-0.33017338781045,0,0.017537016998835253
0.5332599253253454,1,3.2894556546238594
0.8177741489384047,1,3.06930345950986
-0.24560622737900228,0,1.1562578840961155
0.019903869156486564,1,2.2965384613121858
-0.04357985926383412,0,1.360024960284902
-0.20069441371898478,0,1.1315092299152116
-0.45976544423013377,0,1.4064534853339943
-0.7226816294958964,0,0.2713727386438878
0.2157973999282139,1,3.006425748269686
-0.7346731117761711,0,1.0427178703194306
0.6810775890695366,1,3.086648217020474
0.36553146483286403,1,3.459238892969609
-0.2285055802529543,0,0.9620493908412843
0.3880559832661503,1,3.7865514473519086
0.6946997299607542,1,3.0722277139116083
-0.5297324810441728,0,-0.09860616687194135
0.6485050464924482,1,2.8764499109621555
0.14718350380913203,1,2.955776291730315
-0.3833570239652917,0,0.6101115792368493
-0.4672640297388364,0,1.7683946085369189
0.7900301937046235,1,3.3959853436257568
-0.19833692094417632,0,1.2980501189108007
0.782764694472555,1,3.7147118921788715
-0.6663273547817505,0,0.4290125551279129
0.4383845055444826,1,3.378422920394083
0.5888126333144756,1,3.9301907154629747
-0.8265122291761267,0,0.16050082971839075
-0.13697637713344513,0,0.009211265184509987
-0.9091685889838697,0,1.396096621822587
-0.5779952824490422,0,0.5095390518560764
-0.3993421083317237,0,0.4986391826660388
0.054578852041647696,1,3.409564921662275
-0.4116286668282356,0,0.9745294593428564
-0.4702158634886222,0,0.7161997123904993
0.15288245314774396,1,3.045063645570178
0.28029828244322763,1,3.068011133293334
0.274703860875092,1,2.504019435165349
0.8207120295689141,1,4.27883043643049
0.05670591194488894,1,2.2696976864732363
-0.37423568500636506,0,0.808224340824616
-0.20731875649401243,0,0.910721368994407
-0.4396297069777124,0,0.3500806402809794
-0.6341493300020329,0,0.2618336644409605
0.30427082319328136,1,3.5603589092207883
-0.2629150870155723,0,0.7935594039382651
0.7472791848601681,1,4.4629209816877875
0.8824001578255809,1,4.054296958119727
-0.07216913270354519,0,1.0748526320377438
-0.04187723970636026,0,1.247390447838973
-0.7772207399890829,0,1.1621577206797817
0.47352481471070007,1,2.7119866308205527
0.73613629383083,1,3.0826293248673204
-0.3218277611911782,0,1.2536707009468389
-0.7055764702682437,0,0.1595479335700446
-0.7707035769057857,0,0.5399084882530012
-0.5955540800096566,0,0.4919048981321671
-0.21748485451368316,0,-0.8453244566589821
0.39046538249686846,1,2.5914039999813427
0.24866225563129762,1,2.671545779604542
-0.6171581627026312,0,0.31531070777325043
-0.4810183441762488,0,-0.2024038090020288
0.9634416571818667,1,3.9275092717653752
0.43828193571199203,1,4.012892490798389
0.5225580249776027,1,3.125471339587862
0.35424383383111624,1,2.3719930709279344
-0.7580215051385109,0,0.2987312566636111
0.08138390106627758,1,2.912271554825697
0.5159398500244421,1,3.8201704728645103
-0.5867055639019447,0,1.2921449820830073
0.7407430200294771,1,2.7222740154241705
-0.986189753375387,0,0.1951075389650212
0.652488182246999,1,3.584905611799836
0.815501464115783,1,3.754008306953666
-0.3727518562740675,0,0.5788847650493589
0.8768570902923072,1,3.827156344496867
0.9912168767868936,1,3.7127690786157572
-0.787931934215514,0,0.3779392393762982
-0.11674816504673391,0,0.30698103761760287
0.030877830192155065,1,3.296797520790998
0.7972669873395113,1,4.135799701942396
-0.9424862168617878,0,0.013860558870797013
-0.14565375539009984,0,0.8653893093931404
-0.178221097778946,0,-0.01297715700744484
0.9717339756487196,1,2.97755481151491
-0.7304177730951682,0,-0.017872281882248764
-0.005204629933079907,0,0.9276914701290483
-0.8597433473659808,0,-0.4694120693518906
-0.18858752888036956,0,0.20840315920623775
0.24007549153481245,1,3.8593745451358323
-0.8847011961731208,0,0.44937219866188916
0.8235947612619194,1,4.129022593104187
0.14546002303012529,1,3.1946596040771347
0.5095693108095725,1,3.6369995643670796
0.8133422126208127,1,3.9464724975558982
-0.9215603024326771,0,0.5662857288549091
0.4839006872363629,1,3.4561289960043906
0.3092607856379901,1,3.1899296725328665
-0.35501136643514997,0,0.2656806294653212
0.7937317290208399,1,4.605369963393975
-0.19048809209340578,0,0.5667500860059933
0.6168018714538421,1,2.6824490501619733
-0.758174954768454,0,0.4940057334085492
0.2913607585849243,1,2.452137328673433
0.3469466672759973,1,3.6282419375204595
0.6372348379348278,1,3.1086229788971975
0.8449861044173126,1,3.645318497955592
-0.25534441273658204,0,0.33625464428040136
0.5510428500706956,1,2.0117113838135254
-0.8813650647531179,0,0.8153370474913624
0.0715549556954791,1,2.9754749212937526
0.4617663238257783,1,3.670541871752938
-0.9533623339174442,0,1.394550800005982
0.4589194874128031,1,2.9402762515195615
-0.9708266002371646,0,0.09985729693731973
-0.32913554057948957,0,0.9679076781117082
0.2265686300805705,1,3.7909161038058032
-0.5100156189330514,0,0.8832399146519072
-0.20126260257897832,0,0.2655988083740676
0.8852420618993107,1,3.344425498406218
-0.5167939412652505,0,-0.029115378828154626
0.7826449939979088,1,3.9871673668437015
-0.9839356081936592,0,0.4756726584616627
-0.7193959509017414,0,1.0066789849231275
0.36428559889984724,1,3.1529554851546675
0.06714134025782137,1,2.6648303170102228
-0.6820974654931298,0,0.7936503505869863
0.40644936953370614,1,2.396293256109524
-0.8276653880517435,0,0.47463791035900266
-0.30024238425546934,0,0.46616593256589006
-0.634644249805119,0,0.8389942946591251
0.33101086572049176,1,3.2333323865829304
-0.1144897727319758,0,0.4206023965284981
0.6657429137333599,1,2.998450476861956
0.22341113880924302,1,2.963249224308145
-0.5469873121256097,0,0.7433010044105639
-0.4783008947838725,0,1.0405388240592106
0.7806362236104307,1,3.6254709662495967
0.9190266125785977,1,4.667403464332681
-0.5300559447853086,0,0.6993646857271424
-0.095413060783899,0,0.504702325193594
-0.8495718244144166,0,0.4775058707797619
0.39196260929882265,1,2.6866955378764166
-0.3584566143080703,0,1.2015102983561938
0.6936520523357508,1,3.9820885361880407
-0.625418949779756,0,0.06214951186305434
-0.6086266714270163,0,0.5118776070694172
-0.8846810770941982,0,-0.17734710749050298
0.7262835345511212,1,2.8596220351335266
-0.7468570736808524,0,-0.28621341428213687
0.548289165278065,1,3.3886756646209406
-0.2623431756160768,0,1.1722738621060225
0.06478643162700415,1,2.7844885509939017
-0.5119605669615028,0,0.8243367055077255
0.02039141745833395,1,2.9787232649525093
-0.004604477167604593,0,0.7524030711457055
0.27914187039195837,1,2.671404643984221
0.6561574000778225,1,3.3167855027846054
0.9960127757936428,1,3.821331272186402
-0.8709668018329983,0,-0.47451844893659045
-0.7082062655223511,0,0.2441587239618278
-0.060579807063257496,0,0.8007153784719045
-0.3742662817460223,0,0.9062704739852729
0.12877586287874654,1,2.3200342815433728
0.8108035533545874,1,3.4050621529639598
-0.8981813353608354,0,0.4546462832118251
0.48180461723234447,1,4.527051871737039
0.8245905254129862,1,3.38741525452149
0.55790679758039,1,3.366363590833752
0.91386023852508,1,3.16922297246002
-0.6281064314766862,0,1.1111334446354002
0.6205774396286392,1,4.388987290760401
0.04556871953266994,1,2.4969681791711436
0.1079251792135465,1,3.5330072197806786
0.3889098610001107,1,2.9670273565522693
0.5647142431094778,1,3.852857472537802
0.138161195132807,1,3.4088950346553575
0.8205195617857237,1,3.096933649667635
-0.31226746918632275,0,0.7986440236611642
-0.5602743116023383,0,0.7198157791515636
0.6062069185061498,1,3.493385393250959
-0.7666684466641767,0,0.6689191931256238
-0.3253975570646126,0,0.8892725528471683
-0.6912390492927831,0,-0.8094341121055088
0.23497974655214815,1,2.4707816302710217
0.02566964744501532,1,1.6508963340028022
0.94192009432157,1,4.4831074481701565
-0.8147204860239026,0,0.27306487987484956
-0.8271587865202381,0,0.6668411643381943
0.5451391471073537,1,3.4370590532748135
0.7727807082951361,1,3.8745089060491402
0.19467654413162605,1,2.624736300034719
0.7290669915474601,1,4.055538464029317
-0.9846464992852384,0,0.847279980675848
0.829705345329462,1,3.588753899676073
-0.13440146697631716,0,0.8260293799115773
0.8986041816213128,1,3.704839722534738
0.3914007381318365,1,3.8243715535633003
0.7818049215292733,1,3.7265979085650622
0.9162567484248152,1,2.529988480527927
-0.5055196345620896,0,0.22781429672053904
-0.5260961943444462,0,1.0539596900148918
-0.9740076853782949,0,0.49146586279019233
0.8473883409890945,1,4.0303825189420275
0.8085423844118145,1,3.8365270826214912
-0.08854545978658601,0,0.3143391011153931
-0.7159862986640149,0,0.08397952850279278
-0.6252963494649886,0,0.6277979213818858
0.47368180361129997,1,4.089778360288424
0.03821272062295966,1,3.8427505300182134
-0.9063286059207818,0,-0.283038699698271
0.9008858050955857,1,2.8951819068029625
-0.6392089063271493,0,0.05298601680896864
0.9671743958741446,1,3.6843911230854856
0.4763223112830688,1,3.8261168659639178
0.20220697064349968,1,2.366289491109375
0.37380929905654203,1,3.204970978052814
0.20230884927880188,1,2.449241655827729
0.5968384878162731,1,3.706677240973776
-0.6419658892750331,0,-0.40403694007412017
-0.9450052186571589,0,-0.06672986943478793
-0.7519364833778692,0,0.36502052053607253
-0.5350568921934336,0,1.3129849654038181
-0.906960405990314,0,0.4598675092345961
0.33700641772428597,1,3.9635631884188314
-0.803724687655671,0,-0.5466796227468874
0.10101447876952752,1,3.427071747582167
-0.6301548213847863,0,0.7722148528154926
0.8849799706445733,1,4.247284560531924
0.4787600418834539,1,4.697546238673748
0.1925400577208094,1,2.765947305939541
-0.4707694506746638,0,0.976676177233238
0.6076146625472547,1,3.752557487040683
0.06578157244335547,1,3.933783834728404
-0.6260617587179704,0,0.7597789192790728
-0.8880883270846767,0,0.8195925169467589
-0.7102938066260647,0,0.4226630578148395
-0.21002494042972497,0,0.27820919307112146
-0.15016295293079795,0,1.0052187323445758
-0.2437942742851673,0,1.779164289550049
0.886218579299292,1,3.744426903648043
-0.8398533933487282,0,0.08161830780861562
-0.5379764680838102,0,-0.15307610510933323
-0.41097467663652476,0,0.5580123183813631
0.27234228176468434,1,2.350688837519577
0.17443089940776169,1,2.7350673930070473
0.3637209210468342,1,2.9580170280578706
-0.06155467711803975,0,0.6791003729157282
0.8716610798997388,1,3.0042237284604605
-0.9402719734357075,0,0.6285147979872681
-0.536179192137114,0,0.837013598960981
0.8358751684160117,1,3.6812993214490883
-0.45040514289256595,0,0.3548134527364604
-0.7119429156784267,0,0.5412169119440818
-0.5938296447818219,0,0.6060631986908325
-0.05282982199072528,0,0.939028182300802
0.9459872902550481,1,3.4429625023082817
0.7574683684136143,1,3.263113192498121
-0.4604261189420771,0,1.6567236415671915
0.5403610696369174,1,3.164041023088613
-0.8267624419034065,0,-0.16994425489451515
0.1439189263205809,1,3.6323519136840123
0.6591554311770833,1,3.2074685498245827
-0.6143159180741615,0,-0.3521259594807954
0.006702479083684931,1,3.932119873264745
-0.5518727191020545,0,1.5839668837272165
-0.3106295299017061,0,0.5797255496755018
0.6510861612050909,1,3.0197227888904967
-0.26296182738588025,0,0.8042633977432146
-0.2831421255069433,0,0.6254526297947908
-0.992963548635337,0,1.0112829807926755
0.49683346278950324,1,2.720909546454135
0.7222991922097621,1,3.217386948153135
-0.3355475302998685,0,1.6704301255652974
-0.7534569236313993,0,0.005871279137765473
0.0963590533347396,1,3.236417277726522
0.6245000239250349,1,3.5588954936308688
-0.6601460194507744,0,0.4370417608390633
-0.5809507855241056,0,-0.026820394962252858
-0.048210607089135715,0,0.18717821744239005
0.7019456000347746,1,4.015272147275197
0.7808499198468999,1,3.2257736136173008
0.11461964649088441,1,2.44080178956023
-0.8814650599067295,0,-0.18335611510139077
-0.6163937285943715,0,0.21299115894076537
0.7538174199444287,1,3.6798571119191776
0.945954882167628,1,4.042887323084136
-0.10790308525145331,0,1.6997306057964616
0.8204485007777562,1,2.5785831197544327
-0.5425239829638018,0,1.018046053242323
0.5902129931195155,1,3.2964448538366335
0.7196660907254522,1,3.288072437025788
0.09263392749580746,1,3.1378708567388336
-0.8929193613314732,0,0.07924359348085419
0.7576122437777055,1,3.1563102900140865
-0.5605343860328487,0,0.35367449273479545
-0.1647563756571877,0,0.42401990849731286
0.08001472827394895,1,3.3986373146735067
0.30298207102447017,1,4.245387916290182
0.7522367857616741,1,3.5391861613521387
0.8095367492559626,1,3.4066599239412865
-0.3714236151185608,0,0.4673113848793201
-0.5186769473149799,0,0.90668309089174
0.433854001720426,1,3.002872727327462
0.04005063994031821,1,3.02242778179191
0.8910998113077557,1,3.9132345590575124
-0.44335042985658424,0,0.7245381123852441
-0.34732550096776293,0,0.5717742488466815
0.7409520697590344,1,4.118846131842177
-0.17200766913594312,0,0.8523634261605227
0.16972128603036007,1,3.045965076563983
-0.09374387384642802,0,0.94878895029543
-0.3812694796724867,0,1.4713076105682696
-0.7251503589026416,0,0.0004156209732611438
-0.7593647655688849,0,-0.17213960934092976
0.7199844730389244,1,3.3226341275013285
0.15941806755545196,1,3.7300400826565134
-0.9209568956450023,0,0.3160886586475142
0.06375727195397629,1,3.026330380103167
0.5574169637720254,1,3.79913022678289
-0.48988901675766017,0,0.6888786989858898
-0.7775626397662789,0,0.3495511375087498
-0.39900212805016255,0,1.3854351016967814
-0.9019364932574565,0,0.32117142791978465
0.643553198659526,1,3.475157592569313
-0.8411630797946288,0,0.5798615250176464
0.9725007882561856,1,4.220124944881201
-0.012868429835697137,0,0.9468169168358843
0.5635696213266486,1,3.067445277684943
0.6704118660479903,1,3.5872576208190936
0.3370821435795477,1,2.836888958663221
0.4662113304455153,1,3.2364005511004765
-0.982759841670674,0,0.031039552094699913
-0.8784317617838362,0,0.8764503971486824
-0.03636321072671489,0,0.6130794506197035
-0.6220576130238351,0,0.3836627814662541
0.9058700050748074,1,4.263558074770014
-0.13709000068683963,0,1.4516664649979858
0.7403020311504047,1,3.391948981774511
0.7535126109131545,1,2.902151269282048
-0.6732865303731452,0,0.4965139182567143
0.0885268779139965,1,2.501231887660227
0.3499545959643995,1,3.2538270307968764
-0.3558188702473968,0,1.2159625487615007
-0.3117246475818296,0,0.5935537602899158
-0.5857888330503787,0,0.2562779174868356
0.6254860509635338,1,3.5627674757887657
-0.9775460585434437,0,0.24061483032886058
-0.11498716290468525,0,1.0520196160055917
0.6705477526983867,1,4.009546536389664
0.9698369357621961,1,3.176894100605039
0.26155563774258317,1,2.646589596616542
-0.9926489762364596,0,-0.06967916275200131
0.19344433311922127,1,3.9448039826814663
0.5824362729279544,1,2.908039004688254
0.38276677165733997,1,3.5734317013045507
0.13661905277559705,1,2.5711168691295847
0.8704258457152185,1,4.225970554503009
0.05893600916760189,1,3.757539648810544
0.7433969819606072,1,3.424824622022476
-0.47366426647680027,0,0.9507413247460927
-0.23246893809745783,0,1.4803137865254048
-0.5022153390211099,0,1.6287704317148468
-0.7583703796290597,0,0.4448668871365522
-0.4377561850549265,0,0.27733666491405695
0.9440788805402194,1,2.890022277391324
0.882204764198125,1,3.073498782734925
0.5072295682140284,1,3.229830317033217
0.8803788440459841,1,3.7568423315001693
0.5360904541384031,1,2.858991701647717
0.9399754726394276,1,4.556384380940212
-0.6147873130963832,0,0.35692049929812064
0.7852168810446745,1,3.001853507942074
-0.4022196804469107,0,0.4669636365236545
0.5947899199632343,1,3.6040794043851125
0.15157140621183096,1,2.982421325045051
-0.5481141291486842,0,-0.01460724848820838
0.18072456838667295,1,3.3531122604525603
0.6637324139604142,1,3.0235508174169685
0.42083822230713963,1,3.1071443023086953
0.46016352162910223,1,2.9035471012925282
-0.2062955840987326,0,1.3089731665395141
0.5227481526827902,1,1.984340592959881
0.16008546849669458,1,3.487409974043988
0.6769177340402901,1,4.1294501579645555
-0.20942617634323546,0,0.9385597389087593
-0.7302595912960959,0,-0.014526762759696
0.4780644970189838,1,3.2406779287546805
0.3417819045711208,1,4.265872077293842
0.25348051737299526,1,2.8233270542829856
-0.3913954217869593,0,1.2547025920114858
0.7430273581655282,1,3.7372867944163453
-0.0698358804037098,0,0.9446588989329423
-0.6070808169528985,0,0.530592464731138
-0.8254101481982459,0,-0.28665656044261856
-0.013391734943141387,0,0.144868672197765
0.6608123921855729,1,4.368635948933187
-0.02000642704838662,0,0.9971036991111399
0.7486221564899185,1,4.089411135778423
-0.34077635683796115,0,0.6880825312557836
0.40617149104552186,1,2.783884132686404
-0.10701622709861902,0,1.3244035685467963
-0.006701200718107758,0,2.3164176502434857
-0.8706037280233787,0,0.02896021119601877
-0.05953331851329402,0,0.8358928079659667
0.6623546410444043,1,3.254072768332134
-0.3527257599904774,0,0.8614561857713959
0.016796969932765693,1,3.0150744787787476
-0.8894433316395665,0,-0.11783817092857701
0.7952100237631807,1,3.255510362952088
-0.5367864654674688,0,0.7901106345899586
-0.569477250678456,0,-0.2353067175749144
0.21320889644429974,1,2.682477647844174
0.2717734354829717,1,3.0480296288202418
-0.7628750129538637,0,0.6942162382444927
-0.10950490752082875,0,0.7461020158820236
0.7068971254626915,1,3.6649435556648986
-0.3329806766107415,0,0.8804073408085878
0.7063460579482588,1,3.66160134459105
0.45606579910796774,1,2.9968304064386913
-0.6259307080394774,0,0.20546678316393385
-0.3339344634796675,0,-0.030647003932978034
0.5420150189001927,1,3.9336577387059344
0.20796813659619584,1,2.990399009030403
-0.6847693757499955,0,0.10242209745487363
0.2032940209665195,1,3.516358355740916
-0.6393868991134515,0,0.24134008557736622
0.2578193708869163,1,2.7191389154824703
-0.9653365508690264,0,0.04346710941755211
0.5609116293881065,1,2.8511364014337595
-0.9112434431596077,0,-0.28850134615375933
0.44741847722565864,1,3.557301376723612
-0.6974796778731491,0,0.8071476854157029
0.0838222597917051,1,3.342172966784002
-0.46368834513764146,0,0.08100794158053082
-0.14480067297462695,0,1.184733246892793
0.56716004435723,1,3.772239222156255
-0.07919470867570633,0,1.1672017091398121
-0.36907861441745915,0,1.1405948100542072
0.2755941967815454,1,3.1644623518979245
0.5200557352790856,1,3.660629145695222
-0.7724093163368597,0,0.7024045800225729
0.6604111073389554,1,3.933159726122569
0.6506206586744021,1,3.8846477567914772
-0.9714275319682024,0,-0.6186312930824669
-0.08937024603670962,0,1.0861376698800802
0.9842600577754121,1,3.761889531088878
0.42661344874908247,1,3.504975887758838
-0.4265863599972155,0,0.6552895612354408
0.7425259000795184,1,3.8904580673802505
0.8311848707754184,1,4.365809228287413
-0.9042944281745227,0,-0.4015691402198247
0.9138843107386145,1,3.4109871592103937
0.8242316189998367,1,4.07799615877679
-0.16997049561405952,0,0.7823138372664651
-0.15441664056988413,0,0.6204019556249933
-0.16123670570635906,0,0.725513919905409
-0.715545284178442,0,-0.01275963877478814
-0.6613416233152305,0,1.9226875684806377
-0.18432323098859693,0,1.8057731299324802
-0.17183961643925372,0,1.3731387436054199
0.1599413102998335,1,3.281458578704699
0.538914234475312,1,3.7642137529052757
0.7671704596571907,1,3.662046986200957
0.23897924108300428,1,4.042299807656099
0.47614593190119514,1,3.3919600968192483
-0.6795213523762678,0,0.28035726001834504
-0.8574688360346367,0,0.7221280106678678
0.4080320393193315,1,2.4510779792880086
-0.07137065780371965,0,1.1043718255372938
0.1795720490950854,1,3.0265421239323302
-0.8309727014992379,0,0.1931288851629846
-0.2222148445216081,0,0.7157663928754203
-0.1339758859804494,0,0.013801985967426211
0.5334666670263473,1,2.869081422687104
0.7286142849012345,1,3.3733421198268885
0.04186286335155942,1,2.934361400962388
0.7073590760902986,1,3.7536732810522047
-0.24884422179920818,0,0.730299305525022
0.15631604646090147,1,3.22310487976501
0.05667698371899088,1,3.298309624634486
0.00443176520403088,1,4.0066175481454245
-0.681176669963109,0,0.6541924612134769
0.8046742320215758,1,4.196306399637435
-0.694464697876757,0,1.0501013501708911
0.9261854828670377,1,3.5394008254341016
0.3045402216215849,1,2.949318096487694
-0.644395165991472,0,0.924224401621244
0.9865444017556249,1,3.5218177059431093
-0.09752578681695523,0,0.6087041399203066
-0.5834383932805272,0,0.36797023926487304
-0.12718434978972315,0,1.3301113252998091
-0.6295535234644911,0,0.2412673581502709
0.346474836423007,1,2.552569787754244
0.8114149358627947,1,3.715743092274832
0.0149962555751193,1,4.082738582881341
-0.9028945982039782,0,-0.14119857585484835
0.650766552884934,1,4.034751377873952
0.8312065599534635,1,3.9060428701475627
-0.6838557129505052,0,-0.3911803145524425
0.9795388893789891,1,3.5740780210288134
0.2585257552609306,1,2.4416499607352513
0.37254066601603264,1,3.314484161103737
-0.7911715356667064,0,-0.6161655021153251
-0.7430553033084537,0,0.03064067693353728
-0.16132215130912764,0,0.7986017407462354
0.5276173215930888,1,2.9401446303826666
-0.13411242102688892,0,0.28586171894395407
0.8675697834744667,1,3.486781802756568
-0.9797388673547933,0,0.23343564796083793
0.8786170780199816,1,4.085591358919019
-0.9029699659587667,0,0.548958896016447
-0.653583225252707,0,1.2984117877433232
0.5806345969096691,1,3.6125484753337433
-0.18950945613742354,0,0.6294623418643609
0.6367016265128798,1,3.3464703405362863
0.3004245046707481,1,3.18808251786653
-0.43440261051862783,0,0.8651870348335376
0.9917060059786558,1,4.161054903027371
0.11028549425338441,1,2.958039942109181
0.6392974510689635,1,3.5085769446534005
-0.7154953669091078,0,0.9856409281405979
0.04430743397525316,1,2.4424735718484776
0.21038449906836898,1,3.6862745838896473
-0.03566505213519111,0,0.5435100663651464
0.7153158102921215,1,2.8856705812663
-0.6801866402806633,0,0.9840866537528977
0.9773427499502576,1,3.282045860754303
-0.7895586939193149,0,0.5133555382755404
-0.04658571075827678,0,0.9817009277508368
-0.4330351425885408,0,1.0982748606305168
0.8660283550933547,1,4.1883138599499485
-0.8577504050445439,0,1.230554641922935
-0.00995472371753281,0,0.8318094663563865
-0.92586521999773,0,0.25905398788528017
-0.60799989831985,0,0.7940385392627147
0.43414120218436225,1,2.90359387654132
0.7098002359735263,1,3.5183426884618028
-0.4362618102767022,0,1.01641729726826
-0.6043957190192943,0,-0.11746287127811328
0.4416108102740537,1,4.674231907252598
0.8369928288977428,1,4.21008030650534
0.8831718113062599,1,4.787735335715183
0.7741058052449876,1,3.25366556878149
-0.0659245947511502,0,0.6739236662839669
-0.4544349256434024,0,1.0766409581823584
0.8351727439735053,1,2.96349055688535
0.36166630495724794,1,2.8750835183811323
-0.24009117394780088,0,1.332133553675972
0.6567766744991064,1,3.221966275114931
0.5731085895245422,1,3.4945778324041044
-0.5441476398981235,0,-0.21045820466735443
0.18236978323722108,1,3.8821042693525047
-0.29741707498989145,0,0.26594603267806416
-0.1678897501684382,0,-0.1267061100307344
0.8643010968075113,1,4.255291285380791
0.6687864024659158,1,4.50466161002576
-0.5223246571977089,0,0.6280078058747647
-0.1840567250139884,0,0.8376914226142362
-0.9076881933744998,0,0.047088751927635675
0.6944795004314572,1,3.5084589626531217
0.9884073272109632,1,4.114364680117914
0.7625638783068034,1,3.537124133279508
-0.7964472814200516,0,0.23247872509313883
0.5164497452184036,1,3.4002045637680576
0.03152260356028669,1,3.0595313989263615
-0.22043738413531244,0,1.300292297597998
0.9137713976914452,1,3.924982699054483
0.19347427193682654,1,2.7014528905732886
0.9246526656558669,1,3.635554799113642
0.6807711227873086,1,3.7560819075470766
-0.24394423853875824,0,-0.5497651756665689
-0.4152065227435848,0,0.7971210092085375
0.41788630072524646,1,3.2619835036234868
-0.8827903636680949,0,-0.013864892432112641
0.2492290382839013,1,2.9863198145420533
-0.7672554731812693,0,0.8863003282673648
0.8315942809199983,1,3.4427853771205825
0.4403307142328554,1,3.218458011459253
-0.8100534876596102,0,1.1525476371098793
-0.9539234658668321,0,1.2274780714224638
-0.5063309249609591,0,0.30667878090244566
0.20305363901859153,1,3.2227304282982536
-0.5895940660786345,0,1.6968560029209487
-0.007407356709982382,0,1.8175869174057713
-0.26392462218131585,0,0.7226386088497537
0.11827494807133876,1,3.8043258390891364
0.6014475563915653,1,3.624116608837519
-0.6097284406349395,0,0.7176830026561752
-0.44511649084699245,0,1.5820465714798115
-0.8325479355874621,0,-0.030492193536771406
0.697694269889547,1,2.8936343724706655
0.7941272451660344,1,3.5404822457853573
-0.329937508272262,0,1.2211271854231005
-0.4422123653738841,0,0.07209747141569978
-0.23246637844395446,0,0.6224085854597255
0.3857233235943387,1,3.9270025863872027
0.13715447197488317,1,2.8609341112688322
-0.8614082513551509,0,-0.1726174407397908
0.7514774484032261,1,2.583011100420147
-0.21656293891684153,0,1.3649480270754313
-0.9409990532322761,0,-0.4377465609658421
-0.48649445623113463,0,0.18088087220469362
0.38169155653936837,1,3.3816996588774133
-0.7235178987618047,0,-0.1247402498749971
0.08237447360008554,1,3.166721810522824
0.9408819428546256,1,3.8120949749240793
-0.048776461886259614,0,1.1032817695405852
-0.20472049105235257,0,0.25932350928501524
0.20622185509631574,1,2.8427444561602964
0.024317969671659334,1,3.460105258424261
-0.6655432764793845,0,0.21473260650718373
0.23648893616317523,1,2.609971099332383
0.1577771873764664,1,3.1573037524163277
0.5406930314836969,1,3.2918127861405795
0.5291893175662385,1,2.9619680890530367
0.7923586184801357,1,3.3291307432594692
0.46050164332915156,1,3.8023546839409903
-0.6104591354335094,0,0.6384587257506341
0.37993765793068546,1,2.777194160928089
0.9439905850270047,1,3.3305807120144264
0.3869149404052721,1,3.0159872236570124
-0.5079285527097082,0,0.8055663500764331
-0.6261235340898907,0,0.8296685573844004
0.5653030191078277,1,3.001263251122154
0.9807515921409327,1,4.734680065331892
0.6426103814100601,1,2.3486110859194724
-0.17839677704358792,0,0.3852122531873201
-0.5482335101127307,0,-0.4391476154546813
0.11083978479436829,1,2.979499077692342
-0.5612150854734435,0,0.3458748347942644
0.7917202025255661,1,3.7567139500866107
0.4871339734163629,1,2.8926598142507913
-0.2503883650123473,0,0.7766356960490061
0.6031962756682254,1,2.9450248996383923
0.16867558148107276,1,3.6403514763643994
-0.9217805563010808,0,0.12015596148561003
0.7276449102817955,1,4.070956846548293
-0.19884140402446193,0,1.637421444586041
-0.7112532147589872,0,0.4056768386792144
-0.6451409217961099,0,0.6435920737274611
0.6464212200846695,1,2.622022247791085
0.7603382519921911,1,3.4426676953570565
-0.5478970346096037,0,0.6833799370861293
-0.02846169487767458,0,0.5093496797356493
-0.10413647019147687,0,1.4198563185593254
-0.4884630878945384,0,0.47008416539824066
-0.658561489897248,0,0.05675331878891399
-0.21474146972088004,0,1.4305017217151037
0.620610449761815,1,3.127609816508363
0.6176370047687014,1,3.692947325748328
0.793093056944538,1,3.93288628587205
0.8015205208642264,1,3.571769920658846
0.5297159858131435,1,3.660164457593846
-0.37262286001486933,0,0.003938431200217862
-0.7621677714444219,0,0.2119307956680564
0.29146387407135466,1,3.4218394060246826
0.09299526578598205,1,3.3433667031934835
-0.2706220950416822,0,0.1404203340428477
0.46671899059116906,1,2.768269387702215
0.07422497292307018,1,3.790299931880547
-0.8994065491475707,0,0.46907154517105715
0.4298243397835839,1,2.904478732389162
-0.4628001986931154,0,0.2763957840030276
-0.7155714028914602,0,1.178189871308783
-0.5950024853190221,0,0.48845868587335
0.9425797802023346,1,4.320845879618416
-0.6665343048369357,0,-0.06262336736069363
0.1489918211853416,1,4.195392218191562
0.7628151205930542,1,4.928911351688438
-0.3721854995451277,0,0.6774776615992121
-0.7213699113651599,0,0.7505530860255352
-0.25160823757702744,0,0.8836219648710768
-0.6977977347845536,0,0.6126557009199363
0.7314985082257963,1,3.4718053602651286
0.6201959990134189,1,3.9552863324741616
-0.5819946874775836,0,0.4087558076300013
-0.8924551829048155,0,0.449072637507238
-0.9148070330854241,0,0.5529557974762666
0.31692021715984287,1,4.073520156147227
0.8750301040347563,1,3.8459138170546705
-0.0499280126080357,0,-0.23003139139642204
-0.7029595802135533,0,-0.02767387292091078
0.6185028806709096,1,4.123844864207506
-0.49439713172420463,0,0.3419021335946471
0.7903470500000909,1,3.537671104285782
-0.8192800468036765,0,0.24085966713284013
-0.9902599321830494,0,0.10409959736179415
-0.6112389480714859,0,0.22518529498801798
0.8681297897424256,1,4.79798177444917
0.7850383033622361,1,3.4903829503930313
-0.8348826247582333,0,0.4403838225977281
-0.9626901281563482,0,-0.1274473269668478
-0.7266131695768538,0,0.5998485942850483
0.5478948110631501,1,3.0222879846316264
0.340191706470683,1,3.7082214082170504
-0.196811041981245,0,0.7980624680099236
-0.10631229278319632,0,1.1647666096357914
-0.7491332227509602,0,0.39110011608083156
-0.06811294788268718,0,0.9353847012245522
-0.39626370270784994,0,1.268128632163105
-0.10137911771848085,0,0.16635108045489266
-0.9161849284457748,0,0.06587949600678777
-0.8285744202162679,0,1.3477631730168484
0.6492133830119362,1,3.6661427428999382
-0.40414446182157593,0,0.10597251380068229
0.6510904989407271,1,3.1941107014784023
-0.49428090864787366,0,0.7320381824679612
0.8378782319193889,1,3.581848062650978
-0.2544515194909083,0,1.2396325140272137
0.010562347413867412,1,2.626606636071247
-0.33033800338274255,0,1.193087871966401
0.9552401519753666,1,3.549761722864214
0.947751464501976,1,3.090871957964777
-0.8733034245830034,0,-0.2986442498455625
-0.5994692243087598,0,0.8678232965021015
-0.8049511166024654,0,1.2274768105423788
-0.5871397150429565,0,0.25130671494897283
-0.003645635374931233,0,1.1131724095712414
0.3433584705788624,1,3.7858548702861663
0.3149209565375326,1,2.9996140092171903
-0.9343164883847856,0,0.02380602014955077
-0.9049290284263833,0,0.6549683213982083
-0.11779670866774405,0,1.1937325840229105
-0.18858911709286574,0,1.2746410097985759
0.8574664254174342,1,3.7770428524420776
-0.5221441883220941,0,0.7655190573482077
0.8410443822653901,1,3.657261035505332
-0.7496298483260821,0,0.1291285955489534
0.3004503685440638,1,3.170823447797771
0.13238212273119587,1,3.1350519173797577
0.8538679821215664,1,3.8691343298819976
0.7950865150840563,1,3.6190849082117085
-0.6157383368362042,0,0.36348726059613873
0.6536371246589856,1,3.391506135715726
-0.700015435753019,0,1.1925544499327492
-0.052524471039528065,0,0.5641992842606136
-0.9593028573641462,0,0.6709957157168656
-0.44073984107948694,0,1.3553023152184476
-0.7239438509207483,0,0.5706107603494427
0.577543499745673,1,3.631238256137925
0.3600942593980567,1,3.400529826607576
-0.03484185986152433,0,1.184292240412349
-0.8177692873012301,0,0.8939846420275998
0.7870976898857751,1,3.000117284024133
0.018767180902837133,1,3.3754641839496973
0.050569770412285164,1,2.874979277416858
-0.19608109888935132,0,0.32200544681162946
0.5549871558217263,1,3.686371707825036
0.06235541562155644,1,3.0255910911415036
0.1766974593230619,1,4.1056741096130365
0.3762993936894463,1,3.3983618210884994
-0.18264402785662393,0,0.9632825305153099
-0.3630932876748352,0,0.8411000937951266
-0.2798590352561312,0,1.0299491684950242
-0.1608215316886228,0,0.5524385641709504
-0.6062132545486418,0,-0.19335691473548244
-0.46930151843295276,0,0.6529356676461959
0.3421208488785068,1,3.050958114887109
0.8568676112023264,1,3.1428259493918675
0.5592985605323657,1,3.9817300260457924
-0.3217230315412454,0,0.7158282969689974
0.3886710649438905,1,2.9195724584479974
0.6978233792325177,1,3.438016120779988
0.28303059996487057,1,3.6599939258839584
-0.6010251796911479,0,0.057848250003258606
0.11419733577629665,1,3.1227337111110627
0.9587412639495099,1,4.459768951279159
-0.3007565910475243,0,2.388868221075173
-0.648675456002503,0,-0.21444367128169495
0.9273763724678947,1,3.763748399743829
-0.1713582607060382,0,0.7679164603777582
-0.8166763135311015,0,0.4981422346791618
-0.09524298488318172,0,1.1060067917196326
-0.28607360902807555,0,1.795286091025822
-0.6860824542337991,0,-0.17996027373693535
0.46997390708224374,1,3.7756380426600344
-0.056134426174212715,0,0.6942220545663407
-0.029743471037574354,0,0.6130081460542063
-0.006401369171096238,0,1.5832116884249006
-0.3968683839014715,0,0.4458106982547744
-0.9270595680964926,0,1.1630832224787744
-0.4761432590632544,0,1.2766341173242983
-0.8779099009552573,0,-0.6019045947629044
-0.6748487727498735,0,0.7895370909379416
-0.5877517020072136,0,0.779762265909931
0.06778355237307143,1,2.781379490231944
0.6367400742559695,1,4.050754770477366
-0.40645365939133415,0,0.49778893502374644
0.45438639929035296,1,1.6855765338901272
0.6694148054922919,1,4.043181888363975
0.0066418246435304695,1,3.5663006128070487
0.528121163622671,1,3.9418728582653983
-0.38943009038301724,0,0.8867511097026191
0.44422852966441684,1,2.4013430521243366
-0.9959033566658004,0,0.10934583306845491
0.01247009203884808,1,2.511490966292949
-0.5789734634825121,0,0.7753742908154426
0.34335616857039053,1,2.9417322686822294
0.32986668510314354,1,3.643994259865212
-0.7173669471058677,0,0.18572892586673817
0.41031159200644574,1,2.6183401229666594
-0.9892486165088346,0,0.05119814181572857
-0.9912745054780638,0,0.5887913547043542
-0.0705009896777753,0,-0.09651845847600682
0.789801128486562,1,3.6122335579340787
0.45532176313242934,1,3.3592458797034452
-0.17578310664573915,0,0.003432856894516334
0.5669214668548888,1,3.1223444737532873
0.4795408940030077,1,2.658425444482905
0.35154770351565734,1,2.4765066024473863
-0.3138453784317705,0,0.4017853718510095
-0.7135349812334748,0,0.028976342201972982
-0.9176603083290793,0,-0.2614266121314951
-0.17029669019655103,0,1.072098510272662
-0.7701658184298428,0,0.5039397140822282
0.9571949713106815,1,2.8949608428029965
0.7026288029075718,1,3.5535186561493157
-0.6669918038392957,0,0.6322247032812935
-0.24762555274870834,0,0.33187280760347504
0.6615750150448532,1,2.7330730738810036
-0.9068438181068339,0,0.08272999092651398
0.9735966079469227,1,3.996385306448161
-0.5988695377620716,0,0.43444648218195814
0.08508738918276615,1,2.8589254787787137
-0.0026150178636585864,0,0.64484501514193
-0.7154519535420858,0,0.28815196774131757
-0.42786794361271374,0,0.8397090799104804
0.8595199036317422,1,4.434538476489887
-0.555212567416884,0,-0.10778959834266
-0.5218877702073854,0,0.5780238519067029
-0.15649562020396113,0,-0.08212547399737713
-0.526439439370517,0,-0.17405200086074224
0.7146917075993722,1,4.140473865378388
-0.7863347661749005,0,0.2311965542479449
0.7834439989930351,1,3.9991848753636927
-0.46486064170567887,0,0.7714444469629418
-0.21094795365073926,0,0.2041004473374749
-0.13305737704704113,0,1.259999983743525
-0.13102107590886347,0,1.2619269428869586
-0.7600045700284019,0,-0.18036490159470708
-0.9081762507867965,0,1.0591530176354889
-0.2502942266539101,0,1.8067100020635585
0.6449580594910957,1,3.1448902015307008
0.5622741896021028,1,2.831468702356391
-0.13670386543979052,0,0.3741913800050538
-0.6201773174663285,0,0.3077161535772169
0.680377855694078,1,3.4225517216740196
-0.3046251509583484,0,0.6314467482407199
-0.6871145794995976,0,0.09486825003350824
0.37437206240459253,1,4.050187815519422
0.3298166932047264,1,3.1731813015277632
-0.05728030489006164,0,0.8585910960840482
0.13887402208555155,1,4.458989166216039
-0.9058507921791379,0,1.0340829406848528
0.28861651529730437,1,3.8961074640178963
-0.2981309030388899,0,0.3755828486892881
-0.6869468895899136,0,0.8637598641065231
-0.26865136815395396,0,1.4033916639653574
0.95293023245659,1,3.1347084994915173
0.07608900993370882,1,2.6766335414318263
-0.712545861937951,0,-0.452948450960138
-0.29210889422876285,0,0.09631262010811481
-0.24872829016524367,0,0.9089745694816351
0.7141021467591548,1,3.5480946546531076
-0.5671271744250359,0,0.6024950919688254
0.9348498702159114,1,2.8050833956574337
0.29118413873323634,1,3.2834612049629985
0.9216640360278685,1,3.7181846764040745
0.4474511348120891,1,3.294086617920243
-0.4397935114368454,0,0.41483481627086005
0.8677250170613784,1,2.7033393810363084
-0.648191154093926,0,0.38295286925207256
0.42820744158560897,1,4.456534478864916
-0.1172574290302717,0,1.3001559610117925
0.5256999190932692,1,3.3088275452960203
0.3396643984393015,1,3.3431674017169835
-0.43017261355723213,0,0.9896537310057126
-0.7127987558214943,0,0.785899823391151
-0.12585583885536922,0,1.5109072185804089
0.3736733277730302,1,3.1801805688634293
0.7282634908107173,1,3.212836221055567
0.33932863902405064,1,2.9050991976016673
0.9922869383798587,1,4.954517231551755
-0.49370224654648376,0,1.1737892454624752
0.6749598395435885,1,3.2053104957024425
-0.8436041858024064,0,-0.8062907884563356
-0.19797505197775012,0,1.188306749610699
-0.6051064758011058,0,1.1657595755890016
0.42860184282714875,1,2.9639015393550503
0.5672279917840368,1,3.37497791073304
0.4222168920196827,1,3.1629285414833657
-0.018860021387808068,0,0.7605833401126545
0.9924469952843296,1,3.51429960225656
-0.17816742842154376,0,1.6551364695321897
-0.9453000513676393,0,0.7092388435185316
0.36491611486776687,1,3.2737206987495338
-0.4888863894714732,0,0.9216324283998562
0.712475482861388,1,3.698069526561457
0.4331616498290649,1,2.945258547356331
0.5144258656795164,1,3.9995646807040393
-0.5060229942248204,0,-0.20909666552783734
0.26869265655287955,1,3.29658338935257
-0.28160189618679987,0,1.7692503362559655
-0.4358263933316202,0,0.8488559710456479
-0.33495834043165096,0,-0.0664221057235248
-0.6843258906303467,0,-0.3373701698905709
-0.7107701987756896,0,1.1088194667816968
0.15408489222574873,1,2.7337798695409865
0.7110768154839471,1,3.7567940516067173
0.19885479869507594,1,2.8358638632402453
0.9572676293824931,1,3.4794898589008136
0.9275670902067326,1,3.9165057941380814
0.6803121924290167,1,3.8612021892318276
-0.6856137624238927,0,0.45968587521574134
0.5070993590647881,1,3.1016410938734316
0.6801965483868331,1,3.6096105679441917
-0.8802738930263252,0,0.3542074858560332
0.3503508778108104,1,3.9027731464054507
0.22451492219100055,1,3.1873060439744645
0.9431012506041745,1,2.948877641407502
-0.4476303304916933,0,0.45713386905066744
0.47302669988289625,1,2.398928665111951
0.698257390168342,1,3.2566562862752795
-0.3209645953733449,0,0.26678168777037903
-0.6115733658248717,0,-0.37847193839394644
0.8793973203618557,1,3.928186257998295
0.9508788288364194,1,3.5806562406444598
0.21055285173489025,1,3.0483500189072075
0.0696453248875597,1,2.75880446339423
0.862933996226086,1,4.123981890645322
0.7048056912224792,1,3.365670895279452
-0.49266864806091437,0,0.8330724862745856
-0.803755485290991,0,1.2381743606466133
0.6778244765870336,1,4.246586067191239
-0.8586220741336301,0,0.4705983312200515
-0.728023969678463,0,0.8961042567723909
0.4970809474493605,1,3.277506314655934
0.8154989986301044,1,3.9136905624110225
-0.7093168665865868,0,0.27855806017106544
-0.31925901184186367,0,1.170595924805176
0.34591773611878596,1,3.27534190015495
-0.0327686185399243,0,1.0091954725611099
-0.8693757068654984,0,-0.4781964396239423
0.3166957628440652,1,3.388346611113069
-0.11554493569110291,0,0.8626957014882977
-0.9129397525973313,0,0.48117656444025164
0.8298171308363114,1,3.0662475017499893
0.6315701458164402,1,3.7106383013602535
-0.011147159686941466,0,1.3002620260001936
0.40557721412957504,1,3.2687262241369677
0.9620549183312892,1,4.859839352042741
-0.9234260353166401,0,0.937093676396214
0.09422320772705994,1,2.5343137453271227
0.18926277061454733,1,2.8313085219176584
-0.3299120155636879,0,0.15747732125214964
0.1786400713710654,1,3.7428707384267885
0.5750048492383895,1,3.3502603838647147
0.9262117540335586,1,2.817437855162752
-0.316146995250449,0,0.6050626793980987
0.5322106214910158,1,3.274668118776558
0.5616828001058016,1,3.685472678535132
-0.359533211868188,0,0.1800660349821226
0.391925958201093,1,4.172476471092196
0.288776886738181,1,3.316134208878637
0.423117727069261,1,3.0735745752217722
-0.456473797230484,0,1.2884586097691715
-0.6108931557133583,0,0.9880823104853982
0.1755532145695884,1,3.0379543976587193
-0.8850416449007021,0,0.8707528956107273
-0.30740966851578033,0,0.19173114026072757
0.34366409242411233,1,3.389515210205707
0.5571236341988215,1,3.429078017614454
-0.5327557355701209,0,0.5861959338425193
-0.9284470060912642,0,-0.3379210426935608
0.18085704081544995,1,2.787823668842873
-0.22692652262985136,0,1.1461701420232278
0.876853058847407,1,3.1185238852642163
0.6499207537570917,1,4.126324205728979
0.3740828733031918,1,3.8756650348456363
-0.7218560506568032,0,0.6324423096887615
-0.24402051194147178,0,0.6006873251619664
-0.9193432224188467,0,0.7542803768450266
-0.3156079620457952,0,1.0030858055098353
0.7117544429794667,1,3.567222045196523
0.3602024725286257,1,4.477039859214693
-0.8428496280237667,0,0.3592005836605504
-0.17351593591767744,0,0.5627980048679757
0.3902527077080562,1,3.7255985871472257
0.7198038179235833,1,4.861122667469267
-0.5546866054071442,0,0.16331251351146053
-0.8423945017017924,0,1.030008416528177
0.9234163307335925,1,3.686293164582038
-0.903247269440415,0,0.5773294200675518
-0.8212387083901425,0,0.4103384289491843
0.6479333494391641,1,4.258326386673501
0.39497601095423907,1,2.9252988638999957
0.6689017639723744,1,3.0433457031730393
-0.5046855183769672,0,0.5142781653597839
0.6262608592303018,1,3.474260101586896
-0.7420941790287712,0,0.5929845307860185
-0.7359142384372153,0,0.9571541133350668
0.9823166863468875,1,4.15692093445763
-0.8185616794415791,0,-0.09773725089178797
0.48756693580191035,1,3.070712056475469
0.5507558583070209,1,4.144326172851702
0.7689498934957386,1,4.0158027226053
-0.6726966204645124,0,0.2865586980749746
0.8239556252390847,1,4.16020241204998
-0.5131834767242518,0,0.26906601790448487
-0.1395409508144967,0,0.8681371121384241
0.9136936473312127,1,4.201672950950599
0.006592573756178499,1,3.2068514163197976
-0.5734106648198518,0,0.9020940859349081
-0.6784188436177272,0,0.3373234301889637
-0.9254211081077417,0,-0.1737689639569704
-0.09109445540054795,0,0.9568727619620132
-0.04768441547942781,0,1.6639526749295985
-0.5791991077790601,0,0.7064991119116243
-0.5057830334634257,0,0.17923854062362177
0.26990949574597445,1,3.0270698741757958
-0.8208587515547547,0,0.7543471761694289
-0.8432582942592748,0,-0.5259430306638535
-0.6705757102277632,0,0.3663656564812353
-0.7004449837656663,0,-0.0696275533120223
0.1199325358012282,1,3.634813954559016
0.5619255941184249,1,3.780895626229305
0.2956038415760096,1,2.699259874332385
-0.017569566038359907,0,1.1511915262356383
-0.16471349857186723,0,1.0017539914910318
0.8620490693429663,1,2.8538456825193443
-0.6580200857892284,0,-0.2637148223248088
0.5110126559878208,1,3.499609269844076
-0.6542518867552172,0,0.34077014650224585
0.7136177833551975,1,3.826033223054278
-0.6253958314980255,0,0.15902269364490923
-0.1975491803528937,0,0.49641322998510135
0.9956805743744241,1,4.206781542473913
0.8152469172336057,1,3.5302607066575984
0.5416566426220497,1,3.3677745071941
0.35134902497961984,1,2.2992045837136215
-0.9776076906242175,0,0.23479396320040832
0.25294736685247976,1,2.980616896835447
0.34626196945614085,1,2.6844125732690687
0.8601545542614413,1,4.379483546042404
-0.22445326025330337,0,0.9488542686567324
-0.9429896340205901,0,0.4194556822069345
0.3552857044545452,1,2.1612309211032694
-0.023011293600836202,0,0.4499683651791012
-0.7844447218950932,0,0.8763162699948618
-0.8708627515860039,0,1.293460656073897
-0.4302801139688064,0,1.043967157947534
0.6840909168616371,1,3.069152973802866
0.3481386088165166,1,3.314052158750452
-0.3424392110503067,0,1.0474662474295195
-0.09111661939411397,0,0.7250965806839533
0.30647529708020294,1,3.445315897951872
0.8103945849877039,1,3.7839920456091973
0.20598049230691573,1,4.238566192872086
-0.07010824179202046,0,1.7266849236621709
0.08947647967712258,1,3.3895535602166027
0.0454344247978109,1,3.672809214524067
-0.1980353130116541,0,0.6744237429108936
-0.8210142670748479,0,0.38877682135405894
0.059237441941299096,1,2.8547158301165014
0.9476576176656373,1,3.5740507622021616
0.7799698744745467,1,3.6401130872487624
-0.951344841820724,0,0.9788653375096269
-0.9445437985867866,0,0.009538311541945038
0.15284166728638815,1,3.8729917563715506
0.876258366692809,1,3.4964261938647865
-0.610788334221146,0,0.5274785450425464
-0.5345654841528069,0,1.1577209516516822
0.7785078937500407,1,2.6239444550688926
0.8563429865496024,1,3.17625412546691
-0.011303408481195598,0,0.8356373010612329
-0.2031395531296858,0,0.08456321993884341
-0.20768398578668834,0,1.604404014430603
-0.04700655768808404,0,0.5231831254111741
0.6107746965394278,1,2.7901294428731918
-0.49049061949087847,0,0.5098897225332397
0.9961202271319172,1,3.061113635818723
0.12626000909940438,1,2.9564304413755274
-0.18494870980081335,0,0.9769042414005349
-0.8532910862414795,0,0.5223203353369423
0.1195121356449691,1,3.1285764668540974
-0.3369286172635213,0,1.594798704982956
-0.763345688034154,0,0.2944116553162907
0.7484406434045299,1,2.408601164985428
0.5754556766676595,1,3.278460890464144
-0.9119897055556547,0,0.15857825298308867
0.2833557514426239,1,2.575154951958931
0.9071381474484277,1,3.648787963561607
-0.6598060333971385,0,0.024327514933962735
0.8391691374191206,1,3.6445664111133866
-0.2164845733330314,0,0.9236180696417948
-0.05489889989684538,0,0.9193830923642685
-0.18845010660555883,0,0.7462636786406789
0.8608663871006519,1,4.233619474220576
0.8853642318475992,1,3.7087953488600034
-0.18024390170804838,0,1.3452270429960733
0.939581414605819,1,3.2264545598059735
-0.3214883427212525,0,1.0589894834246438
-0.41383335732788806,0,0.7323510436856733
0.8935367053131105,1,2.8302407061642736
0.036922230973100545,1,2.6897746423796907
-0.11474912667277137,0,1.333762196301082
-0.8531577283888461,0,0.33702688920781504
-0.883503229932814,0,0.22460578672117532
0.17147316049908778,1,2.756790437009039
-0.039798489344627486,0,1.4163743419152037
-0.620767551301362,0,0.2591121931298406
0.5187963764385823,1,3.426228154695967
-0.4172057689812705,0,1.0279088820764735
0.7011143929396624,1,3.195418452632646
-0.5827655004275611,0,0.4618179837202151
-0.7379667817500428,0,0.7716495132356003
0.27290049874830147,1,3.8686136766210986
-0.1072172842777861,0,1.3149285548977918
-0.319564836311103,0,0.3529029124881625
-0.8488191250110098,0,-0.4147495029354483
0.2585515499509674,1,3.3923353777292737
0.5797936221165607,1,3.4779558719001837
-0.8875220502180787,0,-0.5918634194149092
0.7692895148152072,1,3.554877623816211
-0.5027608690393142,0,0.37129258995422965
-0.1743864636603185,0,0.4733252033750213
-0.4728412876634813,0,0.4299097505365638
0.27636505393500865,1,3.151718650924492
-0.12216866201404164,0,1.1748467033516545
0.3985321507559729,1,4.01699523389616
-0.22068310092376642,0,0.18957742247354914
0.41286188538239266,1,3.122589676300602
0.4546719004774167,1,3.995139814188895
-0.11937018504132157,0,1.1084299791448595
-0.3058436655393697,0,1.4019264245661154
-0.6853881811173816,0,0.7034148930950801
-0.7921437062066672,0,-0.07360574357572108
-0.46041719134700543,0,0.17562985967740252
-0.03369035994445846,0,1.8857620755241165
0.9841832251511591,1,4.069643848211646
0.8870068259462347,1,3.2279392294858464
-0.21433615372014425,0,-0.25350941557612006
-0.03679277528950298,0,1.5187501364401612
0.9097512255703126,1,3.4724851535972823
-0.9535240964229235,0,0.432441307389918
-0.460936773483972,0,0.773069919256573
0.45231803876996635,1,3.829809401474524
-0.6083507302708757,0,0.3265840596974576
-0.31735096136085295,0,1.6980387662164693
-0.19355179240207243,0,0.20718943808536427
-0.06104242934020121,0,1.1258341791369924
0.18198255703698307,1,3.5468391813725466
0.800336972934349,1,4.432296019124189
0.5776161240472901,1,3.836671440169871
-0.03190447129395224,0,1.3487377141516879
0.20506474354956294,1,3.531684854352878
-0.5025584048348537,0,0.9632131425336814
-0.21793555498610928,0,0.7898608604315782
0.5817448150219209,1,2.8670743504330183
0.6276833357818585,1,3.469800752368495
0.5909124754854804,1,4.694145725783121
0.0747625018486533,1,2.8109473750884044
-0.44750896124446515,0,0.4413436437320597
-0.5673495744626305,0,0.21961992779472866
-0.497694864418893,0,0.01873001776751748
-0.42314129407732337,0,0.4571223665955235
0.27123596643856795,1,2.229516962761575
-0.608638124776888,0,0.7376415815566102
0.9842540425605784,1,3.7114314284715215
0.3143575391007545,1,2.7105654833494697
0.6739738125376495,1,3.1834004864858256
-0.007169551483518166,0,1.0657681712638323
0.4667086845991124,1,3.3801658619223907
-0.5680823442404983,0,0.06715635183469998
0.4185369185624681,1,2.1241333263293622
-0.3584164865547852,0,1.1320417848608584
0.28981136114348094,1,2.823051324545846
-0.8077378574289782,0,0.671810061031592
0.8339569970427654,1,3.112203629245835
-0.27318320586780276,0,0.8517767069154311
0.16745042979466462,1,3.6389784335408586
-0.7785126847149699,0,0.28539153691496555
0.8862794516020323,1,3.8506671323510075
-0.008150144160298467,0,1.532003114625017
-0.4253734524595967,0,0.822268789139473
-0.9283629262741004,0,0.11608146971852956
0.6783494574563984,1,3.3563461871605216
0.28780937564216913,1,2.7639762322525154
-0.5553902920342169,0,0.5390718007943047
0.7138348406102277,1,3.2401005096929367
0.4334724231552256,1,3.3521493496841464
0.533275572197365,1,3.5558097857394992
-0.9794526833525998,0,-0.57893877585784
0.3628558561592128,1,2.551574359382454
0.22261715179602626,1,3.0993243887944306
-0.9877975590838428,0,-0.2237502847736902
0.24682898370473638,1,4.226902429296009
-0.8117069099511423,0,0.22450380329532094
0.7834016059817697,1,3.635184746386381
-0.7472508619051381,0,0.722750866008917
-0.7618340306598164,0,-0.3101452180458413
-0.6523370421258994,0,-0.26833237028300894
-0.963654331478947,0,-0.04206774274708819
-0.3729211021433898,0,0.6588906018046974
-0.30983411125293836,0,1.2219190331412224
-0.48175125256578166,0,0.35445884589802246
-0.5818171258784499,0,0.6201464002960433
-0.24988757160899056,0,0.9969708622815913
-0.8126610343971075,0,-0.18604219385734544
0.8864899085805811,1,3.6436740081252106
0.9581879617567255,1,3.289766948506222
-0.839691224892386,0,0.8689600976695975
0.4338394443377336,1,3.186142945213649
-0.0865436987025674,0,0.8129240271887727
0.280626231450126,1,3.5169593169441864
0.12082940277891607,1,3.904617486465237
0.5465221477453845,1,3.7206477696551166
0.3428442023806382,1,2.9165097648813445
-0.38479414160631165,0,1.6400270952203848
0.5787678595917538,1,3.5422883956088476
0.8683866048108233,1,3.9047408109024215
0.22820884659131946,1,3.564087013513086
0.5932189916660966,1,3.746387985786794
-0.6217761155795671,0,0.9005685431220032
-0.07554078344559145,0,0.023966379820670958
0.4980048105374406,1,3.1991443079999087
0.9541850252129689,1,3.6318623196154984
-0.27294347235301863,0,0.16172819703420105
-0.12095586938924097,0,1.0056578316029114
-0.3933948429614982,0,0.7812559084217231
-0.30443327643810725,0,1.4281550796170301
-0.2900502716524842,0,0.10735648691119437
0.1461069317362751,1,3.3723790842883976
-0.9860931959847414,0,-0.6209697043383952
-0.005477381999680286,0,0.9629606050567837
-0.8018686793829397,0,0.7815326863714578
0.1374762777202636,1,3.0283372226638994
-0.38788808280265785,0,0.05957296742503526
-0.2206111140468725,0,1.3570444543447566
0.5157660813054434,1,3.7557882391430164
0.23756132716749923,1,3.5667150133690444
-0.6756389817731843,0,0.4660643049965081
-0.3306485541099893,0,0.5379727298322603
-0.027801771803477537,0,0.6572934231633085
0.8580389841620581,1,3.51097135158543
-0.9598532887109945,0,0.06464524826387119
-0.5568858474326261,0,0.46797207080951814
0.582715699279851,1,2.8009082207347644
-0.7598019554645727,0,0.4049211472632887
-0.9475003531216051,0,0.42281223702870535
-0.9840227863130113,0,-0.03786619654415846
0.8614341609290024,1,4.438715737954584
-0.6262953720845468,0,0.659938993521554
-0.5443313982554139,0,0.988724710747406
0.13812101637235186,1,3.3193459888154866
0.6967518117378353,1,3.720016894453167
0.5748151652709814,1,3.658846117591427
-0.1675703235641739,0,1.1581531188471152
0.3150626734037538,1,4.004600518373966
-0.6514754514656449,0,0.7220481298190086
0.8382676117874854,1,4.170834225112365
-0.5965294958681642,0,0.767160761806253
-0.23991827517554642,0,0.8605172408889222
0.6042655492472402,1,3.870498472525123
-0.28974729422201073,0,0.5651368354455548
-0.5023865108171384,0,0.6921175638063731
-0.6409873231910455,0,-0.4715693069023328
0.9799073457070371,1,3.751520465719402
-0.40140872256283466,0,0.054267245613632276
0.936405252692069,1,3.3159489987815434
0.32691885032898105,1,3.378051064959933
-0.5605361538818958,0,1.0644812561031756
-0.5319003773091115,0,1.1207545205791547
-0.9093551910778248,0,0.8727754441449795
-0.6073776077500201,0,-0.5393982450529897
-0.6409004015899846,0,1.445692843018259
0.38468769914906,1,2.7341650187923596
0.892048750485718,1,3.736336869248485
0.42034599596541855,1,3.393121688897855
-0.348685708152519,0,0.9509158295767368
0.5871710058860353,1,3.55585785949567
0.9994288791878108,1,3.646761001867177
0.6358198194861224,1,3.3882825884845422
-0.9602029879589666,0,0.024663801760005016
0.48179135588794253,1,1.9077701472751307
0.014351049784347314,1,3.475461125242093
0.9210836599274397,1,4.194746983826386
0.7269701442196614,1,3.740611664884645
0.17681243985694461,1,3.853922099683599
-0.5241246632774712,0,0.40095103836782475
0.8077404988037871,1,2.857571351415186
-0.44311661430108007,0,0.7655066146262455
-0.17818729986870174,0,1.5726982041874324
0.24340386718330875,1,3.5778694159965303
-0.7697096588747121,0,-0.3234578526238826
-0.7941527305936029,0,0.0318813055402577
-0.5004569632003997,0,0.3045824903931848
0.779663305175694,1,3.3787288660414143
0.9687507167152232,1,4.397016383988328
-0.6889112739305494,0,0.4873599967459444
-0.21959835832093177,0,1.1317049891949227
-0.26669577006046197,0,0.7535199054631806
-0.5282615354181719,0,0.5254133578381631
0.929059705459029,1,3.7828557184404987
-0.4807028382981975,0,0.25284950688348745
0.9915703847015684,1,3.809967630878131
0.9212534430296675,1,3.3534851951424383
0.49091067102122543,1,4.309267911483223
-0.5709222374016263,0,-0.26129546256052505
0.9234382339806635,1,3.9401240777370257
0.9627857628380347,1,4.625896818023018
0.7604130415166457,1,4.043189576412376
0.3141189540518454,1,2.3287258375630686
-0.6117629941718998,0,-0.47365051181837414
-0.8041991890658338,0,0.30816994825916155
0.28280377721164296,1,3.60507982569918
-0.9871705343231307,0,-0.34139566853538084
-0.14289826227243907,0,1.3973924424870634
0.37470422192613473,1,2.8892533491084063
-0.7543650850172059,0,0.6137427710242844
0.3789220703860403,1,3.9946694768744893
0.1494603189079824,1,3.304473609178657
0.6726836239916538,1,4.079400472599403
-0.7488815616227531,0,0.03930405750649446
0.5229135094230228,1,3.1765790616435536
0.5527094509435617,1,3.6128429730987657
-0.2748178602843141,0,0.10826122017717887
-0.9317901054151316,0,-0.49253070785787356
-0.8700349663606213,0,0.33458209432448294
-0.14225067933853253,0,0.7235597354442826
0.3704229006098505,1,3.5397819191751507
0.5987400601703945,1,2.7467233693676665
0.8644370263376964,1,4.059455963320141
-0.4592552387270572,0,0.34411063353967764
0.9336533075577171,1,4.020241064672781
0.9885211707239301,1,3.6748307816728945
0.14284500858568894,1,2.743789940612628
-0.6839139791175042,0,-0.47639717885314725
-0.24328934600030339,0,0.7783031586236362
-0.08932833847108346,0,0.8160075589419116
0.7565787494265226,1,3.312554819195642
0.5204784169151018,1,3.677004691773499
-0.7975902029389699,0,-0.0074023699819625866
0.5721682923868279,1,4.196620424240866
-0.7559618730467712,0,0.3165996782007321
0.6859513472400669,1,3.491224195835424
-0.5472455957091129,0,0.14954472810783165
-0.9200656203081321,0,0.6174358212122251
-0.07592262830478691,0,1.3273375129884593
-0.5426854623746704,0,0.469684076839286
0.26130769037670665,1,3.084689077844341
-0.6547015106226384,0,0.4530536235698141
0.8849093439268947,1,3.2941603949828338
0.22852088355951405,1,3.045503424547761
-0.5520873813655982,0,0.1463032375789713
0.2776029377701703,1,2.7241421131877983
0.5468070778551157,1,3.557938626925522
0.721933448262742,1,3.7442776842879395
-0.06181640786007381,0,0.543440425159798
-0.46971047618618234,0,0.9470502150552315
-0.2003906430243425,0,0.6088915542179043
-0.5997838947214349,0,0.5372894374493749
0.7300699419222472,1,3.784046686773462
0.44320881908235554,1,2.9159542822585176
-0.5131416121672412,0,-0.3653828311253082
0.7871361587464929,1,4.438115769355104
-0.02480441728199434,0,0.5589392266424044
0.2506804810371466,1,3.5770584193228734
0.10724956598366608,1,3.5442945073543335
-0.6971691933498583,0,0.6130492748033037
0.9526556233155759,1,3.7234936925240256
0.18922154396029423,1,3.2042862934993175
0.8733503068332584,1,3.333199854065391
-0.9270998354703954,0,-0.3860464765010031
-0.4641029979657829,0,0.5418646777738515
-0.6298405235546958,0,0.9637539499807632
0.30004222230148936,1,3.29559273388334
-0.18994088002454257,0,1.6887238389328862
0.3034134434383966,1,3.343380431744663
0.10499873238713953,1,2.5918208704406127
-0.980135472216698,0,0.5493795961551211
0.40441599843930454,1,3.9107227114079475
-0.09328193936352913,0,1.8114016488452194
0.467842217202761,1,2.7290196132279956
-0.9965758765573707,0,-0.24444344539481927
-0.358156933866318,0,1.0970492539000112
0.7802392845705219,1,3.6277586352221967
-0.36702451848252515,0,1.620338874593405
-0.9122206393449213,0,0.7116213250585541
-0.5400555939748859,0,-0.26575204514410944
-0.8872961823640968,0,0.5374013997201506
-0.37099411962903606,0,0.6898078956105365
0.6767698497640691,1,3.3628655410446364
0.7938236352305985,1,3.8329924573075056
-0.05252304264943519,0,0.8189549186416989
-0.09086113632055715,0,1.5295429997797991
0.6698109089603406,1,3.6941424862394827
0.8851313450423266,1,2.9966400966681093
0.7682788219567609,1,4.8001718380243945
-0.2720763687212113,0,0.5910384202217528
-0.12070138071992842,0,0.6198174871520693
0.7762988681674245,1,3.1334150018672133
0.8759204324849268,1,4.093246401932609
0.5772369697018871,1,3.9482852802012984
-0.7679040410842441,0,0.7160373654751868
-0.10531549356329362,0,0.860471073170012
-0.5359987460617015,0,0.534042914265176
-0.7367651230019092,0,1.3067353044994428
-0.5911893897520442,0,1.0681460210224005
-0.9569147137625684,0,0.3381218951454419
0.5168155398067362,1,3.3244113613121007
-0.15817638351782715,0,0.30142997880458033
-0.6452571812528687,0,0.6951041049190819
0.884320187903693,1,3.556955336253767
0.12289568932243289,1,3.2765966989220288
0.21753631646413152,1,3.176458680168902
-0.9564596775743401,0,0.41844887853888774
0.3321478602899315,1,2.9315888072762393
0.617980227752229,1,3.7240145088124454
0.08058877941470532,1,3.279569467122708
0.3818201210649814,1,4.026016817902186
0.7259437090647043,1,3.8477632621754037
-0.018975340796946183,0,0.981097983433514
-0.12447504317043623,0,-0.13525480375234233
-0.47878308989364937,0,0.19910872282986114
-0.4288416100272747,0,0.3566343411353135
0.8958876514977623,1,4.273111292044768
0.8737301433400315,1,4.41407292353545
0.5329716590324982,1,3.8651388871103953
0.590715496162729,1,3.9348438882675416
-0.614836155239405,0,0.8505780910212352
-0.3509289795815236,0,0.5534913636750218
0.8671145329576013,1,4.078921124573173
-0.31667523990529456,0,0.9176620736863672
0.49510762957636767,1,3.8303884270207806
0.8098211836902998,1,3.8244140878069413
0.49469187031758244,1,3.987831575887666
0.5417650198521311,1,2.9367180021642976
0.30281699333212075,1,3.5581086620161653
-0.7741884456123949,0,-0.34780677422159856
0.23384377893681219,1,2.6823122148822387
-0.05344221329810406,0,1.0888763228041962
-0.36088528383289376,0,0.11224075675928302
-0.9105125246178141,0,-0.5353366520532282
0.8017651370591792,1,3.7599188888976807
0.931550093605473,1,3.1469075971394065
0.2666399537463502,1,3.5294961220883554
0.396195093439754,1,3.601499960717051
-0.841435791479187,0,0.8166230228754805
-0.047709529664946126,0,1.4632700131720635
0.3151824635774916,1,3.4013793561123373
0.9327173679993215,1,3.359482907600232
-0.6542160924329563,0,0.6084018211997922
-0.9369628230755844,0,0.02183047829972834
0.8015138908008592,1,3.913465188215043
0.23834189332995592,1,2.8396850351617404
0.5987331296152754,1,3.1627553896320224
-0.8350551642229598,0,0.5084606000565293
-0.8058891342695451,0,0.2554819057191196
-0.7124235889219563,0,0.22799090270455297
-0.2846280573923896,0,0.48480860406637183
0.8926494603846631,1,3.4902746308877726
-0.7537915623490221,0,0.016063462203105394
-0.31275443849357676,0,0.818423464639499
-0.8727657231309647,0,0.3738782011276573
0.3184720968541086,1,3.245097374909607
-0.0767461862154859,0,0.8025969543333311
-0.4072898439230681,0,0.22788049739669697
-0.224441590616975,0,0.5818588494673362
0.7504083756370337,1,4.061557742089324
0.3672690292976235,1,2.645107167872707
-0.8791798712206698,0,0.4982245186910706
-0.45403075437733653,0,0.44640621254252844
-0.1745482406428689,0,1.0599665670247485
-0.48875755697462586,0,1.5242184467527133
0.9918484162930128,1,3.44860668253939
0.08597859579426759,1,2.799087469899111
-0.14077211620187424,0,1.2099784115878496
0.1339278987268111,1,2.8515050277327254
0.19986907364342965,1,3.98864461300066
-0.9625642095690328,0,-0.731323057838527
-0.7914381566581132,0,0.689641517630345
0.297400579318434,1,3.82750277358666
-0.5503423179140947,0,-0.09149581415096808
-0.1462927747587548,0,0.9174710003761014
0.04438767883432626,1,2.9686177096326865
0.5000816787294506,1,3.487540858401638
0.604944050123418,1,3.662267358946946
0.1965142080541522,1,2.751405847290637
0.8964062822692134,1,4.753537218929703
0.4810271798242485,1,4.616578365671776
0.28540526459744897,1,2.679389630891352
0.7778833618190149,1,4.493813700198675
-0.8350822252514287,0,-0.24067911121692742
-0.9770582716407479,0,0.08533990700750965
0.19080001722107776,1,3.0938025084268794
0.961168378977515,1,4.155804113994057
0.4403388246128974,1,3.825065733613758
-0.15461086030070592,0,0.7658279332462663
-0.537638710535387,0,0.6822601196558519
-0.6664845088286859,0,0.4282127071942762
-0.8562470074016124,0,-0.05796845566250952
0.11288738103441687,1,3.553058254030304
-0.5722139863712328,0,-0.12160962579135348
0.41069653093734826,1,3.141583643216221
-0.5192528330426474,0,0.2430089636053444
-0.01909117730121057,0,0.37933349976117403
0.7225874551693636,1,3.856745079907732
0.12499887776517116,1,3.3755232327232747
-0.21599505802876906,0,1.1885354887421187
-0.10472572010851433,0,0.14779446136341
-0.8271210369862889,0,0.3717482894838814
0.3640798522916864,1,3.1701087638779866
-0.5505885044867567,0,1.2857744889635452
-0.9136260944101511,0,0.34694308775268545
-0.6881739933891586,0,0.3889536150604034
-0.6603847468104125,0,0.44553223131434416
0.126161625195353,1,3.8101975062280293
-0.770369184265226,0,0.4774376701189854
0.01765360130919147,1,3.0251235454770886
0.8748715021367999,1,3.1940811180079214
0.425294612310156,1,4.270437913494727
-0.1484500402574167,0,0.9150587178991997
-0.10887225130644618,0,1.3123434668677436
0.10075623405987577,1,3.1767568365560583
0.8533881732109228,1,3.939699086464099
-0.4645925686909558,0,1.6755387759570066
0.553743367375161,1,4.453943785820221
-0.6873639889173655,0,0.9278887541041061
0.8308291720140908,1,3.8400898805385104
-0.2781478463787157,0,-0.23296887628942486
0.27898517130067146,1,3.095812417470813
0.1524175861931547,1,3.2285735075502258
0.8582752272163188,1,3.886690280359603
-0.5591622702351702,0,0.6633135471093967
0.17323707003526412,1,3.716103774033181
-0.7029719767052502,0,0.032279702249047915
0.7514368690234885,1,2.0065886673887414
0.5562082680854779,1,3.80659913151592
-0.7307342144848947,0,0.7104599959593085
0.8802888538023526,1,3.2024539027649968
-0.9787272268050549,0,0.18624221509763939
0.025757285179259792,1,2.1332858903108822
0.20405345885560178,1,2.800888957132887
-0.8687260796499114,0,-0.2415070226167103
0.8591983016556799,1,3.801550111893894
-0.5133677003277741,0,0.36259012406747526
0.20630549876273196,1,3.1481808153698676
-0.5031516113054575,0,0.6246292506068108
-0.6729630075948365,0,-0.08394851353804444
-0.702500176148116,0,0.09917421537872201
-0.3163289124706894,0,1.6879200311466012
-0.7402231675488131,0,0.8951128442199204
-0.3425520395679602,0,0.2790401854307505
-0.8424186512005545,0,0.11224777304597566
0.7051172338876348,1,3.5246116819187856
-0.41367647535219576,0,-0.027381580734547106
0.33745634115752154,1,3.975968051948281
0.7717029600842813,1,3.844472256311333
-0.3860371617415197,0,0.01837701646146883
0.5931867883436237,1,3.332729439933864
0.31414178383286906,1,3.2097890129845283
-0.7398074885097992,0,0.5481398648463466
-0.03791241695143399,0,0.8940164887099162
0.35002650531593194,1,3.802838466555622
-0.27978866298114746,0,1.8612763592076516
0.03908160516886183,1,3.3844176296061743
0.5869632882038318,1,3.973056578282796
0.1786720384986622,1,2.692434588403272
0.4897595833907886,1,4.170496998294043
-0.41995211540416166,0,0.8635371712567448
0.7005173620556024,1,3.37748229256552
0.18757817550698674,1,2.0445154792161233
0.04073871865926959,1,2.984882099750764
0.141938991413755,1,3.4687580574687615
0.2949203195941452,1,3.2160233670062617
0.6756749948545215,1,4.023545789430557
0.6761739952364534,1,3.381246897172007
0.12862659206994476,1,2.768890322156167
-0.7856363134744027,0,0.7122481916531453
-0.3338979136328144,0,0.16411700927915907
0.40825437426895417,1,3.549318684472573
0.8549403072432078,1,3.091170083051335
0.8699010250674128,1,4.438277869239652
-0.5956942794078668,0,0.12130388812294768
-0.9832658655949917,0,-0.002007295820162791
0.055762826443836344,1,3.1857143661871303
0.5089676425087031,1,2.7364451918965784
0.6333808107303964,1,2.975104052023574
-0.14837636492232442,0,1.3731551811333267
-0.63211219298637,0,0.8846510023812248
-0.8903548386204447,0,0.3973794551523442
0.28299393502821,1,3.2241029390421057
0.4327350629032123,1,3.2349764561744885
0.021268535952180923,1,2.5108393420336172
-0.027120301765132693,0,0.7204671567053303
-0.9478795622289584,0,0.14111640510879014
-0.6166505405932661,0,0.4216286957481176
0.18046729962274544,1,3.84765833227971
0.12223415607942112,1,3.453323689691099
-0.4196161962865239,0,0.7463977247193454
0.21684966941447748,1,3.963282690926259
-0.007525383675729191,0,1.6296737676226414
0.4207072969534862,1,3.4496005046050353
-0.9482078241713121,0,0.07974616641310892
-0.13572336517153616,0,0.751384981515248
-0.9428210444524217,0,0.6961154609795711
-0.3012754690117858,0,0.9258013220653285
-0.5136842150028722,0,0.8682066734845796
-0.9571870402755658,0,-0.8095059374387765
0.37741767911351065,1,3.9984113490996283
-0.9489035848929739,0,-0.6252723444487339
0.589399283989632,1,2.373577876596997
-0.5122543834051352,0,0.17378171977278212
-0.8061930662656374,0,0.25032489540015596
-0.6185355541084283,0,0.729904895080747
0.4891359969054452,1,3.130944982181644
0.6854816005184401,1,3.2153586960913656
-0.3666125830037783,0,0.06793354208773661
-0.4884030093021845,0,0.530889691079306
0.9483821569794573,1,3.319898124368912
-0.30417411831591146,0,0.5517907370293132
0.21477099762247853,1,2.9744138405875717
-0.8526526068252327,0,0.7320580291118809
0.4952921018306018,1,3.385742913168861
-0.5260121533362108,0,0.6336851480950139
0.5434465787215259,1,3.972234026544379
-0.3659588640188378,0,0.5991089952864387
0.22561019918981762,1,2.8947107064007973
-0.5058792171306103,0,0.6659163750491092
-0.4199234619769452,0,0.7086819834491055
0.9312311199337493,1,3.4585855562273573
-0.9336428208251515,0,0.6846055961237318
-0.8367630629068361,0,0.5553847812949768
0.32507286740707486,1,3.6412941705756663
0.8075930922171137,1,3.2501446198521604
-0.9363938809299894,0,-0.5138899350950455
0.5843950471016106,1,4.1999740912561485
0.6069288692503123,1,3.3545017916319937
-0.8729140440873271,0,0.18232369145784255
0.7418540146029773,1,3.2306241989408533
-0.6827662073863021,0,1.291890739085686
-0.0006367752687888029,0,1.323364771854616
0.27427634321920924,1,3.5651174479560708
-0.7170836112563697,0,0.975475532152597
0.3076654657767197,1,3.1437308914538242
-0.7747665227541101,0,1.3491081386003878
0.08516549151739361,1,2.4410777506245656
-0.05366238883026386,0,0.5560708969097685
0.45175738000999077,1,3.0937837417467837
-0.8943294603376144,0,1.5139718878438768
-0.493268099536216,0,0.21960277017077207
0.5985445596133476,1,3.1460146930790334
-0.23833775067873653,0,1.7390564712224243
-0.4043443155273163,0,1.1358614705958807
-0.8776621019108575,0,0.5445411553986361
0.2405166824802194,1,2.4933938647203533
0.03352815036230683,1,2.6914785998545008
0.24619905605349035,1,3.2382293772549615
-0.7376012266019163,0,1.0922478171706094
-0.6040647951639022,0,0.8682173810412473
0.763589627107718,1,2.958316551560691
-0.27677761317236804,0,1.1827395141594226
-0.9112730541439762,0,1.1274421788007944
0.8958430440523477,1,4.0126288273947495
-0.4705997659863752,0,-0.25491494095793377
0.5147416610225428,1,4.459193412404282
0.41633602743656706,1,3.77872136031735
-0.2471783447445719,0,0.8636545532420592
-0.9587049388134858,0,0.46832477774615067
-0.4890389868014504,0,1.5444044412496587
-0.2922210364765927,0,0.16161731953830016
-0.24695620693008613,0,1.0523160923874963
-0.1358188639313398,0,0.7397943827450545
0.634383993137442,1,3.9552937904470027
0.8840877274049066,1,3.963019332903868
-0.983373715475012,0,0.2641823381436986
-0.7058615445879439,0,-0.13496750008612668
0.5367894487563591,1,4.426840032909823
-0.9169812755721194,0,-0.34975856502571967
-0.432285168182567,0,0.31919804728348655
-0.4380392282242449,0,1.2841463214431894
-0.4083564841766494,0,0.7793894268588867
-0.6276220322660464,0,1.184578427076736
0.5478978393398222,1,3.5035339746940504
-0.5826145646877856,0,1.060830131129535
0.6700783136948474,1,3.8673511413800776
0.8199801569206766,1,3.0532559231344276
-0.8426951282558259,0,-0.21000158118019197
0.4116956979452495,1,4.070382909752363
-0.961019553754956,0,1.2732735040143561
-0.8465181752862267,0,0.6574762690395951
-0.2504664926868787,0,0.771945305010055
-0.2612807403113675,0,1.228881700520984
0.8766994751998298,1,3.8172440782844523
-0.9361976977612689,0,0.5390692096743961
0.2010397822823169,1,2.4548533161170454
-0.7888704963738236,0,0.5858722028432873
0.5499447229883929,1,3.9691870341963633
-0.03364279176087481,0,1.020078370104937
-0.5948768883486333,0,0.6456301120703304
0.2024525422060801,1,2.65968487860523
0.8799657572308759,1,3.629623268483231
0.8641975853750117,1,3.8243728355689903
-0.9411548993218894,0,0.5101282622685448
0.8875315159354109,1,4.241337721253361
-0.9081051118373553,0,0.8180732158979919
0.005893616943379643,1,2.6030122570472822
0.23001116143989875,1,4.230819420900254
0.13381896186171738,1,3.8665978839804973
-0.6082859667729517,0,0.199471274345842
-0.4305468059762658,0,-0.1906574828542703
-0.36105212086733207,0,0.3496813597906083
-0.8043010061454425,0,0.46833674283014176
-0.7754835644092566,0,0.23375654123759854
0.04991312277140092,1,2.6555633296288423
0.29475004899828017,1,3.6646497722912095
-0.9378044881281304,0,0.6332828025312367
0.7530236747609345,1,3.1847464954210443
0.5222426114854564,1,2.7742425694851574
-0.4981483210770792,0,0.33134569303424566
0.2520504635933911,1,3.717774996411044
-0.5672227527411362,0,0.08646373457623507
-0.22675211004061802,0,1.042222458806522
0.9695214816638154,1,4.34450661902039
-0.4522860658850185,0,0.6216061473264876
-0.21759736640996108,0,-0.050548726565029956
0.14485676240162193,1,2.9772864058514172
-0.4128629844578027,0,0.5040974526562448
-0.295008888667728,0,0.5129150164738653
0.46212813547896947,1,3.184902496570406
0.9332812467943754,1,3.6008385999463233
0.200501444764136,1,2.918354758293517
-0.5062479818873455,0,0.2866590059078337
-0.029099188476456872,0,1.938524334890912
-0.3630938971652806,0,0.5395954878895597
-0.7149437271323489,0,0.41464658285621114
-0.47277131895923374,0,0.8357572939990081
-0.8997121150583076,0,-0.3347236360300657
0.6647631104254834,1,4.421157941722167
0.4913135078223505,1,3.152445650701467
0.3224437955775634,1,3.5175712681691356
0.45103950878396004,1,4.174709413830456
-0.8034534889740015,0,0.0053587697957951375
