cutoff,true_tau_at_cutoff,y0_truth
0.0,2.0,1.106265784779889
0.0,2.0,0.5651661171464443
0.0,2.0,0.8446966150021069
0.0,2.0,1.9242904090307114
0.0,2.0,1.3790165296734418
0.0,2.0,0.21975770130271643
0.0,2.0,1.7433986317809858
0.0,2.0,1.533341026346669
0.0,2.0,1.4757445555304831
0.0,2.0,2.0599886535092407
0.0,2.0,0.9047852888676299
0.0,2.0,1.4652048990182358
0.0,2.0,1.5220951448901727
0.0,2.0,-0.1772931523687527
0.0,2.0,0.6611955207474469
0.0,2.0,1.1081885752203826
0.0,2.0,0.1358890452851427
0.0,2.0,0.2693427534888505
0.0,2.0,1.1722414247456254
0.0,2.0,0.8639198403207561
0.0,2.0,0.8526610776521237
0.0,2.0,1.6658309933963256
0.0,2.0,0.055718659673942045
0.0,2.0,0.30524453237487653
0.0,2.0,0.7659674281518223
0.0,2.0,1.2926038802951427
0.0,2.0,1.532060631149686
0.0,2.0,1.0088026698539565
0.0,2.0,0.31751636668655775
0.0,2.0,1.5131188947845169
0.0,2.0,0.3020573746520423
0.0,2.0,1.3444358854605805
0.0,2.0,-0.39095655583798905
0.0,2.0,1.9105428486815264
0.0,2.0,1.377027504016142
0.0,2.0,1.56336692806246
0.0,2.0,0.12918241609177875
0.0,2.0,0.6058261237445581
0.0,2.0,0.5686162125358691
0.0,2.0,1.156900223395995
0.0,2.0,1.040193555685935
0.0,2.0,0.17935045499061303
0.0,2.0,1.0574132973710693
0.0,2.0,0.3082918852982226
0.0,2.0,1.2641329239569405
0.0,2.0,1.846294404490049
0.0,2.0,0.27112815256916356
0.0,2.0,1.5613817484895893
0.0,2.0,1.2703222531167266
0.0,2.0,0.049777224648698715
0.0,2.0,1.8878859073165764
0.0,2.0,0.15391704725819622
0.0,2.0,-0.0706745359255439
0.0,2.0,0.8246774167566479
0.0,2.0,0.9458012813902339
0.0,2.0,1.3934633522110715
0.0,2.0,0.6721353185918865
0.0,2.0,1.139413577945106
0.0,2.0,0.8827345151232544
0.0,2.0,0.3920783411044594
0.0,2.0,1.7850115352997376
0.0,2.0,0.9761248676072881
0.0,2.0,1.79306576152648
0.0,2.0,0.10437031739163555
0.0,2.0,0.47890379427495144
0.0,2.0,0.8028177058546402
0.0,2.0,0.4644725525839845
0.0,2.0,0.3616008965972932
0.0,2.0,0.4665865282761519
0.0,2.0,1.000843388642687
0.0,2.0,1.3036411152531469
0.0,2.0,0.5883779048436368
0.0,2.0,2.0768655651138186
0.0,2.0,1.256162475995188
0.0,2.0,2.0661749031969507
0.0,2.0,0.5701188084690705
0.0,2.0,0.24242641279315424
0.0,2.0,1.522091450173339
0.0,2.0,0.9917453718948074
0.0,2.0,1.1226964975629417
0.0,2.0,0.5878115669824497
0.0,2.0,0.09372068398620215
0.0,2.0,0.40342921573161206
0.0,2.0,1.6866621312590024
0.0,2.0,1.3316892609741964
0.0,2.0,0.4195562473061313
0.0,2.0,0.007759309609685738
0.0,2.0,1.7069191435159938
0.0,2.0,1.8618294317089141
0.0,2.0,1.9397131062424389
0.0,2.0,0.052621645652979
0.0,2.0,0.7505357561434933
0.0,2.0,1.3673114773464279
0.0,2.0,2.0456047893162403
0.0,2.0,1.667419029582364
0.0,2.0,1.207714145800169
0.0,2.0,1.077347193609647
0.0,2.0,0.8935510549452931
0.0,2.0,0.962186246192013
0.0,2.0,0.6800809801223994
0.0,2.0,0.7440461667624938
0.0,2.0,1.3762829745692828
0.0,2.0,1.4704842769077848
0.0,2.0,0.0731515863805488
0.0,2.0,0.3163338432075354
0.0,2.0,1.181374664109733
0.0,2.0,1.8392003735780502
0.0,2.0,1.5073924618932741
0.0,2.0,0.3389726906587963
0.0,2.0,0.24418411352491332
0.0,2.0,1.9044526130029262
0.0,2.0,0.09641889813564708
0.0,2.0,1.1123892753193203
0.0,2.0,0.7564975263463056
0.0,2.0,2.1208710698982434
0.0,2.0,1.007676003389658
0.0,2.0,0.13632572323150483
0.0,2.0,1.2916459277142252
0.0,2.0,1.3208229850141036
0.0,2.0,0.952970428421459
0.0,2.0,1.4397435940923569
0.0,2.0,0.10434661619360275
0.0,2.0,0.6770271886875628
0.0,2.0,1.6003866255663568
0.0,2.0,0.8307689396635128
0.0,2.0,1.614185446240766
0.0,2.0,0.48817336819736956
0.0,2.0,0.12766748625985502
0.0,2.0,1.0118151608386026
0.0,2.0,-0.05908325345234733
0.0,2.0,1.1727591087452574
0.0,2.0,0.4903872312441615
0.0,2.0,1.7124906053633673
0.0,2.0,1.9991937050165518
0.0,2.0,1.26818963829064
0.0,2.0,0.6585191592479548
0.0,2.0,0.5365520443886509
0.0,2.0,1.1500130532225872
0.0,2.0,0.0834960542257886
0.0,2.0,1.8318336567068232
0.0,2.0,0.19612952768404213
0.0,2.0,0.29725624989654975
0.0,2.0,0.3851683472439589
0.0,2.0,0.5959346225291933
0.0,2.0,1.2797388143309563
0.0,2.0,1.4851362452032852
0.0,2.0,0.5076283847422902
0.0,2.0,-0.3338898461292741
0.0,2.0,0.8885425470521615
0.0,2.0,1.2630875344193107
0.0,2.0,2.475481282354858
0.0,2.0,2.4336421062611313
0.0,2.0,0.5029125305998174
0.0,2.0,0.3196794667778359
0.0,2.0,0.6856658688052687
0.0,2.0,-0.100830137949523
0.0,2.0,1.1359025893516101
0.0,2.0,2.0391269911943857
0.0,2.0,1.3766348740491692
0.0,2.0,0.3916514198069607
0.0,2.0,1.2874079146351105
0.0,2.0,0.24917545374888278
0.0,2.0,-0.3951847609963157
0.0,2.0,0.5640903252240976
0.0,2.0,1.762512069778834
0.0,2.0,0.3525210393382369
0.0,2.0,1.1244241906212034
0.0,2.0,1.7430516972089471
0.0,2.0,1.4607972085983796
0.0,2.0,-0.16922641651999426
0.0,2.0,0.9265950574081093
0.0,2.0,0.6925004362458781
0.0,2.0,0.7543833446592129
0.0,2.0,0.8632486360527563
0.0,2.0,-0.07180368663275216
0.0,2.0,0.7023616985255229
0.0,2.0,0.5073691503998672
0.0,2.0,0.8510512942483773
0.0,2.0,0.7467909351011391
0.0,2.0,1.8449912586384212
0.0,2.0,0.7026675859476743
0.0,2.0,0.9134606138224843
0.0,2.0,0.43664920451039585
0.0,2.0,0.5669769598927672
0.0,2.0,0.8890917983905673
0.0,2.0,0.17942714805963123
0.0,2.0,1.7034314997747457
0.0,2.0,1.0647410124111907
0.0,2.0,1.6667982255602547
0.0,2.0,1.2154022204455923
0.0,2.0,0.29893364643908904
0.0,2.0,1.1361810647661712
0.0,2.0,1.3967855572202152
0.0,2.0,1.7478504289999846
0.0,2.0,1.9957504549035752
0.0,2.0,2.0036503179716103
0.0,2.0,1.78735868023475
0.0,2.0,0.3594699457040532
0.0,2.0,1.0164888247281108
0.0,2.0,0.8202843054110841
0.0,2.0,0.805105756006699
0.0,2.0,0.4234613561647401
0.0,2.0,-0.2096798802041132
0.0,2.0,-0.6041963467467496
0.0,2.0,1.4950435360029426
0.0,2.0,-0.26539608773464585
0.0,2.0,1.6620039545531415
0.0,2.0,1.4216471684527323
0.0,2.0,1.5319981247555043
0.0,2.0,-0.1581384194146256
0.0,2.0,-0.11758443877205371
0.0,2.0,2.4593465304545457
0.0,2.0,1.3234368841120154
0.0,2.0,0.4538260959744929
0.0,2.0,0.6258240600832173
0.0,2.0,0.5472444951533106
0.0,2.0,-0.2495598348549528
0.0,2.0,1.1509418009629424
0.0,2.0,1.101163860200442
0.0,2.0,2.207887549383328
0.0,2.0,1.628646480833444
0.0,2.0,1.0054657875971305
0.0,2.0,1.2667312217641953
0.0,2.0,1.623279908334741
0.0,2.0,-0.20261614785717297
0.0,2.0,-0.021791004477086373
0.0,2.0,1.361622124470695
0.0,2.0,0.07418962743635574
0.0,2.0,-0.04713272093887633
0.0,2.0,0.5763061596458026
0.0,2.0,0.9582642834977476
0.0,2.0,1.4711941248136498
0.0,2.0,1.515751556682895
0.0,2.0,1.1637691996315338
0.0,2.0,1.3227027431764988
0.0,2.0,0.8542713676253917
0.0,2.0,1.3326687812624378
0.0,2.0,0.9080795369242431
0.0,2.0,-0.1450023351962345
0.0,2.0,1.7515685088477273
0.0,2.0,1.865230624239647
0.0,2.0,0.6735504793146626
0.0,2.0,0.7874946431262642
0.0,2.0,1.078743116489206
0.0,2.0,1.0954505569401771
0.0,2.0,1.260378115389618
0.0,2.0,1.9929637976973869
0.0,2.0,0.21938988954574434
0.0,2.0,0.5623368918751134
0.0,2.0,1.554199805986491
0.0,2.0,1.2917837490413586
0.0,2.0,0.8688466312848134
0.0,2.0,1.4978182222539826
0.0,2.0,1.9975057165829364
0.0,2.0,0.19891192194833263
0.0,2.0,0.017537016998835253
0.0,2.0,1.2894556546238596
0.0,2.0,1.0693034595098603
0.0,2.0,1.1562578840961155
0.0,2.0,0.296538461312186
0.0,2.0,1.360024960284902
0.0,2.0,1.1315092299152116
0.0,2.0,1.4064534853339943
0.0,2.0,0.2713727386438878
0.0,2.0,1.006425748269686
0.0,2.0,1.0427178703194306
0.0,2.0,1.086648217020474
0.0,2.0,1.459238892969609
0.0,2.0,0.9620493908412843
0.0,2.0,1.7865514473519084
0.0,2.0,1.0722277139116083
0.0,2.0,-0.09860616687194135
0.0,2.0,0.8764499109621557
0.0,2.0,0.9557762917303153
0.0,2.0,0.6101115792368493
0.0,2.0,1.7683946085369189
0.0,2.0,1.3959853436257568
0.0,2.0,1.2980501189108007
0.0,2.0,1.7147118921788713
0.0,2.0,0.4290125551279129
0.0,2.0,1.3784229203940834
0.0,2.0,1.9301907154629747
0.0,2.0,0.16050082971839075
0.0,2.0,0.009211265184509987
0.0,2.0,1.396096621822587
0.0,2.0,0.5095390518560764
0.0,2.0,0.4986391826660388
0.0,2.0,1.409564921662275
0.0,2.0,0.9745294593428564
0.0,2.0,0.7161997123904993
0.0,2.0,1.045063645570178
0.0,2.0,1.0680111332933337
0.0,2.0,0.5040194351653491
0.0,2.0,2.27883043643049
0.0,2.0,0.26969768647323644
0.0,2.0,0.808224340824616
0.0,2.0,0.910721368994407
0.0,2.0,0.3500806402809794
0.0,2.0,0.2618336644409605
0.0,2.0,1.5603589092207881
0.0,2.0,0.7935594039382651
0.0,2.0,2.4629209816877875
0.0,2.0,2.0542969581197266
0.0,2.0,1.0748526320377438
0.0,2.0,1.247390447838973
0.0,2.0,1.1621577206797817
0.0,2.0,0.7119866308205525
0.0,2.0,1.0826293248673204
0.0,2.0,1.2536707009468389
0.0,2.0,0.1595479335700446
0.0,2.0,0.5399084882530012
0.0,2.0,0.4919048981321671
0.0,2.0,-0.8453244566589821
0.0,2.0,0.591403999981343
0.0,2.0,0.6715457796045421
0.0,2.0,0.31531070777325043
0.0,2.0,-0.2024038090020288
0.0,2.0,1.927509271765375
0.0,2.0,2.01289249079839
0.0,2.0,1.125471339587862
0.0,2.0,0.37199307092793443
0.0,2.0,0.2987312566636111
0.0,2.0,0.9122715548256971
0.0,2.0,1.8201704728645105
0.0,2.0,1.2921449820830073
0.0,2.0,0.7222740154241705
0.0,2.0,0.1951075389650212
0.0,2.0,1.5849056117998361
0.0,2.0,1.7540083069536656
0.0,2.0,0.5788847650493589
0.0,2.0,1.8271563444968673
0.0,2.0,1.7127690786157572
0.0,2.0,0.3779392393762982
0.0,2.0,0.30698103761760287
0.0,2.0,1.296797520790998
0.0,2.0,2.1357997019423967
0.0,2.0,0.013860558870797013
0.0,2.0,0.8653893093931404
0.0,2.0,-0.01297715700744484
0.0,2.0,0.9775548115149102
0.0,2.0,-0.017872281882248764
0.0,2.0,0.9276914701290483
0.0,2.0,-0.4694120693518906
0.0,2.0,0.20840315920623775
0.0,2.0,1.8593745451358323
0.0,2.0,0.44937219866188916
0.0,2.0,2.1290225931041866
0.0,2.0,1.194659604077135
0.0,2.0,1.6369995643670794
0.0,2.0,1.9464724975558982
0.0,2.0,0.5662857288549091
0.0,2.0,1.4561289960043904
0.0,2.0,1.1899296725328665
0.0,2.0,0.2656806294653212
0.0,2.0,2.605369963393975
0.0,2.0,0.5667500860059933
0.0,2.0,0.6824490501619732
0.0,2.0,0.4940057334085492
0.0,2.0,0.45213732867343315
0.0,2.0,1.6282419375204595
0.0,2.0,1.1086229788971975
0.0,2.0,1.6453184979555917
0.0,2.0,0.33625464428040136
0.0,2.0,0.011711383813525433
0.0,2.0,0.8153370474913624
0.0,2.0,0.9754749212937524
0.0,2.0,1.670541871752938
0.0,2.0,1.394550800005982
0.0,2.0,0.9402762515195614
0.0,2.0,0.09985729693731973
0.0,2.0,0.9679076781117082
0.0,2.0,1.7909161038058032
0.0,2.0,0.8832399146519072
0.0,2.0,0.2655988083740676
0.0,2.0,1.344425498406218
0.0,2.0,-0.029115378828154626
0.0,2.0,1.9871673668437018
0.0,2.0,0.4756726584616627
0.0,2.0,1.0066789849231275
0.0,2.0,1.1529554851546675
0.0,2.0,0.6648303170102225
0.0,2.0,0.7936503505869863
0.0,2.0,0.3962932561095236
0.0,2.0,0.47463791035900266
0.0,2.0,0.46616593256589006
0.0,2.0,0.8389942946591251
0.0,2.0,1.2333323865829304
0.0,2.0,0.4206023965284981
0.0,2.0,0.9984504768619562
0.0,2.0,0.9632492243081451
0.0,2.0,0.7433010044105639
0.0,2.0,1.0405388240592106
0.0,2.0,1.625470966249597
0.0,2.0,2.667403464332681
0.0,2.0,0.6993646857271424
0.0,2.0,0.504702325193594
0.0,2.0,0.4775058707797619
0.0,2.0,0.6866955378764166
0.0,2.0,1.2015102983561938
0.0,2.0,1.9820885361880405
0.0,2.0,0.06214951186305434
0.0,2.0,0.5118776070694172
0.0,2.0,-0.17734710749050298
0.0,2.0,0.8596220351335266
0.0,2.0,-0.28621341428213687
0.0,2.0,1.3886756646209404
0.0,2.0,1.1722738621060225
0.0,2.0,0.7844885509939015
0.0,2.0,0.8243367055077255
0.0,2.0,0.9787232649525095
0.0,2.0,0.7524030711457055
0.0,2.0,0.6714046439842211
0.0,2.0,1.3167855027846056
0.0,2.0,1.8213312721864021
0.0,2.0,-0.47451844893659045
0.0,2.0,0.2441587239618278
0.0,2.0,0.8007153784719045
0.0,2.0,0.9062704739852729
0.0,2.0,0.32003428154337277
0.0,2.0,1.4050621529639598
0.0,2.0,0.4546462832118251
0.0,2.0,2.527051871737039
0.0,2.0,1.38741525452149
0.0,2.0,1.366363590833752
0.0,2.0,1.16922297246002
0.0,2.0,1.1111334446354002
0.0,2.0,2.3889872907604004
0.0,2.0,0.49696817917114355
0.0,2.0,1.5330072197806788
0.0,2.0,0.9670273565522693
0.0,2.0,1.852857472537802
0.0,2.0,1.4088950346553575
0.0,2.0,1.0969336496676354
0.0,2.0,0.7986440236611642
0.0,2.0,0.7198157791515636
0.0,2.0,1.493385393250959
0.0,2.0,0.6689191931256238
0.0,2.0,0.8892725528471683
0.0,2.0,-0.8094341121055088
0.0,2.0,0.47078163027102193
0.0,2.0,-0.3491036659971978
0.0,2.0,2.4831074481701565
0.0,2.0,0.27306487987484956
0.0,2.0,0.6668411643381943
0.0,2.0,1.4370590532748133
0.0,2.0,1.8745089060491402
0.0,2.0,0.6247363000347189
0.0,2.0,2.055538464029317
0.0,2.0,0.847279980675848
0.0,2.0,1.5887538996760728
0.0,2.0,0.8260293799115773
0.0,2.0,1.704839722534738
0.0,2.0,1.8243715535633003
0.0,2.0,1.7265979085650622
0.0,2.0,0.5299884805279269
0.0,2.0,0.22781429672053904
0.0,2.0,1.0539596900148918
0.0,2.0,0.49146586279019233
0.0,2.0,2.0303825189420275
0.0,2.0,1.8365270826214912
0.0,2.0,0.3143391011153931
0.0,2.0,0.08397952850279278
0.0,2.0,0.6277979213818858
0.0,2.0,2.0897783602884235
0.0,2.0,1.8427505300182134
0.0,2.0,-0.283038699698271
0.0,2.0,0.8951819068029625
0.0,2.0,0.05298601680896864
0.0,2.0,1.6843911230854856
0.0,2.0,1.8261168659639178
0.0,2.0,0.3662894911093749
0.0,2.0,1.2049709780528142
0.0,2.0,0.4492416558277289
0.0,2.0,1.7066772409737763
0.0,2.0,-0.40403694007412017
0.0,2.0,-0.06672986943478793
0.0,2.0,0.36502052053607253
0.0,2.0,1.3129849654038181
0.0,2.0,0.4598675092345961
0.0,2.0,1.9635631884188312
0.0,2.0,-0.5466796227468874
0.0,2.0,1.427071747582167
0.0,2.0,0.7722148528154926
0.0,2.0,2.2472845605319236
0.0,2.0,2.697546238673748
0.0,2.0,0.7659473059395412
0.0,2.0,0.976676177233238
0.0,2.0,1.7525574870406828
0.0,2.0,1.9337838347284042
0.0,2.0,0.7597789192790728
0.0,2.0,0.8195925169467589
0.0,2.0,0.4226630578148395
0.0,2.0,0.27820919307112146
0.0,2.0,1.0052187323445758
0.0,2.0,1.779164289550049
0.0,2.0,1.7444269036480429
0.0,2.0,0.08161830780861562
0.0,2.0,-0.15307610510933323
0.0,2.0,0.5580123183813631
0.0,2.0,0.3506888375195769
0.0,2.0,0.7350673930070475
0.0,2.0,0.9580170280578708
0.0,2.0,0.6791003729157282
0.0,2.0,1.0042237284604607
0.0,2.0,0.6285147979872681
0.0,2.0,0.837013598960981
0.0,2.0,1.6812993214490883
0.0,2.0,0.3548134527364604
0.0,2.0,0.5412169119440818
0.0,2.0,0.6060631986908325
0.0,2.0,0.939028182300802
0.0,2.0,1.4429625023082817
0.0,2.0,1.2631131924981214
0.0,2.0,1.6567236415671915
0.0,2.0,1.164041023088613
0.0,2.0,-0.16994425489451515
0.0,2.0,1.6323519136840123
0.0,2.0,1.2074685498245825
0.0,2.0,-0.3521259594807954
0.0,2.0,1.9321198732647449
0.0,2.0,1.5839668837272165
0.0,2.0,0.5797255496755018
0.0,2.0,1.0197227888904967
0.0,2.0,0.8042633977432146
0.0,2.0,0.6254526297947908
0.0,2.0,1.0112829807926755
0.0,2.0,0.7209095464541351
0.0,2.0,1.2173869481531352
0.0,2.0,1.6704301255652974
0.0,2.0,0.005871279137765473
0.0,2.0,1.236417277726522
0.0,2.0,1.5588954936308688
0.0,2.0,0.4370417608390633
0.0,2.0,-0.026820394962252858
0.0,2.0,0.18717821744239005
0.0,2.0,2.015272147275197
0.0,2.0,1.2257736136173008
0.0,2.0,0.4408017895602301
0.0,2.0,-0.18335611510139077
0.0,2.0,0.21299115894076537
0.0,2.0,1.6798571119191776
0.0,2.0,2.0428873230841362
0.0,2.0,1.6997306057964616
0.0,2.0,0.5785831197544327
0.0,2.0,1.018046053242323
0.0,2.0,1.2964448538366333
0.0,2.0,1.288072437025788
0.0,2.0,1.1378708567388336
0.0,2.0,0.07924359348085419
0.0,2.0,1.1563102900140865
0.0,2.0,0.35367449273479545
0.0,2.0,0.42401990849731286
0.0,2.0,1.3986373146735065
0.0,2.0,2.245387916290182
0.0,2.0,1.539186161352139
0.0,2.0,1.4066599239412865
0.0,2.0,0.4673113848793201
0.0,2.0,0.90668309089174
0.0,2.0,1.0028727273274618
0.0,2.0,1.0224277817919096
0.0,2.0,1.9132345590575122
0.0,2.0,0.7245381123852441
0.0,2.0,0.5717742488466815
0.0,2.0,2.1188461318421767
0.0,2.0,0.8523634261605227
0.0,2.0,1.045965076563983
0.0,2.0,0.94878895029543
0.0,2.0,1.4713076105682696
0.0,2.0,0.0004156209732611438
0.0,2.0,-0.17213960934092976
0.0,2.0,1.3226341275013287
0.0,2.0,1.7300400826565137
0.0,2.0,0.3160886586475142
0.0,2.0,1.026330380103167
0.0,2.0,1.7991302267828904
0.0,2.0,0.6888786989858898
0.0,2.0,0.3495511375087498
0.0,2.0,1.3854351016967814
0.0,2.0,0.32117142791978465
0.0,2.0,1.475157592569313
0.0,2.0,0.5798615250176464
0.0,2.0,2.2201249448812015
0.0,2.0,0.9468169168358843
0.0,2.0,1.0674452776849426
0.0,2.0,1.5872576208190936
0.0,2.0,0.8368889586632209
0.0,2.0,1.2364005511004765
0.0,2.0,0.031039552094699913
0.0,2.0,0.8764503971486824
0.0,2.0,0.6130794506197035
0.0,2.0,0.3836627814662541
0.0,2.0,2.2635580747700135
0.0,2.0,1.4516664649979858
0.0,2.0,1.3919489817745112
0.0,2.0,0.9021512692820483
0.0,2.0,0.4965139182567143
0.0,2.0,0.5012318876602267
0.0,2.0,1.2538270307968764
0.0,2.0,1.2159625487615007
0.0,2.0,0.5935537602899158
0.0,2.0,0.2562779174868356
0.0,2.0,1.5627674757887655
0.0,2.0,0.24061483032886058
0.0,2.0,1.0520196160055917
0.0,2.0,2.009546536389664
0.0,2.0,1.1768941006050386
0.0,2.0,0.6465895966165421
0.0,2.0,-0.06967916275200131
0.0,2.0,1.944803982681466
0.0,2.0,0.9080390046882536
0.0,2.0,1.5734317013045507
0.0,2.0,0.5711168691295848
0.0,2.0,2.2259705545030086
0.0,2.0,1.757539648810544
0.0,2.0,1.4248246220224758
0.0,2.0,0.9507413247460927
0.0,2.0,1.4803137865254048
0.0,2.0,1.6287704317148468
0.0,2.0,0.4448668871365522
0.0,2.0,0.27733666491405695
0.0,2.0,0.8900222773913237
0.0,2.0,1.0734987827349252
0.0,2.0,1.2298303170332174
0.0,2.0,1.7568423315001696
0.0,2.0,0.8589917016477169
0.0,2.0,2.5563843809402123
0.0,2.0,0.35692049929812064
0.0,2.0,1.0018535079420738
0.0,2.0,0.4669636365236545
0.0,2.0,1.6040794043851125
0.0,2.0,0.9824213250450506
0.0,2.0,-0.01460724848820838
0.0,2.0,1.3531122604525605
0.0,2.0,1.0235508174169685
0.0,2.0,1.1071443023086953
0.0,2.0,0.9035471012925284
0.0,2.0,1.3089731665395141
0.0,2.0,-0.015659407040119033
0.0,2.0,1.4874099740439883
0.0,2.0,2.129450157964555
0.0,2.0,0.9385597389087593
0.0,2.0,-0.014526762759696
0.0,2.0,1.2406779287546805
0.0,2.0,2.2658720772938423
0.0,2.0,0.8233270542829856
0.0,2.0,1.2547025920114858
0.0,2.0,1.7372867944163453
0.0,2.0,0.9446588989329423
0.0,2.0,0.530592464731138
0.0,2.0,-0.28665656044261856
0.0,2.0,0.144868672197765
0.0,2.0,2.368635948933188
0.0,2.0,0.9971036991111399
0.0,2.0,2.0894111357784237
0.0,2.0,0.6880825312557836
0.0,2.0,0.7838841326864042
0.0,2.0,1.3244035685467963
0.0,2.0,2.3164176502434857
0.0,2.0,0.02896021119601877
0.0,2.0,0.8358928079659667
0.0,2.0,1.2540727683321342
0.0,2.0,0.8614561857713959
0.0,2.0,1.0150744787787473
0.0,2.0,-0.11783817092857701
0.0,2.0,1.2555103629520883
0.0,2.0,0.7901106345899586
0.0,2.0,-0.2353067175749144
0.0,2.0,0.6824776478441739
0.0,2.0,1.0480296288202415
0.0,2.0,0.6942162382444927
0.0,2.0,0.7461020158820236
0.0,2.0,1.6649435556648986
0.0,2.0,0.8804073408085878
0.0,2.0,1.6616013445910502
0.0,2.0,0.9968304064386913
0.0,2.0,0.20546678316393385
0.0,2.0,-0.030647003932978034
0.0,2.0,1.9336577387059344
0.0,2.0,0.9903990090304033
0.0,2.0,0.10242209745487363
0.0,2.0,1.516358355740916
0.0,2.0,0.24134008557736622
0.0,2.0,0.7191389154824706
0.0,2.0,0.04346710941755211
0.0,2.0,0.8511364014337595
0.0,2.0,-0.28850134615375933
0.0,2.0,1.5573013767236124
0.0,2.0,0.8071476854157029
0.0,2.0,1.342172966784002
0.0,2.0,0.08100794158053082
0.0,2.0,1.184733246892793
0.0,2.0,1.7722392221562553
0.0,2.0,1.1672017091398121
0.0,2.0,1.1405948100542072
0.0,2.0,1.1644623518979247
0.0,2.0,1.6606291456952218
0.0,2.0,0.7024045800225729
0.0,2.0,1.933159726122569
0.0,2.0,1.8846477567914772
0.0,2.0,-0.6186312930824669
0.0,2.0,1.0861376698800802
0.0,2.0,1.7618895310888776
0.0,2.0,1.504975887758838
0.0,2.0,0.6552895612354408
0.0,2.0,1.8904580673802502
0.0,2.0,2.365809228287413
0.0,2.0,-0.4015691402198247
0.0,2.0,1.4109871592103937
0.0,2.0,2.0779961587767897
0.0,2.0,0.7823138372664651
0.0,2.0,0.6204019556249933
0.0,2.0,0.725513919905409
0.0,2.0,-0.01275963877478814
0.0,2.0,1.9226875684806377
0.0,2.0,1.8057731299324802
0.0,2.0,1.3731387436054199
0.0,2.0,1.281458578704699
0.0,2.0,1.7642137529052757
0.0,2.0,1.662046986200957
0.0,2.0,2.042299807656099
0.0,2.0,1.3919600968192483
0.0,2.0,0.28035726001834504
0.0,2.0,0.7221280106678678
0.0,2.0,0.4510779792880084
0.0,2.0,1.1043718255372938
0.0,2.0,1.0265421239323302
0.0,2.0,0.1931288851629846
0.0,2.0,0.7157663928754203
0.0,2.0,0.013801985967426211
0.0,2.0,0.8690814226871041
0.0,2.0,1.3733421198268885
0.0,2.0,0.9343614009623882
0.0,2.0,1.7536732810522047
0.0,2.0,0.730299305525022
0.0,2.0,1.22310487976501
0.0,2.0,1.2983096246344863
0.0,2.0,2.0066175481454245
0.0,2.0,0.6541924612134769
0.0,2.0,2.196306399637435
0.0,2.0,1.0501013501708911
0.0,2.0,1.5394008254341016
0.0,2.0,0.949318096487694
0.0,2.0,0.924224401621244
0.0,2.0,1.5218177059431093
0.0,2.0,0.6087041399203066
0.0,2.0,0.36797023926487304
0.0,2.0,1.3301113252998091
0.0,2.0,0.2412673581502709
0.0,2.0,0.5525697877542444
0.0,2.0,1.7157430922748318
0.0,2.0,2.0827385828813414
0.0,2.0,-0.14119857585484835
0.0,2.0,2.0347513778739517
0.0,2.0,1.9060428701475627
0.0,2.0,-0.3911803145524425
0.0,2.0,1.5740780210288137
0.0,2.0,0.4416499607352512
0.0,2.0,1.314484161103737
0.0,2.0,-0.6161655021153251
0.0,2.0,0.03064067693353728
0.0,2.0,0.7986017407462354
0.0,2.0,0.9401446303826667
0.0,2.0,0.28586171894395407
0.0,2.0,1.486781802756568
0.0,2.0,0.23343564796083793
0.0,2.0,2.085591358919019
0.0,2.0,0.548958896016447
0.0,2.0,1.2984117877433232
0.0,2.0,1.6125484753337436
0.0,2.0,0.6294623418643609
0.0,2.0,1.3464703405362863
0.0,2.0,1.1880825178665302
0.0,2.0,0.8651870348335376
0.0,2.0,2.161054903027371
0.0,2.0,0.9580399421091814
0.0,2.0,1.5085769446534003
0.0,2.0,0.9856409281405979
0.0,2.0,0.44247357184847735
0.0,2.0,1.6862745838896473
0.0,2.0,0.5435100663651464
0.0,2.0,0.8856705812663
0.0,2.0,0.9840866537528977
0.0,2.0,1.282045860754303
0.0,2.0,0.5133555382755404
0.0,2.0,0.9817009277508368
0.0,2.0,1.0982748606305168
0.0,2.0,2.1883138599499485
0.0,2.0,1.230554641922935
0.0,2.0,0.8318094663563865
0.0,2.0,0.25905398788528017
0.0,2.0,0.7940385392627147
0.0,2.0,0.9035938765413197
0.0,2.0,1.5183426884618025
0.0,2.0,1.01641729726826
0.0,2.0,-0.11746287127811328
0.0,2.0,2.674231907252598
0.0,2.0,2.2100803065053394
0.0,2.0,2.7877353357151833
0.0,2.0,1.2536655687814902
0.0,2.0,0.6739236662839669
0.0,2.0,1.0766409581823584
0.0,2.0,0.9634905568853499
0.0,2.0,0.8750835183811322
0.0,2.0,1.332133553675972
0.0,2.0,1.2219662751149307
0.0,2.0,1.4945778324041041
0.0,2.0,-0.21045820466735443
0.0,2.0,1.8821042693525047
0.0,2.0,0.26594603267806416
0.0,2.0,-0.1267061100307344
0.0,2.0,2.2552912853807907
0.0,2.0,2.5046616100257597
0.0,2.0,0.6280078058747647
0.0,2.0,0.8376914226142362
0.0,2.0,0.047088751927635675
0.0,2.0,1.5084589626531215
0.0,2.0,2.114364680117914
0.0,2.0,1.537124133279508
0.0,2.0,0.23247872509313883
0.0,2.0,1.4002045637680576
0.0,2.0,1.0595313989263615
0.0,2.0,1.300292297597998
0.0,2.0,1.9249826990544832
0.0,2.0,0.7014528905732889
0.0,2.0,1.635554799113642
0.0,2.0,1.7560819075470764
0.0,2.0,-0.5497651756665689
0.0,2.0,0.7971210092085375
0.0,2.0,1.2619835036234868
0.0,2.0,-0.013864892432112641
0.0,2.0,0.9863198145420534
0.0,2.0,0.8863003282673648
0.0,2.0,1.4427853771205827
0.0,2.0,1.2184580114592531
0.0,2.0,1.1525476371098793
0.0,2.0,1.2274780714224638
0.0,2.0,0.30667878090244566
0.0,2.0,1.2227304282982536
0.0,2.0,1.6968560029209487
0.0,2.0,1.8175869174057713
0.0,2.0,0.7226386088497537
0.0,2.0,1.8043258390891364
0.0,2.0,1.6241166088375192
0.0,2.0,0.7176830026561752
0.0,2.0,1.5820465714798115
0.0,2.0,-0.030492193536771406
0.0,2.0,0.8936343724706655
0.0,2.0,1.5404822457853575
0.0,2.0,1.2211271854231005
0.0,2.0,0.07209747141569978
0.0,2.0,0.6224085854597255
0.0,2.0,1.9270025863872025
0.0,2.0,0.8609341112688321
0.0,2.0,-0.1726174407397908
0.0,2.0,0.5830111004201468
0.0,2.0,1.3649480270754313
0.0,2.0,-0.4377465609658421
0.0,2.0,0.18088087220469362
0.0,2.0,1.3816996588774135
0.0,2.0,-0.1247402498749971
0.0,2.0,1.1667218105228239
0.0,2.0,1.8120949749240791
0.0,2.0,1.1032817695405852
0.0,2.0,0.25932350928501524
0.0,2.0,0.8427444561602964
0.0,2.0,1.4601052584242613
0.0,2.0,0.21473260650718373
0.0,2.0,0.6099710993323831
0.0,2.0,1.1573037524163277
0.0,2.0,1.2918127861405797
0.0,2.0,0.9619680890530364
0.0,2.0,1.3291307432594694
0.0,2.0,1.8023546839409903
0.0,2.0,0.6384587257506341
0.0,2.0,0.7771941609280888
0.0,2.0,1.3305807120144264
0.0,2.0,1.0159872236570124
0.0,2.0,0.8055663500764331
0.0,2.0,0.8296685573844004
0.0,2.0,1.001263251122154
0.0,2.0,2.734680065331892
0.0,2.0,0.34861108591947265
0.0,2.0,0.3852122531873201
0.0,2.0,-0.4391476154546813
0.0,2.0,0.9794990776923422
0.0,2.0,0.3458748347942644
0.0,2.0,1.7567139500866107
0.0,2.0,0.8926598142507913
0.0,2.0,0.7766356960490061
0.0,2.0,0.9450248996383922
0.0,2.0,1.6403514763643994
0.0,2.0,0.12015596148561003
0.0,2.0,2.0709568465482926
0.0,2.0,1.637421444586041
0.0,2.0,0.4056768386792144
0.0,2.0,0.6435920737274611
0.0,2.0,0.6220222477910851
0.0,2.0,1.4426676953570565
0.0,2.0,0.6833799370861293
0.0,2.0,0.5093496797356493
0.0,2.0,1.4198563185593254
0.0,2.0,0.47008416539824066
0.0,2.0,0.05675331878891399
0.0,2.0,1.4305017217151037
0.0,2.0,1.1276098165083628
0.0,2.0,1.692947325748328
0.0,2.0,1.93288628587205
0.0,2.0,1.5717699206588456
0.0,2.0,1.660164457593846
0.0,2.0,0.003938431200217862
0.0,2.0,0.2119307956680564
0.0,2.0,1.4218394060246824
0.0,2.0,1.3433667031934833
0.0,2.0,0.1404203340428477
0.0,2.0,0.7682693877022148
0.0,2.0,1.790299931880547
0.0,2.0,0.46907154517105715
0.0,2.0,0.9044787323891619
0.0,2.0,0.2763957840030276
0.0,2.0,1.178189871308783
0.0,2.0,0.48845868587335
0.0,2.0,2.3208458796184153
0.0,2.0,-0.06262336736069363
0.0,2.0,2.1953922181915617
0.0,2.0,2.9289113516884377
0.0,2.0,0.6774776615992121
0.0,2.0,0.7505530860255352
0.0,2.0,0.8836219648710768
0.0,2.0,0.6126557009199363
0.0,2.0,1.4718053602651286
0.0,2.0,1.9552863324741616
0.0,2.0,0.4087558076300013
0.0,2.0,0.449072637507238
0.0,2.0,0.5529557974762666
0.0,2.0,2.073520156147227
0.0,2.0,1.8459138170546707
0.0,2.0,-0.23003139139642204
0.0,2.0,-0.02767387292091078
0.0,2.0,2.123844864207506
0.0,2.0,0.3419021335946471
0.0,2.0,1.5376711042857818
0.0,2.0,0.24085966713284013
0.0,2.0,0.10409959736179415
0.0,2.0,0.22518529498801798
0.0,2.0,2.7979817744491693
0.0,2.0,1.4903829503930315
0.0,2.0,0.4403838225977281
0.0,2.0,-0.1274473269668478
0.0,2.0,0.5998485942850483
0.0,2.0,1.0222879846316262
0.0,2.0,1.7082214082170504
0.0,2.0,0.7980624680099236
0.0,2.0,1.1647666096357914
0.0,2.0,0.39110011608083156
0.0,2.0,0.9353847012245522
0.0,2.0,1.268128632163105
0.0,2.0,0.16635108045489266
0.0,2.0,0.06587949600678777
0.0,2.0,1.3477631730168484
0.0,2.0,1.6661427428999382
0.0,2.0,0.10597251380068229
0.0,2.0,1.1941107014784023
0.0,2.0,0.7320381824679612
0.0,2.0,1.581848062650978
0.0,2.0,1.2396325140272137
0.0,2.0,0.6266066360712471
0.0,2.0,1.193087871966401
0.0,2.0,1.549761722864214
0.0,2.0,1.0908719579647772
0.0,2.0,-0.2986442498455625
0.0,2.0,0.8678232965021015
0.0,2.0,1.2274768105423788
0.0,2.0,0.25130671494897283
0.0,2.0,1.1131724095712414
0.0,2.0,1.7858548702861665
0.0,2.0,0.9996140092171905
0.0,2.0,0.02380602014955077
0.0,2.0,0.6549683213982083
0.0,2.0,1.1937325840229105
0.0,2.0,1.2746410097985759
0.0,2.0,1.7770428524420778
0.0,2.0,0.7655190573482077
0.0,2.0,1.6572610355053319
0.0,2.0,0.1291285955489534
0.0,2.0,1.1708234477977708
0.0,2.0,1.135051917379758
0.0,2.0,1.8691343298819976
0.0,2.0,1.6190849082117085
0.0,2.0,0.36348726059613873
0.0,2.0,1.391506135715726
0.0,2.0,1.1925544499327492
0.0,2.0,0.5641992842606136
0.0,2.0,0.6709957157168656
0.0,2.0,1.3553023152184476
0.0,2.0,0.5706107603494427
0.0,2.0,1.6312382561379246
0.0,2.0,1.400529826607576
0.0,2.0,1.184292240412349
0.0,2.0,0.8939846420275998
0.0,2.0,1.000117284024133
0.0,2.0,1.3754641839496973
0.0,2.0,0.8749792774168579
0.0,2.0,0.32200544681162946
0.0,2.0,1.6863717078250362
0.0,2.0,1.0255910911415036
0.0,2.0,2.1056741096130365
0.0,2.0,1.3983618210884994
0.0,2.0,0.9632825305153099
0.0,2.0,0.8411000937951266
0.0,2.0,1.0299491684950242
0.0,2.0,0.5524385641709504
0.0,2.0,-0.19335691473548244
0.0,2.0,0.6529356676461959
0.0,2.0,1.050958114887109
0.0,2.0,1.1428259493918673
0.0,2.0,1.9817300260457924
0.0,2.0,0.7158282969689974
0.0,2.0,0.9195724584479975
0.0,2.0,1.4380161207799882
0.0,2.0,1.6599939258839584
0.0,2.0,0.057848250003258606
0.0,2.0,1.1227337111110625
0.0,2.0,2.4597689512791594
0.0,2.0,2.388868221075173
0.0,2.0,-0.21444367128169495
0.0,2.0,1.7637483997438288
0.0,2.0,0.7679164603777582
0.0,2.0,0.4981422346791618
0.0,2.0,1.1060067917196326
0.0,2.0,1.795286091025822
0.0,2.0,-0.17996027373693535
0.0,2.0,1.7756380426600344
0.0,2.0,0.6942220545663407
0.0,2.0,0.6130081460542063
0.0,2.0,1.5832116884249006
0.0,2.0,0.4458106982547744
0.0,2.0,1.1630832224787744
0.0,2.0,1.2766341173242983
0.0,2.0,-0.6019045947629044
0.0,2.0,0.7895370909379416
0.0,2.0,0.779762265909931
0.0,2.0,0.7813794902319444
0.0,2.0,2.050754770477366
0.0,2.0,0.49778893502374644
0.0,2.0,-0.3144234661098728
0.0,2.0,2.043181888363975
0.0,2.0,1.5663006128070487
0.0,2.0,1.9418728582653986
0.0,2.0,0.8867511097026191
0.0,2.0,0.4013430521243364
0.0,2.0,0.10934583306845491
0.0,2.0,0.511490966292949
0.0,2.0,0.7753742908154426
0.0,2.0,0.9417322686822296
0.0,2.0,1.6439942598652122
0.0,2.0,0.18572892586673817
0.0,2.0,0.6183401229666595
0.0,2.0,0.05119814181572857
0.0,2.0,0.5887913547043542
0.0,2.0,-0.09651845847600682
0.0,2.0,1.6122335579340787
0.0,2.0,1.3592458797034452
0.0,2.0,0.003432856894516334
0.0,2.0,1.1223444737532875
0.0,2.0,0.6584254444829052
0.0,2.0,0.4765066024473863
0.0,2.0,0.4017853718510095
0.0,2.0,0.028976342201972982
0.0,2.0,-0.2614266121314951
0.0,2.0,1.072098510272662
0.0,2.0,0.5039397140822282
0.0,2.0,0.8949608428029966
0.0,2.0,1.553518656149316
0.0,2.0,0.6322247032812935
0.0,2.0,0.33187280760347504
0.0,2.0,0.7330730738810035
0.0,2.0,0.08272999092651398
0.0,2.0,1.996385306448161
0.0,2.0,0.43444648218195814
0.0,2.0,0.8589254787787137
0.0,2.0,0.64484501514193
0.0,2.0,0.28815196774131757
0.0,2.0,0.8397090799104804
0.0,2.0,2.4345384764898874
0.0,2.0,-0.10778959834266
0.0,2.0,0.5780238519067029
0.0,2.0,-0.08212547399737713
0.0,2.0,-0.17405200086074224
0.0,2.0,2.140473865378388
0.0,2.0,0.2311965542479449
0.0,2.0,1.9991848753636927
0.0,2.0,0.7714444469629418
0.0,2.0,0.2041004473374749
0.0,2.0,1.259999983743525
0.0,2.0,1.2619269428869586
0.0,2.0,-0.18036490159470708
0.0,2.0,1.0591530176354889
0.0,2.0,1.8067100020635585
0.0,2.0,1.144890201530701
0.0,2.0,0.8314687023563907
0.0,2.0,0.3741913800050538
0.0,2.0,0.3077161535772169
0.0,2.0,1.4225517216740198
0.0,2.0,0.6314467482407199
0.0,2.0,0.09486825003350824
0.0,2.0,2.050187815519422
0.0,2.0,1.173181301527763
0.0,2.0,0.8585910960840482
0.0,2.0,2.4589891662160386
0.0,2.0,1.0340829406848528
0.0,2.0,1.8961074640178963
0.0,2.0,0.3755828486892881
0.0,2.0,0.8637598641065231
0.0,2.0,1.4033916639653574
0.0,2.0,1.1347084994915173
0.0,2.0,0.6766335414318262
0.0,2.0,-0.452948450960138
0.0,2.0,0.09631262010811481
0.0,2.0,0.9089745694816351
0.0,2.0,1.5480946546531078
0.0,2.0,0.6024950919688254
0.0,2.0,0.8050833956574338
0.0,2.0,1.2834612049629983
0.0,2.0,1.7181846764040745
0.0,2.0,1.2940866179202428
0.0,2.0,0.41483481627086005
0.0,2.0,0.7033393810363084
0.0,2.0,0.38295286925207256
0.0,2.0,2.456534478864916
0.0,2.0,1.3001559610117925
0.0,2.0,1.3088275452960203
0.0,2.0,1.3431674017169832
0.0,2.0,0.9896537310057126
0.0,2.0,0.785899823391151
0.0,2.0,1.5109072185804089
0.0,2.0,1.1801805688634295
0.0,2.0,1.2128362210555668
0.0,2.0,0.9050991976016671
0.0,2.0,2.9545172315517547
0.0,2.0,1.1737892454624752
0.0,2.0,1.2053104957024425
0.0,2.0,-0.8062907884563356
0.0,2.0,1.188306749610699
0.0,2.0,1.1657595755890016
0.0,2.0,0.9639015393550505
0.0,2.0,1.37497791073304
0.0,2.0,1.1629285414833657
0.0,2.0,0.7605833401126545
0.0,2.0,1.51429960225656
0.0,2.0,1.6551364695321897
0.0,2.0,0.7092388435185316
0.0,2.0,1.2737206987495338
0.0,2.0,0.9216324283998562
0.0,2.0,1.6980695265614572
0.0,2.0,0.9452585473563309
0.0,2.0,1.999564680704039
0.0,2.0,-0.20909666552783734
0.0,2.0,1.2965833893525698
0.0,2.0,1.7692503362559655
0.0,2.0,0.8488559710456479
0.0,2.0,-0.0664221057235248
0.0,2.0,-0.3373701698905709
0.0,2.0,1.1088194667816968
0.0,2.0,0.7337798695409866
0.0,2.0,1.7567940516067175
0.0,2.0,0.8358638632402451
0.0,2.0,1.4794898589008139
0.0,2.0,1.9165057941380812
0.0,2.0,1.8612021892318276
0.0,2.0,0.45968587521574134
0.0,2.0,1.1016410938734318
0.0,2.0,1.6096105679441917
0.0,2.0,0.3542074858560332
0.0,2.0,1.9027731464054507
0.0,2.0,1.1873060439744643
0.0,2.0,0.9488776414075021
0.0,2.0,0.45713386905066744
0.0,2.0,0.3989286651119508
0.0,2.0,1.2566562862752797
0.0,2.0,0.26678168777037903
0.0,2.0,-0.37847193839394644
0.0,2.0,1.9281862579982947
0.0,2.0,1.5806562406444598
0.0,2.0,1.0483500189072072
0.0,2.0,0.7588044633942304
0.0,2.0,2.1239818906453216
0.0,2.0,1.3656708952794523
0.0,2.0,0.8330724862745856
0.0,2.0,1.2381743606466133
0.0,2.0,2.246586067191239
0.0,2.0,0.4705983312200515
0.0,2.0,0.8961042567723909
0.0,2.0,1.2775063146559342
0.0,2.0,1.9136905624110225
0.0,2.0,0.27855806017106544
0.0,2.0,1.170595924805176
0.0,2.0,1.2753419001549502
0.0,2.0,1.0091954725611099
0.0,2.0,-0.4781964396239423
0.0,2.0,1.3883466111130687
0.0,2.0,0.8626957014882977
0.0,2.0,0.48117656444025164
0.0,2.0,1.0662475017499893
0.0,2.0,1.7106383013602533
0.0,2.0,1.3002620260001936
0.0,2.0,1.2687262241369675
0.0,2.0,2.8598393520427408
0.0,2.0,0.937093676396214
0.0,2.0,0.5343137453271227
0.0,2.0,0.8313085219176581
0.0,2.0,0.15747732125214964
0.0,2.0,1.7428707384267885
0.0,2.0,1.350260383864715
0.0,2.0,0.8174378551627522
0.0,2.0,0.6050626793980987
0.0,2.0,1.274668118776558
0.0,2.0,1.685472678535132
0.0,2.0,0.1800660349821226
0.0,2.0,2.172476471092196
0.0,2.0,1.3161342088786367
0.0,2.0,1.0735745752217722
0.0,2.0,1.2884586097691715
0.0,2.0,0.9880823104853982
0.0,2.0,1.0379543976587193
0.0,2.0,0.8707528956107273
0.0,2.0,0.19173114026072757
0.0,2.0,1.389515210205707
0.0,2.0,1.429078017614454
0.0,2.0,0.5861959338425193
0.0,2.0,-0.3379210426935608
0.0,2.0,0.7878236688428732
0.0,2.0,1.1461701420232278
0.0,2.0,1.118523885264216
0.0,2.0,2.1263242057289795
0.0,2.0,1.8756650348456365
0.0,2.0,0.6324423096887615
0.0,2.0,0.6006873251619664
0.0,2.0,0.7542803768450266
0.0,2.0,1.0030858055098353
0.0,2.0,1.567222045196523
0.0,2.0,2.4770398592146927
0.0,2.0,0.3592005836605504
0.0,2.0,0.5627980048679757
0.0,2.0,1.7255985871472255
0.0,2.0,2.861122667469268
0.0,2.0,0.16331251351146053
0.0,2.0,1.030008416528177
0.0,2.0,1.6862931645820378
0.0,2.0,0.5773294200675518
0.0,2.0,0.4103384289491843
0.0,2.0,2.2583263866735006
0.0,2.0,0.9252988638999955
0.0,2.0,1.043345703173039
0.0,2.0,0.5142781653597839
0.0,2.0,1.474260101586896
0.0,2.0,0.5929845307860185
0.0,2.0,0.9571541133350668
0.0,2.0,2.15692093445763
0.0,2.0,-0.09773725089178797
0.0,2.0,1.0707120564754693
0.0,2.0,2.144326172851702
0.0,2.0,2.0158027226053
0.0,2.0,0.2865586980749746
0.0,2.0,2.16020241204998
0.0,2.0,0.26906601790448487
0.0,2.0,0.8681371121384241
0.0,2.0,2.201672950950598
0.0,2.0,1.2068514163197974
0.0,2.0,0.9020940859349081
0.0,2.0,0.3373234301889637
0.0,2.0,-0.1737689639569704
0.0,2.0,0.9568727619620132
0.0,2.0,1.6639526749295985
0.0,2.0,0.7064991119116243
0.0,2.0,0.17923854062362177
0.0,2.0,1.0270698741757958
0.0,2.0,0.7543471761694289
0.0,2.0,-0.5259430306638535
0.0,2.0,0.3663656564812353
0.0,2.0,-0.0696275533120223
0.0,2.0,1.6348139545590161
0.0,2.0,1.7808956262293052
0.0,2.0,0.6992598743323846
0.0,2.0,1.1511915262356383
0.0,2.0,1.0017539914910318
0.0,2.0,0.8538456825193443
0.0,2.0,-0.2637148223248088
0.0,2.0,1.499609269844076
0.0,2.0,0.34077014650224585
0.0,2.0,1.8260332230542782
0.0,2.0,0.15902269364490923
0.0,2.0,0.49641322998510135
0.0,2.0,2.2067815424739132
0.0,2.0,1.5302607066575982
0.0,2.0,1.3677745071941
0.0,2.0,0.2992045837136216
0.0,2.0,0.23479396320040832
0.0,2.0,0.980616896835447
0.0,2.0,0.6844125732690687
0.0,2.0,2.3794835460424038
0.0,2.0,0.9488542686567324
0.0,2.0,0.4194556822069345
0.0,2.0,0.16123092110326942
0.0,2.0,0.4499683651791012
0.0,2.0,0.8763162699948618
0.0,2.0,1.293460656073897
0.0,2.0,1.043967157947534
0.0,2.0,1.0691529738028658
0.0,2.0,1.314052158750452
0.0,2.0,1.0474662474295195
0.0,2.0,0.7250965806839533
0.0,2.0,1.445315897951872
0.0,2.0,1.7839920456091973
0.0,2.0,2.238566192872086
0.0,2.0,1.7266849236621709
0.0,2.0,1.3895535602166027
0.0,2.0,1.672809214524067
0.0,2.0,0.6744237429108936
0.0,2.0,0.38877682135405894
0.0,2.0,0.8547158301165014
0.0,2.0,1.5740507622021616
0.0,2.0,1.6401130872487621
0.0,2.0,0.9788653375096269
0.0,2.0,0.009538311541945038
0.0,2.0,1.8729917563715506
0.0,2.0,1.4964261938647865
0.0,2.0,0.5274785450425464
0.0,2.0,1.1577209516516822
0.0,2.0,0.6239444550688925
0.0,2.0,1.1762541254669099
0.0,2.0,0.8356373010612329
0.0,2.0,0.08456321993884341
0.0,2.0,1.604404014430603
0.0,2.0,0.5231831254111741
0.0,2.0,0.790129442873192
0.0,2.0,0.5098897225332397
0.0,2.0,1.0611136358187232
0.0,2.0,0.9564304413755274
0.0,2.0,0.9769042414005349
0.0,2.0,0.5223203353369423
0.0,2.0,1.1285764668540976
0.0,2.0,1.594798704982956
0.0,2.0,0.2944116553162907
0.0,2.0,0.4086011649854282
0.0,2.0,1.2784608904641441
0.0,2.0,0.15857825298308867
0.0,2.0,0.5751549519589312
0.0,2.0,1.648787963561607
0.0,2.0,0.024327514933962735
0.0,2.0,1.6445664111133866
0.0,2.0,0.9236180696417948
0.0,2.0,0.9193830923642685
0.0,2.0,0.7462636786406789
0.0,2.0,2.2336194742205757
0.0,2.0,1.7087953488600034
0.0,2.0,1.3452270429960733
0.0,2.0,1.2264545598059733
0.0,2.0,1.0589894834246438
0.0,2.0,0.7323510436856733
0.0,2.0,0.8302407061642735
0.0,2.0,0.6897746423796904
0.0,2.0,1.333762196301082
0.0,2.0,0.33702688920781504
0.0,2.0,0.22460578672117532
0.0,2.0,0.7567904370090388
0.0,2.0,1.4163743419152037
0.0,2.0,0.2591121931298406
0.0,2.0,1.4262281546959674
0.0,2.0,1.0279088820764735
0.0,2.0,1.1954184526326461
0.0,2.0,0.4618179837202151
0.0,2.0,0.7716495132356003
0.0,2.0,1.8686136766210986
0.0,2.0,1.3149285548977918
0.0,2.0,0.3529029124881625
0.0,2.0,-0.4147495029354483
0.0,2.0,1.392335377729274
0.0,2.0,1.477955871900184
0.0,2.0,-0.5918634194149092
0.0,2.0,1.554877623816211
0.0,2.0,0.37129258995422965
0.0,2.0,0.4733252033750213
0.0,2.0,0.4299097505365638
0.0,2.0,1.1517186509244919
0.0,2.0,1.1748467033516545
0.0,2.0,2.01699523389616
0.0,2.0,0.18957742247354914
0.0,2.0,1.1225896763006018
0.0,2.0,1.9951398141888947
0.0,2.0,1.1084299791448595
0.0,2.0,1.4019264245661154
0.0,2.0,0.7034148930950801
0.0,2.0,-0.07360574357572108
0.0,2.0,0.17562985967740252
0.0,2.0,1.8857620755241165
0.0,2.0,2.0696438482116464
0.0,2.0,1.2279392294858467
0.0,2.0,-0.25350941557612006
0.0,2.0,1.5187501364401612
0.0,2.0,1.4724851535972823
0.0,2.0,0.432441307389918
0.0,2.0,0.773069919256573
0.0,2.0,1.8298094014745239
0.0,2.0,0.3265840596974576
0.0,2.0,1.6980387662164693
0.0,2.0,0.20718943808536427
0.0,2.0,1.1258341791369924
0.0,2.0,1.5468391813725464
0.0,2.0,2.4322960191241894
0.0,2.0,1.8366714401698714
0.0,2.0,1.3487377141516879
0.0,2.0,1.531684854352878
0.0,2.0,0.9632131425336814
0.0,2.0,0.7898608604315782
0.0,2.0,0.8670743504330183
0.0,2.0,1.4698007523684948
0.0,2.0,2.694145725783121
0.0,2.0,0.8109473750884045
0.0,2.0,0.4413436437320597
0.0,2.0,0.21961992779472866
0.0,2.0,0.01873001776751748
0.0,2.0,0.4571223665955235
0.0,2.0,0.22951696276157507
0.0,2.0,0.7376415815566102
0.0,2.0,1.7114314284715215
0.0,2.0,0.7105654833494695
0.0,2.0,1.1834004864858256
0.0,2.0,1.0657681712638323
0.0,2.0,1.3801658619223907
0.0,2.0,0.06715635183469998
0.0,2.0,0.12413332632936247
0.0,2.0,1.1320417848608584
0.0,2.0,0.8230513245458462
0.0,2.0,0.671810061031592
0.0,2.0,1.112203629245835
0.0,2.0,0.8517767069154311
0.0,2.0,1.6389784335408586
0.0,2.0,0.28539153691496555
0.0,2.0,1.8506671323510075
0.0,2.0,1.532003114625017
0.0,2.0,0.822268789139473
0.0,2.0,0.11608146971852956
0.0,2.0,1.3563461871605216
0.0,2.0,0.7639762322525157
0.0,2.0,0.5390718007943047
0.0,2.0,1.240100509692937
0.0,2.0,1.3521493496841461
0.0,2.0,1.5558097857394992
0.0,2.0,-0.57893877585784
0.0,2.0,0.5515743593824542
0.0,2.0,1.0993243887944308
0.0,2.0,-0.2237502847736902
0.0,2.0,2.22690242929601
0.0,2.0,0.22450380329532094
0.0,2.0,1.6351847463863807
0.0,2.0,0.722750866008917
0.0,2.0,-0.3101452180458413
0.0,2.0,-0.26833237028300894
0.0,2.0,-0.04206774274708819
0.0,2.0,0.6588906018046974
0.0,2.0,1.2219190331412224
0.0,2.0,0.35445884589802246
0.0,2.0,0.6201464002960433
0.0,2.0,0.9969708622815913
0.0,2.0,-0.18604219385734544
0.0,2.0,1.6436740081252108
0.0,2.0,1.2897669485062222
0.0,2.0,0.8689600976695975
0.0,2.0,1.1861429452136492
0.0,2.0,0.8129240271887727
0.0,2.0,1.5169593169441864
0.0,2.0,1.904617486465237
0.0,2.0,1.7206477696551166
0.0,2.0,0.9165097648813445
0.0,2.0,1.6400270952203848
0.0,2.0,1.5422883956088476
0.0,2.0,1.9047408109024215
0.0,2.0,1.564087013513086
0.0,2.0,1.7463879857867939
0.0,2.0,0.9005685431220032
0.0,2.0,0.023966379820670958
0.0,2.0,1.1991443079999087
0.0,2.0,1.6318623196154987
0.0,2.0,0.16172819703420105
0.0,2.0,1.0056578316029114
0.0,2.0,0.7812559084217231
0.0,2.0,1.4281550796170301
0.0,2.0,0.10735648691119437
0.0,2.0,1.3723790842883976
0.0,2.0,-0.6209697043383952
0.0,2.0,0.9629606050567837
0.0,2.0,0.7815326863714578
0.0,2.0,1.0283372226638996
0.0,2.0,0.05957296742503526
0.0,2.0,1.3570444543447566
0.0,2.0,1.7557882391430166
0.0,2.0,1.5667150133690444
0.0,2.0,0.4660643049965081
0.0,2.0,0.5379727298322603
0.0,2.0,0.6572934231633085
0.0,2.0,1.5109713515854302
0.0,2.0,0.06464524826387119
0.0,2.0,0.46797207080951814
0.0,2.0,0.8009082207347644
0.0,2.0,0.4049211472632887
0.0,2.0,0.42281223702870535
0.0,2.0,-0.03786619654415846
0.0,2.0,2.438715737954584
0.0,2.0,0.659938993521554
0.0,2.0,0.988724710747406
0.0,2.0,1.3193459888154864
0.0,2.0,1.7200168944531666
0.0,2.0,1.6588461175914266
0.0,2.0,1.1581531188471152
0.0,2.0,2.004600518373966
0.0,2.0,0.7220481298190086
0.0,2.0,2.170834225112366
0.0,2.0,0.767160761806253
0.0,2.0,0.8605172408889222
0.0,2.0,1.870498472525123
0.0,2.0,0.5651368354455548
0.0,2.0,0.6921175638063731
0.0,2.0,-0.4715693069023328
0.0,2.0,1.7515204657194021
0.0,2.0,0.054267245613632276
0.0,2.0,1.3159489987815434
0.0,2.0,1.3780510649599331
0.0,2.0,1.0644812561031756
0.0,2.0,1.1207545205791547
0.0,2.0,0.8727754441449795
0.0,2.0,-0.5393982450529897
0.0,2.0,1.445692843018259
0.0,2.0,0.7341650187923594
0.0,2.0,1.7363368692484848
0.0,2.0,1.3931216888978548
0.0,2.0,0.9509158295767368
0.0,2.0,1.5558578594956698
0.0,2.0,1.646761001867177
0.0,2.0,1.388282588484542
0.0,2.0,0.024663801760005016
0.0,2.0,-0.09222985272486928
0.0,2.0,1.4754611252420928
0.0,2.0,2.194746983826386
0.0,2.0,1.740611664884645
0.0,2.0,1.8539220996835988
0.0,2.0,0.40095103836782475
0.0,2.0,0.8575713514151857
0.0,2.0,0.7655066146262455
0.0,2.0,1.5726982041874324
0.0,2.0,1.5778694159965303
0.0,2.0,-0.3234578526238826
0.0,2.0,0.0318813055402577
0.0,2.0,0.3045824903931848
0.0,2.0,1.3787288660414143
0.0,2.0,2.397016383988328
0.0,2.0,0.4873599967459444
0.0,2.0,1.1317049891949227
0.0,2.0,0.7535199054631806
0.0,2.0,0.5254133578381631
0.0,2.0,1.7828557184404985
0.0,2.0,0.25284950688348745
0.0,2.0,1.809967630878131
0.0,2.0,1.3534851951424383
0.0,2.0,2.3092679114832233
0.0,2.0,-0.26129546256052505
0.0,2.0,1.9401240777370259
0.0,2.0,2.625896818023018
0.0,2.0,2.0431895764123764
0.0,2.0,0.3287258375630685
0.0,2.0,-0.47365051181837414
0.0,2.0,0.30816994825916155
0.0,2.0,1.60507982569918
0.0,2.0,-0.34139566853538084
0.0,2.0,1.3973924424870634
0.0,2.0,0.8892533491084061
0.0,2.0,0.6137427710242844
0.0,2.0,1.9946694768744893
0.0,2.0,1.304473609178657
0.0,2.0,2.079400472599403
0.0,2.0,0.03930405750649446
0.0,2.0,1.1765790616435536
0.0,2.0,1.6128429730987657
0.0,2.0,0.10826122017717887
0.0,2.0,-0.49253070785787356
0.0,2.0,0.33458209432448294
0.0,2.0,0.7235597354442826
0.0,2.0,1.539781919175151
0.0,2.0,0.7467233693676665
0.0,2.0,2.059455963320141
0.0,2.0,0.34411063353967764
0.0,2.0,2.0202410646727818
0.0,2.0,1.6748307816728947
0.0,2.0,0.7437899406126278
0.0,2.0,-0.47639717885314725
0.0,2.0,0.7783031586236362
0.0,2.0,0.8160075589419116
0.0,2.0,1.312554819195642
0.0,2.0,1.677004691773499
0.0,2.0,-0.0074023699819625866
0.0,2.0,2.1966204242408653
0.0,2.0,0.3165996782007321
0.0,2.0,1.4912241958354242
0.0,2.0,0.14954472810783165
0.0,2.0,0.6174358212122251
0.0,2.0,1.3273375129884593
0.0,2.0,0.469684076839286
0.0,2.0,1.0846890778443412
0.0,2.0,0.4530536235698141
0.0,2.0,1.2941603949828338
0.0,2.0,1.045503424547761
0.0,2.0,0.1463032375789713
0.0,2.0,0.7241421131877985
0.0,2.0,1.557938626925522
0.0,2.0,1.7442776842879395
0.0,2.0,0.543440425159798
0.0,2.0,0.9470502150552315
0.0,2.0,0.6088915542179043
0.0,2.0,0.5372894374493749
0.0,2.0,1.7840466867734623
0.0,2.0,0.9159542822585177
0.0,2.0,-0.3653828311253082
0.0,2.0,2.4381157693551043
0.0,2.0,0.5589392266424044
0.0,2.0,1.5770584193228734
0.0,2.0,1.5442945073543335
0.0,2.0,0.6130492748033037
0.0,2.0,1.7234936925240256
0.0,2.0,1.2042862934993175
0.0,2.0,1.3331998540653909
0.0,2.0,-0.3860464765010031
0.0,2.0,0.5418646777738515
0.0,2.0,0.9637539499807632
0.0,2.0,1.2955927338833402
0.0,2.0,1.6887238389328862
0.0,2.0,1.3433804317446632
0.0,2.0,0.5918208704406127
0.0,2.0,0.5493795961551211
0.0,2.0,1.9107227114079475
0.0,2.0,1.8114016488452194
0.0,2.0,0.7290196132279957
0.0,2.0,-0.24444344539481927
0.0,2.0,1.0970492539000112
0.0,2.0,1.6277586352221967
0.0,2.0,1.620338874593405
0.0,2.0,0.7116213250585541
0.0,2.0,-0.26575204514410944
0.0,2.0,0.5374013997201506
0.0,2.0,0.6898078956105365
0.0,2.0,1.3628655410446364
0.0,2.0,1.8329924573075058
0.0,2.0,0.8189549186416989
0.0,2.0,1.5295429997797991
0.0,2.0,1.694142486239483
0.0,2.0,0.9966400966681093
0.0,2.0,2.8001718380243945
0.0,2.0,0.5910384202217528
0.0,2.0,0.6198174871520693
0.0,2.0,1.1334150018672131
0.0,2.0,2.093246401932609
0.0,2.0,1.9482852802012984
0.0,2.0,0.7160373654751868
0.0,2.0,0.860471073170012
0.0,2.0,0.534042914265176
0.0,2.0,1.3067353044994428
0.0,2.0,1.0681460210224005
0.0,2.0,0.3381218951454419
0.0,2.0,1.3244113613121005
0.0,2.0,0.30142997880458033
0.0,2.0,0.6951041049190819
0.0,2.0,1.556955336253767
0.0,2.0,1.2765966989220288
0.0,2.0,1.1764586801689019
0.0,2.0,0.41844887853888774
0.0,2.0,0.931588807276239
0.0,2.0,1.7240145088124454
0.0,2.0,1.279569467122708
0.0,2.0,2.0260168179021862
0.0,2.0,1.8477632621754039
0.0,2.0,0.981097983433514
0.0,2.0,-0.13525480375234233
0.0,2.0,0.19910872282986114
0.0,2.0,0.3566343411353135
0.0,2.0,2.273111292044768
0.0,2.0,2.4140729235354494
0.0,2.0,1.8651388871103953
0.0,2.0,1.9348438882675416
0.0,2.0,0.8505780910212352
0.0,2.0,0.5534913636750218
0.0,2.0,2.0789211245731734
0.0,2.0,0.9176620736863672
0.0,2.0,1.8303884270207804
0.0,2.0,1.8244140878069413
0.0,2.0,1.987831575887666
0.0,2.0,0.9367180021642976
0.0,2.0,1.5581086620161653
0.0,2.0,-0.34780677422159856
0.0,2.0,0.6823122148822386
0.0,2.0,1.0888763228041962
0.0,2.0,0.11224075675928302
0.0,2.0,-0.5353366520532282
0.0,2.0,1.7599188888976809
0.0,2.0,1.1469075971394065
0.0,2.0,1.5294961220883552
0.0,2.0,1.6014999607170508
0.0,2.0,0.8166230228754805
0.0,2.0,1.4632700131720635
0.0,2.0,1.4013793561123373
0.0,2.0,1.3594829076002322
0.0,2.0,0.6084018211997922
0.0,2.0,0.02183047829972834
0.0,2.0,1.9134651882150433
0.0,2.0,0.8396850351617402
0.0,2.0,1.1627553896320226
0.0,2.0,0.5084606000565293
0.0,2.0,0.2554819057191196
0.0,2.0,0.22799090270455297
0.0,2.0,0.48480860406637183
0.0,2.0,1.4902746308877723
0.0,2.0,0.016063462203105394
0.0,2.0,0.818423464639499
0.0,2.0,0.3738782011276573
0.0,2.0,1.2450973749096066
0.0,2.0,0.8025969543333311
0.0,2.0,0.22788049739669697
0.0,2.0,0.5818588494673362
0.0,2.0,2.061557742089324
0.0,2.0,0.6451071678727069
0.0,2.0,0.4982245186910706
0.0,2.0,0.44640621254252844
0.0,2.0,1.0599665670247485
0.0,2.0,1.5242184467527133
0.0,2.0,1.44860668253939
0.0,2.0,0.7990874698991111
0.0,2.0,1.2099784115878496
0.0,2.0,0.8515050277327253
0.0,2.0,1.9886446130006596
0.0,2.0,-0.731323057838527
0.0,2.0,0.689641517630345
0.0,2.0,1.82750277358666
0.0,2.0,-0.09149581415096808
0.0,2.0,0.9174710003761014
0.0,2.0,0.9686177096326866
0.0,2.0,1.487540858401638
0.0,2.0,1.6622673589469459
0.0,2.0,0.7514058472906371
0.0,2.0,2.7535372189297034
0.0,2.0,2.6165783656717756
0.0,2.0,0.6793896308913523
0.0,2.0,2.4938137001986753
0.0,2.0,-0.24067911121692742
0.0,2.0,0.08533990700750965
0.0,2.0,1.0938025084268796
0.0,2.0,2.155804113994057
0.0,2.0,1.8250657336137581
0.0,2.0,0.7658279332462663
0.0,2.0,0.6822601196558519
0.0,2.0,0.4282127071942762
0.0,2.0,-0.05796845566250952
0.0,2.0,1.553058254030304
0.0,2.0,-0.12160962579135348
0.0,2.0,1.141583643216221
0.0,2.0,0.2430089636053444
0.0,2.0,0.37933349976117403
0.0,2.0,1.856745079907732
0.0,2.0,1.3755232327232745
0.0,2.0,1.1885354887421187
0.0,2.0,0.14779446136341
0.0,2.0,0.3717482894838814
0.0,2.0,1.1701087638779868
0.0,2.0,1.2857744889635452
0.0,2.0,0.34694308775268545
0.0,2.0,0.3889536150604034
0.0,2.0,0.44553223131434416
0.0,2.0,1.8101975062280293
0.0,2.0,0.4774376701189854
0.0,2.0,1.0251235454770886
0.0,2.0,1.1940811180079214
0.0,2.0,2.2704379134947272
0.0,2.0,0.9150587178991997
0.0,2.0,1.3123434668677436
0.0,2.0,1.1767568365560586
0.0,2.0,1.9396990864640988
0.0,2.0,1.6755387759570066
0.0,2.0,2.453943785820221
0.0,2.0,0.9278887541041061
0.0,2.0,1.8400898805385102
0.0,2.0,-0.23296887628942486
0.0,2.0,1.0958124174708128
0.0,2.0,1.2285735075502258
0.0,2.0,1.8866902803596028
0.0,2.0,0.6633135471093967
0.0,2.0,1.7161037740331808
0.0,2.0,0.032279702249047915
0.0,2.0,0.0065886673887414204
0.0,2.0,1.8065991315159202
0.0,2.0,0.7104599959593085
0.0,2.0,1.2024539027649968
0.0,2.0,0.18624221509763939
0.0,2.0,0.13328589031088212
0.0,2.0,0.8008889571328874
0.0,2.0,-0.2415070226167103
0.0,2.0,1.801550111893894
0.0,2.0,0.36259012406747526
0.0,2.0,1.1481808153698676
0.0,2.0,0.6246292506068108
0.0,2.0,-0.08394851353804444
0.0,2.0,0.09917421537872201
0.0,2.0,1.6879200311466012
0.0,2.0,0.8951128442199204
0.0,2.0,0.2790401854307505
0.0,2.0,0.11224777304597566
0.0,2.0,1.5246116819187854
0.0,2.0,-0.027381580734547106
0.0,2.0,1.9759680519482812
0.0,2.0,1.8444722563113332
0.0,2.0,0.01837701646146883
0.0,2.0,1.3327294399338643
0.0,2.0,1.2097890129845283
0.0,2.0,0.5481398648463466
0.0,2.0,0.8940164887099162
0.0,2.0,1.802838466555622
0.0,2.0,1.8612763592076516
0.0,2.0,1.3844176296061745
0.0,2.0,1.973056578282796
0.0,2.0,0.6924345884032719
0.0,2.0,2.1704969982940425
0.0,2.0,0.8635371712567448
0.0,2.0,1.3774822925655197
0.0,2.0,0.04451547921612309
0.0,2.0,0.9848820997507637
0.0,2.0,1.4687580574687615
0.0,2.0,1.2160233670062617
0.0,2.0,2.023545789430557
0.0,2.0,1.3812468971720067
0.0,2.0,0.7688903221561668
0.0,2.0,0.7122481916531453
0.0,2.0,0.16411700927915907
0.0,2.0,1.5493186844725728
0.0,2.0,1.0911700830513351
0.0,2.0,2.438277869239652
0.0,2.0,0.12130388812294768
0.0,2.0,-0.002007295820162791
0.0,2.0,1.18571436618713
0.0,2.0,0.7364451918965784
0.0,2.0,0.9751040520235738
0.0,2.0,1.3731551811333267
0.0,2.0,0.8846510023812248
0.0,2.0,0.3973794551523442
0.0,2.0,1.2241029390421057
0.0,2.0,1.2349764561744885
0.0,2.0,0.5108393420336174
0.0,2.0,0.7204671567053303
0.0,2.0,0.14111640510879014
0.0,2.0,0.4216286957481176
0.0,2.0,1.84765833227971
0.0,2.0,1.4533236896910993
0.0,2.0,0.7463977247193454
0.0,2.0,1.9632826909262588
0.0,2.0,1.6296737676226414
0.0,2.0,1.4496005046050355
0.0,2.0,0.07974616641310892
0.0,2.0,0.751384981515248
0.0,2.0,0.6961154609795711
0.0,2.0,0.9258013220653285
0.0,2.0,0.8682066734845796
0.0,2.0,-0.8095059374387765
0.0,2.0,1.9984113490996283
0.0,2.0,-0.6252723444487339
0.0,2.0,0.3735778765969968
0.0,2.0,0.17378171977278212
0.0,2.0,0.25032489540015596
0.0,2.0,0.729904895080747
0.0,2.0,1.130944982181644
0.0,2.0,1.2153586960913656
0.0,2.0,0.06793354208773661
0.0,2.0,0.530889691079306
0.0,2.0,1.3198981243689116
0.0,2.0,0.5517907370293132
0.0,2.0,0.9744138405875719
0.0,2.0,0.7320580291118809
0.0,2.0,1.3857429131688612
0.0,2.0,0.6336851480950139
0.0,2.0,1.972234026544379
0.0,2.0,0.5991089952864387
0.0,2.0,0.8947107064007974
0.0,2.0,0.6659163750491092
0.0,2.0,0.7086819834491055
0.0,2.0,1.4585855562273573
0.0,2.0,0.6846055961237318
0.0,2.0,0.5553847812949768
0.0,2.0,1.6412941705756663
0.0,2.0,1.2501446198521602
0.0,2.0,-0.5138899350950455
0.0,2.0,2.1999740912561485
0.0,2.0,1.3545017916319937
0.0,2.0,0.18232369145784255
0.0,2.0,1.2306241989408533
0.0,2.0,1.291890739085686
0.0,2.0,1.323364771854616
0.0,2.0,1.5651174479560708
0.0,2.0,0.975475532152597
0.0,2.0,1.1437308914538242
0.0,2.0,1.3491081386003878
0.0,2.0,0.44107775062456567
0.0,2.0,0.5560708969097685
0.0,2.0,1.0937837417467837
0.0,2.0,1.5139718878438768
0.0,2.0,0.21960277017077207
0.0,2.0,1.1460146930790336
0.0,2.0,1.7390564712224243
0.0,2.0,1.1358614705958807
0.0,2.0,0.5445411553986361
0.0,2.0,0.4933938647203533
0.0,2.0,0.6914785998545009
0.0,2.0,1.2382293772549615
0.0,2.0,1.0922478171706094
0.0,2.0,0.8682173810412473
0.0,2.0,0.958316551560691
0.0,2.0,1.1827395141594226
0.0,2.0,1.1274421788007944
0.0,2.0,2.0126288273947495
0.0,2.0,-0.25491494095793377
0.0,2.0,2.4591934124042822
0.0,2.0,1.7787213603173504
0.0,2.0,0.8636545532420592
0.0,2.0,0.46832477774615067
0.0,2.0,1.5444044412496587
0.0,2.0,0.16161731953830016
0.0,2.0,1.0523160923874963
0.0,2.0,0.7397943827450545
0.0,2.0,1.9552937904470027
0.0,2.0,1.963019332903868
0.0,2.0,0.2641823381436986
0.0,2.0,-0.13496750008612668
0.0,2.0,2.4268400329098223
0.0,2.0,-0.34975856502571967
0.0,2.0,0.31919804728348655
0.0,2.0,1.2841463214431894
0.0,2.0,0.7793894268588867
0.0,2.0,1.184578427076736
0.0,2.0,1.5035339746940504
0.0,2.0,1.060830131129535
0.0,2.0,1.8673511413800774
0.0,2.0,1.0532559231344274
0.0,2.0,-0.21000158118019197
0.0,2.0,2.070382909752363
0.0,2.0,1.2732735040143561
0.0,2.0,0.6574762690395951
0.0,2.0,0.771945305010055
0.0,2.0,1.228881700520984
0.0,2.0,1.8172440782844521
0.0,2.0,0.5390692096743961
0.0,2.0,0.45485331611704516
0.0,2.0,0.5858722028432873
0.0,2.0,1.9691870341963633
0.0,2.0,1.020078370104937
0.0,2.0,0.6456301120703304
0.0,2.0,0.65968487860523
0.0,2.0,1.629623268483231
0.0,2.0,1.8243728355689903
0.0,2.0,0.5101282622685448
0.0,2.0,2.2413377212533607
0.0,2.0,0.8180732158979919
0.0,2.0,0.6030122570472823
0.0,2.0,2.2308194209002536
0.0,2.0,1.8665978839804973
0.0,2.0,0.199471274345842
0.0,2.0,-0.1906574828542703
0.0,2.0,0.3496813597906083
0.0,2.0,0.46833674283014176
0.0,2.0,0.23375654123759854
0.0,2.0,0.6555633296288423
0.0,2.0,1.6646497722912093
0.0,2.0,0.6332828025312367
0.0,2.0,1.1847464954210443
0.0,2.0,0.7742425694851574
0.0,2.0,0.33134569303424566
0.0,2.0,1.7177749964110436
0.0,2.0,0.08646373457623507
0.0,2.0,1.042222458806522
0.0,2.0,2.344506619020389
0.0,2.0,0.6216061473264876
0.0,2.0,-0.050548726565029956
0.0,2.0,0.9772864058514172
0.0,2.0,0.5040974526562448
0.0,2.0,0.5129150164738653
0.0,2.0,1.1849024965704058
0.0,2.0,1.6008385999463235
0.0,2.0,0.9183547582935172
0.0,2.0,0.2866590059078337
0.0,2.0,1.938524334890912
0.0,2.0,0.5395954878895597
0.0,2.0,0.41464658285621114
0.0,2.0,0.8357572939990081
0.0,2.0,-0.3347236360300657
0.0,2.0,2.421157941722167
0.0,2.0,1.1524456507014669
0.0,2.0,1.5175712681691356
0.0,2.0,2.1747094138304557
0.0,2.0,0.0053587697957951375
