unit_id,time,treated_group,post,treated,y_outcome
1,0,1,0,0,0.0972521535550846
1,1,1,0,0,0.10022273763246814
1,2,1,0,0,0.8143421623396563
1,3,1,0,0,0.7910365778422155
1,4,1,0,0,0.7867909574951176
1,5,1,1,1,3.2005097549888637
1,6,1,1,1,3.1005579602998394
1,7,1,1,1,3.7664834169664303
1,8,1,1,1,4.343414277838432
1,9,1,1,1,4.56259860403186
2,0,1,0,0,0.03212428121883293
2,1,1,0,0,0.6870459202579375
2,2,1,0,0,0.8251952903337185
2,3,1,0,0,1.8008034286980317
2,4,1,0,0,1.9181411087820246
2,5,1,1,1,3.856793894599413
2,6,1,1,1,4.280784473960804
2,7,1,1,1,4.426414202973863
2,8,1,1,1,4.51695477908689
2,9,1,1,1,4.973029542875729
3,0,1,0,0,-0.28986937676180935
3,1,1,0,0,0.3021808889684885
3,2,1,0,0,0.36745018975820243
3,3,1,0,0,0.9987927027808757
3,4,1,0,0,1.2306876679028271
3,5,1,1,1,3.1592173348273005
3,6,1,1,1,4.231469214000013
3,7,1,1,1,3.735702991473294
3,8,1,1,1,4.473982663119125
3,9,1,1,1,4.2115840693543465
4,0,1,0,0,0.7369428939513314
4,1,1,0,0,0.9102290375847556
4,2,1,0,0,1.1615842928029814
4,3,1,0,0,1.6873007323748885
4,4,1,0,0,2.2068030693668983
4,5,1,1,1,4.471468042258282
4,6,1,1,1,3.728022214580568
4,7,1,1,1,4.54557226148191
4,8,1,1,1,5.172972521584413
4,9,1,1,1,5.365444272265803
5,0,1,0,0,1.9156068007833644
5,1,1,0,0,1.9179896859058547
5,2,1,0,0,2.260405866259049
5,3,1,0,0,2.2334429516440886
5,4,1,0,0,2.7371547922886577
5,5,1,1,1,4.591842836831201
5,6,1,1,1,5.623871796734826
5,7,1,1,1,5.757852045671404
5,8,1,1,1,5.58452127963201
5,9,1,1,1,6.235280949860821
6,0,1,0,0,-0.06888078181800505
6,1,1,0,0,0.1642400956310144
6,2,1,0,0,0.5132491471632731
6,3,1,0,0,1.6481483612610455
6,4,1,0,0,0.8971397236791524
6,5,1,1,1,2.7503290097427193
6,6,1,1,1,4.134556291765343
6,7,1,1,1,4.041900302610186
6,8,1,1,1,4.2506420779221585
6,9,1,1,1,4.881316601244942
7,0,1,0,0,-0.7159053202773601
7,1,1,0,0,-0.8216668339773336
7,2,1,0,0,-0.43999451812232226
7,3,1,0,0,0.806930026376097
7,4,1,0,0,1.084018319453743
7,5,1,1,1,2.554879537039562
7,6,1,1,1,2.7977717060856646
7,7,1,1,1,3.5590173060269525
7,8,1,1,1,3.8324145989880427
7,9,1,1,1,4.020325807537997
8,0,1,0,0,-0.2617178945045828
8,1,1,0,0,0.32729917654224244
8,2,1,0,0,0.6452924695099008
8,3,1,0,0,0.951461277325319
8,4,1,0,0,1.1125667366555794
8,5,1,1,1,3.5010032647359566
8,6,1,1,1,3.3271119532842377
8,7,1,1,1,3.8759154470054957
8,8,1,1,1,4.509955552456888
8,9,1,1,1,4.71035309623452
9,0,1,0,0,1.4919900899741145
9,1,1,0,0,1.9392192655560854
9,2,1,0,0,1.8468462796036502
9,3,1,0,0,2.056828676590667
9,4,1,0,0,2.4328242003194784
9,5,1,1,1,4.211137934715637
9,6,1,1,1,4.434644891695271
9,7,1,1,1,5.532874894481807
9,8,1,1,1,5.539579631582466
9,9,1,1,1,6.143341627153286
10,0,1,0,0,1.4290007709153538
10,1,1,0,0,1.856574215321097
10,2,1,0,0,1.9454143611610801
10,3,1,0,0,2.5854242935401
10,4,1,0,0,2.71523926069344
10,5,1,1,1,5.587997358972084
10,6,1,1,1,5.201037018876869
10,7,1,1,1,5.1935336072579705
10,8,1,1,1,5.855547696791228
10,9,1,1,1,6.522684786616284
11,0,1,0,0,-0.17101102178006444
11,1,1,0,0,1.5889867394706845
11,2,1,0,0,1.333618474788856
11,3,1,0,0,1.37467927552522
11,4,1,0,0,1.653369396824751
11,5,1,1,1,3.5394384569066726
11,6,1,1,1,4.019645987382918
11,7,1,1,1,4.644790814685262
11,8,1,1,1,5.003823770818938
11,9,1,1,1,5.223504342898018
12,0,1,0,0,-0.12392289228271375
12,1,1,0,0,-0.049327841534278924
12,2,1,0,0,0.17913176535305922
12,3,1,0,0,-0.1889241319403392
12,4,1,0,0,1.0075571197808548
12,5,1,1,1,2.9872270217543493
12,6,1,1,1,3.402928268218916
12,7,1,1,1,3.0593382087619956
12,8,1,1,1,3.895281867194552
12,9,1,1,1,4.125004621539178
13,0,1,0,0,0.007541389922218058
13,1,1,0,0,0.37793387864576944
13,2,1,0,0,0.5730915982939413
13,3,1,0,0,0.9349822800623103
13,4,1,0,0,1.009752770286661
13,5,1,1,1,3.2678702945538025
13,6,1,1,1,3.648001788103625
13,7,1,1,1,3.662421943765968
13,8,1,1,1,4.331737858894584
13,9,1,1,1,5.020560730969114
14,0,1,0,0,-1.3518849175585617
14,1,1,0,0,0.02677794145943657
14,2,1,0,0,-0.42844833537039395
14,3,1,0,0,-0.4299521529613537
14,4,1,0,0,0.23239676186325398
14,5,1,1,1,2.568011738091407
14,6,1,1,1,2.384161775521917
14,7,1,1,1,2.818615497945639
14,8,1,1,1,2.8698787595524755
14,9,1,1,1,3.9530926580256773
15,0,1,0,0,-1.4040490240791972
15,1,1,0,0,-0.5608825562807372
15,2,1,0,0,-0.8094354284541467
15,3,1,0,0,0.44730592192857177
15,4,1,0,0,0.4077571090993748
15,5,1,1,1,2.163408210129842
15,6,1,1,1,2.7683568412666157
15,7,1,1,1,2.5893791033447178
15,8,1,1,1,2.9968145330398883
15,9,1,1,1,3.9624857482253755
16,0,1,0,0,-0.32971543476025067
16,1,1,0,0,1.0661829179078652
16,2,1,0,0,0.8524028315590673
16,3,1,0,0,1.3644484234493446
16,4,1,0,0,1.6780311856296322
16,5,1,1,1,3.7282773537943745
16,6,1,1,1,3.909955141514138
16,7,1,1,1,3.8026149581789532
16,8,1,1,1,4.767100952206601
16,9,1,1,1,4.438898530133989
17,0,1,0,0,0.33266417822296473
17,1,1,0,0,0.5445637583443232
17,2,1,0,0,0.8518831474941431
17,3,1,0,0,1.2642261625308644
17,4,1,0,0,1.441977103233497
17,5,1,1,1,3.834381189425528
17,6,1,1,1,4.191711562010013
17,7,1,1,1,4.411000427062761
17,8,1,1,1,4.29286200115116
17,9,1,1,1,5.265822429633589
18,0,1,0,0,-1.7339466851230023
18,1,1,0,0,-1.2483645587854992
18,2,1,0,0,-1.381936261639836
18,3,1,0,0,-0.852125612130666
18,4,1,0,0,-0.35417636879800163
18,5,1,1,1,1.4562199229042168
18,6,1,1,1,1.21109785634355
18,7,1,1,1,2.1111379622785034
18,8,1,1,1,2.260545473661226
18,9,1,1,1,2.7070448978120694
19,0,1,0,0,-1.2413580884218964
19,1,1,0,0,-0.5129621406323508
19,2,1,0,0,0.10565353122036991
19,3,1,0,0,-0.2978259981189441
19,4,1,0,0,-0.13011451726953863
19,5,1,1,1,2.0895428985656554
19,6,1,1,1,2.641233234043381
19,7,1,1,1,2.426297587498739
19,8,1,1,1,2.3817035323182987
19,9,1,1,1,3.3714396860819758
20,0,1,0,0,-0.3763540318697003
20,1,1,0,0,0.33548002305004393
20,2,1,0,0,0.640493199361751
20,3,1,0,0,0.9204292815134802
20,4,1,0,0,0.9380575419577053
20,5,1,1,1,2.933781084891905
20,6,1,1,1,3.934150429121492
20,7,1,1,1,3.455557550905095
20,8,1,1,1,4.062367368673522
20,9,1,1,1,4.3419533470026455
21,0,1,0,0,-0.23229509994165226
21,1,1,0,0,0.5945840315675299
21,2,1,0,0,0.9557762138262127
21,3,1,0,0,1.5826172574866009
21,4,1,0,0,1.9875377865192159
21,5,1,1,1,3.0466360777911516
21,6,1,1,1,3.1801387092347895
21,7,1,1,1,4.135871059538321
21,8,1,1,1,4.320630445146328
21,9,1,1,1,4.562565569687792
22,0,1,0,0,-1.3870492615249
22,1,1,0,0,-0.4371621550964376
22,2,1,0,0,-0.5881228387022553
22,3,1,0,0,0.5124595140053803
22,4,1,0,0,-0.044019766905218416
22,5,1,1,1,2.2212049113633134
22,6,1,1,1,2.462006139681211
22,7,1,1,1,2.9644073212604134
22,8,1,1,1,3.676719336230858
22,9,1,1,1,3.6167193384647343
23,0,1,0,0,1.3473743222169456
23,1,1,0,0,1.5029105506495317
23,2,1,0,0,1.9827515857651237
23,3,1,0,0,2.0537967500620953
23,4,1,0,0,2.6743792617716107
23,5,1,1,1,4.783508661386062
23,6,1,1,1,4.667879521251905
23,7,1,1,1,5.784176806413964
23,8,1,1,1,4.797174690017495
23,9,1,1,1,6.082366506322316
24,0,1,0,0,-0.21096371818224469
24,1,1,0,0,0.14501170505057795
24,2,1,0,0,0.9053279182758729
24,3,1,0,0,1.069229939967448
24,4,1,0,0,1.6183386526812686
24,5,1,1,1,3.714055946727511
24,6,1,1,1,2.9372011174295123
24,7,1,1,1,3.1982655618694755
24,8,1,1,1,3.972495330869803
24,9,1,1,1,4.657842057743501
25,0,1,0,0,-0.5833399720177312
25,1,1,0,0,0.030906997863413416
25,2,1,0,0,0.4605501352841113
25,3,1,0,0,0.8490110388923032
25,4,1,0,0,1.0087241751330358
25,5,1,1,1,3.5186463355972166
25,6,1,1,1,2.7822845627826025
25,7,1,1,1,3.743037682716205
25,8,1,1,1,3.988901766295427
25,9,1,1,1,4.204236226674293
26,0,1,0,0,-1.924805387571793
26,1,1,0,0,-1.0870211382153006
26,2,1,0,0,-1.04208830731264
26,3,1,0,0,-0.7114255207377981
26,4,1,0,0,-0.4908102594255901
26,5,1,1,1,1.6714380104860345
26,6,1,1,1,1.8611639690887074
26,7,1,1,1,2.92948986322379
26,8,1,1,1,2.7232650540619048
26,9,1,1,1,3.02269302402039
27,0,1,0,0,-0.16799366798558843
27,1,1,0,0,0.6376700601211502
27,2,1,0,0,0.9625943441205935
27,3,1,0,0,1.114065106223348
27,4,1,0,0,1.4033502500120205
27,5,1,1,1,3.3789150088606386
27,6,1,1,1,3.9446072778230707
27,7,1,1,1,4.4641688148583345
27,8,1,1,1,4.059794511293316
27,9,1,1,1,4.824153712263497
28,0,1,0,0,0.06968343157845058
28,1,1,0,0,0.8329984491753624
28,2,1,0,0,0.7473282517588189
28,3,1,0,0,0.9976936365143725
28,4,1,0,0,1.2882615399817918
28,5,1,1,1,2.8060775234009627
28,6,1,1,1,4.162230911125679
28,7,1,1,1,3.919398185606302
28,8,1,1,1,4.872934243324768
28,9,1,1,1,5.100747449610564
29,0,1,0,0,-0.609318155392403
29,1,1,0,0,-0.8999294106101055
29,2,1,0,0,-0.5861277336133427
29,3,1,0,0,0.4742978265987484
29,4,1,0,0,0.42029257315011853
29,5,1,1,1,2.486688749153256
29,6,1,1,1,2.610592906610056
29,7,1,1,1,3.3205529203621165
29,8,1,1,1,3.305994398334583
29,9,1,1,1,4.038874715690564
30,0,1,0,0,1.7602861039332987
30,1,1,0,0,2.1149792235365545
30,2,1,0,0,2.143880510467734
30,3,1,0,0,2.1668870421264312
30,4,1,0,0,2.7803852204255066
30,5,1,1,1,4.379629695363157
30,6,1,1,1,5.057239951949955
30,7,1,1,1,5.987032172668432
30,8,1,1,1,6.277180126601477
30,9,1,1,1,6.289683349182334
31,0,1,0,0,-0.07781214108872407
31,1,1,0,0,0.2810505890146888
31,2,1,0,0,0.6348737843431176
31,3,1,0,0,1.1135785772993065
31,4,1,0,0,1.7452545668786024
31,5,1,1,1,2.697005393785087
31,6,1,1,1,2.8025235893097014
31,7,1,1,1,3.8502835945464478
31,8,1,1,1,3.761774591536443
31,9,1,1,1,4.367955913296941
32,0,1,0,0,0.42602168471771157
32,1,1,0,0,0.9600142079784595
32,2,1,0,0,1.112855686541781
32,3,1,0,0,1.0634902724265358
32,4,1,0,0,1.852816956389859
32,5,1,1,1,3.9722188932625473
32,6,1,1,1,4.089740227453038
32,7,1,1,1,3.8516175062701783
32,8,1,1,1,4.9700695636266445
32,9,1,1,1,5.266952768414016
33,0,1,0,0,0.3559761121190229
33,1,1,0,0,0.3247117213536794
33,2,1,0,0,0.9342088647397212
33,3,1,0,0,1.4122605615378323
33,4,1,0,0,1.800664628958602
33,5,1,1,1,3.621619481053635
33,6,1,1,1,3.9387084050077803
33,7,1,1,1,3.95449099953655
33,8,1,1,1,4.225750774820165
33,9,1,1,1,4.968241519360081
34,0,1,0,0,-0.43401895258820977
34,1,1,0,0,-0.5487562853478924
34,2,1,0,0,-0.03820311415182287
34,3,1,0,0,0.7975394510647481
34,4,1,0,0,1.2795905446870828
34,5,1,1,1,2.7475485251830687
34,6,1,1,1,3.025451094567576
34,7,1,1,1,3.056132657268896
34,8,1,1,1,3.931968732512618
34,9,1,1,1,4.668998767853792
35,0,1,0,0,0.05080529581046678
35,1,1,0,0,-0.1572868000612614
35,2,1,0,0,-0.14524832906431118
35,3,1,0,0,0.48793007087012064
35,4,1,0,0,0.9856505418339793
35,5,1,1,1,2.2093225347974252
35,6,1,1,1,2.8434267065927763
35,7,1,1,1,3.330291788065207
35,8,1,1,1,3.9510004421305522
35,9,1,1,1,4.2425314815463615
36,0,1,0,0,0.5983869066331605
36,1,1,0,0,1.1362151106154768
36,2,1,0,0,1.3173882052469998
36,3,1,0,0,1.8064308667007174
36,4,1,0,0,2.0314193223127326
36,5,1,1,1,3.968131222463229
36,6,1,1,1,4.0392642694295455
36,7,1,1,1,4.547365701140025
36,8,1,1,1,4.6051773463674515
36,9,1,1,1,5.3721983688971
37,0,1,0,0,0.26677962714499975
37,1,1,0,0,0.7186841012301536
37,2,1,0,0,1.2530940866125397
37,3,1,0,0,1.5041600181572177
37,4,1,0,0,1.7114087159970015
37,5,1,1,1,4.135485830519983
37,6,1,1,1,3.8982178643421066
37,7,1,1,1,4.223980229092044
37,8,1,1,1,4.176571986219601
37,9,1,1,1,5.03253313265664
38,0,1,0,0,-0.6271867216556564
38,1,1,0,0,-0.09364167728578396
38,2,1,0,0,-0.04501787148783071
38,3,1,0,0,0.4588192749441957
38,4,1,0,0,0.8425040725670636
38,5,1,1,1,2.6748749060493653
38,6,1,1,1,3.7033978868015103
38,7,1,1,1,3.0083953891050434
38,8,1,1,1,3.9862837863308056
38,9,1,1,1,4.41341546597175
39,0,1,0,0,0.25343004359742904
39,1,1,0,0,0.764148741885029
39,2,1,0,0,0.7684598850692512
39,3,1,0,0,1.3077305108463235
39,4,1,0,0,1.0346718019835492
39,5,1,1,1,3.253514090332838
39,6,1,1,1,3.7643005674847116
39,7,1,1,1,4.289796063677478
39,8,1,1,1,4.805773277162009
39,9,1,1,1,4.610507272377556
40,0,1,0,0,1.0677077906403452
40,1,1,0,0,0.9814576292701465
40,2,1,0,0,2.3962773406798874
40,3,1,0,0,2.5480593098629667
40,4,1,0,0,3.0057333704793163
40,5,1,1,1,4.624441434372842
40,6,1,1,1,4.825067942398837
40,7,1,1,1,5.509758261445531
40,8,1,1,1,5.939542391819108
40,9,1,1,1,6.491469952133983
41,0,1,0,0,0.8745807252946016
41,1,1,0,0,0.5734649655898253
41,2,1,0,0,1.8972146540683292
41,3,1,0,0,1.9558344518768505
41,4,1,0,0,1.8466726556898112
41,5,1,1,1,3.622723410485909
41,6,1,1,1,5.358576488933692
41,7,1,1,1,4.924243810677008
41,8,1,1,1,5.1829100182629775
41,9,1,1,1,5.836868745271782
42,0,1,0,0,-0.7243593431246884
42,1,1,0,0,-0.5873813132562073
42,2,1,0,0,-0.9277702933651621
42,3,1,0,0,0.1941947925470138
42,4,1,0,0,0.08426417760346705
42,5,1,1,1,2.0578230103905586
42,6,1,1,1,2.813729354572472
42,7,1,1,1,3.180157827667112
42,8,1,1,1,2.96666407827527
42,9,1,1,1,3.4309191070184193
43,0,1,0,0,0.4078913857520884
43,1,1,0,0,0.4690634390585709
43,2,1,0,0,0.4061767242890957
43,3,1,0,0,1.4482975582331423
43,4,1,0,0,1.901321617658807
43,5,1,1,1,3.9037331462181695
43,6,1,1,1,3.947369670935486
43,7,1,1,1,4.058116048186941
43,8,1,1,1,4.2918798950059
43,9,1,1,1,4.980743639391376
44,0,1,0,0,2.397067021609666
44,1,1,0,0,2.9045523239136513
44,2,1,0,0,2.8835972697173204
44,3,1,0,0,4.331541789845985
44,4,1,0,0,3.840205122156142
44,5,1,1,1,6.08166502631542
44,6,1,1,1,5.837168101526311
44,7,1,1,1,5.9109572923958495
44,8,1,1,1,7.059803385122202
44,9,1,1,1,7.215060489293821
45,0,1,0,0,-0.11498222614174672
45,1,1,0,0,0.536498521635726
45,2,1,0,0,0.6958724141671058
45,3,1,0,0,1.7604698824301246
45,4,1,0,0,1.5744690111976445
45,5,1,1,1,3.2980640479854326
45,6,1,1,1,3.0329716475009874
45,7,1,1,1,3.900884160645342
45,8,1,1,1,4.124620051353601
45,9,1,1,1,4.66942791345136
46,0,1,0,0,0.11871211200151327
46,1,1,0,0,0.47858865434021675
46,2,1,0,0,0.9894380197529016
46,3,1,0,0,0.8795202591772492
46,4,1,0,0,1.7319919626688414
46,5,1,1,1,2.988504394271941
46,6,1,1,1,3.925710473244747
46,7,1,1,1,3.6824885766110333
46,8,1,1,1,3.7044887586660646
46,9,1,1,1,4.68000911470374
47,0,1,0,0,-1.0038712779144237
47,1,1,0,0,-0.5836236662014035
47,2,1,0,0,-0.26810289879266597
47,3,1,0,0,0.46817307471086256
47,4,1,0,0,0.30468564679507126
47,5,1,1,1,2.119651906512457
47,6,1,1,1,2.7870042904475536
47,7,1,1,1,3.441863767309009
47,8,1,1,1,3.1540647018270196
47,9,1,1,1,3.9170122682341244
48,0,1,0,0,-1.4816403252887027
48,1,1,0,0,-0.510831196525064
48,2,1,0,0,-0.29443633150102133
48,3,1,0,0,0.16394882287352153
48,4,1,0,0,0.23070535805240275
48,5,1,1,1,2.4596489969539634
48,6,1,1,1,2.6148262910246243
48,7,1,1,1,3.2213823492428717
48,8,1,1,1,3.4750304379744397
48,9,1,1,1,3.0247590471144137
49,0,1,0,0,-0.4132746019284948
49,1,1,0,0,0.19881636559913263
49,2,1,0,0,0.9110693713135236
49,3,1,0,0,0.9193893417771848
49,4,1,0,0,1.5966345586233692
49,5,1,1,1,3.316332196361458
49,6,1,1,1,3.125658473388811
49,7,1,1,1,4.035253198471212
49,8,1,1,1,4.256321109603967
49,9,1,1,1,4.927058666203568
50,0,1,0,0,-0.8987235748905011
50,1,1,0,0,0.2163393582103256
50,2,1,0,0,0.2741300086993492
50,3,1,0,0,0.741135322718524
50,4,1,0,0,1.1363401552090595
50,5,1,1,1,2.6816462626904314
50,6,1,1,1,3.423445604544781
50,7,1,1,1,3.0617918177439405
50,8,1,1,1,3.8735845496843764
50,9,1,1,1,4.075616492400104
51,0,0,0,0,-0.19795360469702553
51,1,0,0,0,-0.21583901388116447
51,2,0,0,0,-0.4891020073004752
51,3,0,0,0,0.23888597604969136
51,4,0,0,0,0.6616890305265628
51,5,0,1,0,0.5774975163354468
51,6,0,1,0,0.4392112449634603
51,7,0,1,0,1.6756003894506246
51,8,0,1,0,1.3406385538631307
51,9,0,1,0,1.457130944682438
52,0,0,0,0,-0.03152732885547871
52,1,0,0,0,0.900907816290966
52,2,0,0,0,0.4942881519344872
52,3,0,0,0,1.2478095040683836
52,4,0,0,0,1.4712630933282043
52,5,0,1,0,1.993083427337115
52,6,0,1,0,1.7568111461505587
52,7,0,1,0,2.1822468079965955
52,8,0,1,0,1.7485940378702245
52,9,0,1,0,2.4907088095545387
53,0,0,0,0,-0.22300825579141656
53,1,0,0,0,0.37585387132626863
53,2,0,0,0,-0.04008736505382082
53,3,0,0,0,0.27274719305370476
53,4,0,0,0,0.14357459789043092
53,5,0,1,0,0.1050715211198191
53,6,0,1,0,0.8387354815173905
53,7,0,1,0,1.0204017319001044
53,8,0,1,0,1.7466949374044458
53,9,0,1,0,1.8038175592338284
54,0,0,0,0,-0.6516115570229318
54,1,0,0,0,-0.150638705287068
54,2,0,0,0,0.11670598126587645
54,3,0,0,0,-0.13128644390022323
54,4,0,0,0,0.7319932241060667
54,5,0,1,0,0.4933173143161002
54,6,0,1,0,1.053722792320452
54,7,0,1,0,1.1948995571452041
54,8,0,1,0,1.0340100158885368
54,9,0,1,0,1.2623843811615578
55,0,0,0,0,0.9598488006299228
55,1,0,0,0,0.5943277430675445
55,2,0,0,0,0.6935116251050812
55,3,0,0,0,0.7352032400025721
55,4,0,0,0,0.6078564759473117
55,5,0,1,0,1.2508629002947862
55,6,0,1,0,1.1442530180375425
55,7,0,1,0,2.27705155420494
55,8,0,1,0,2.060799011365196
55,9,0,1,0,2.1736027052631886
56,0,0,0,0,0.1009827407725541
56,1,0,0,0,0.06929054830850484
56,2,0,0,0,0.5646152885898221
56,3,0,0,0,0.4905950354766928
56,4,0,0,0,1.3259193303299126
56,5,0,1,0,1.2697396917608141
56,6,0,1,0,1.235234679092397
56,7,0,1,0,1.6121885416762518
56,8,0,1,0,1.4896439560837247
56,9,0,1,0,1.6523394254821595
57,0,0,0,0,0.15934859030408444
57,1,0,0,0,0.8505888058546095
57,2,0,0,0,1.555271842291285
57,3,0,0,0,1.3530131045339673
57,4,0,0,0,1.6005171204882893
57,5,0,1,0,2.0014743851762544
57,6,0,1,0,2.196264818890222
57,7,0,1,0,2.13443609932361
57,8,0,1,0,2.030942315065235
57,9,0,1,0,3.0828069596184364
58,0,0,0,0,-0.5140259892818551
58,1,0,0,0,-0.17169718591888875
58,2,0,0,0,0.15447045387915434
58,3,0,0,0,0.9255235392538326
58,4,0,0,0,0.4197802811366127
58,5,0,1,0,0.8423980804904319
58,6,0,1,0,0.8669416049072289
58,7,0,1,0,1.3723581497125203
58,8,0,1,0,1.4512113009347571
58,9,0,1,0,1.3775519127035425
59,0,0,0,0,-0.6734806359429583
59,1,0,0,0,0.6897717050907278
59,2,0,0,0,0.3819120905458795
59,3,0,0,0,0.6029860465413058
59,4,0,0,0,1.0043611989047199
59,5,0,1,0,0.8374849855939238
59,6,0,1,0,0.9752012923362299
59,7,0,1,0,1.3484059332145817
59,8,0,1,0,1.5219937474952046
59,9,0,1,0,1.0757375473685946
60,0,0,0,0,-0.14866509312157972
60,1,0,0,0,-0.014518762708809961
60,2,0,0,0,0.24054018745547018
60,3,0,0,0,0.40093921883807904
60,4,0,0,0,0.6932620068086057
60,5,0,1,0,0.700368961409775
60,6,0,1,0,1.612943199364856
60,7,0,1,0,0.9163526036009679
60,8,0,1,0,1.8635765847041943
60,9,0,1,0,1.9350633852701975
61,0,0,0,0,-1.0080298206161535
61,1,0,0,0,-0.49174494760569964
61,2,0,0,0,-0.5718997014374292
61,3,0,0,0,-0.7598338456218275
61,4,0,0,0,-0.1027353767295153
61,5,0,1,0,-0.19987174155627485
61,6,0,1,0,0.28986290229068173
61,7,0,1,0,-0.07638525411582087
61,8,0,1,0,0.9258497317444782
61,9,0,1,0,0.40552095516180464
62,0,0,0,0,0.811075604029877
62,1,0,0,0,0.7668583146743508
62,2,0,0,0,1.1507217260921434
62,3,0,0,0,1.7643719212621436
62,4,0,0,0,1.3799286844757135
62,5,0,1,0,2.0880636567890454
62,6,0,1,0,1.8942418530614877
62,7,0,1,0,2.0512242811265717
62,8,0,1,0,2.6280808561566964
62,9,0,1,0,2.0877065769882996
63,0,0,0,0,-0.2526316767926314
63,1,0,0,0,0.4044710920217772
63,2,0,0,0,0.25350109710262214
63,3,0,0,0,0.5818860379713948
63,4,0,0,0,0.30035854281776053
63,5,0,1,0,0.2161255587012038
63,6,0,1,0,1.086310532016997
63,7,0,1,0,1.0437448557734847
63,8,0,1,0,1.0249136445324487
63,9,0,1,0,1.2589578578355083
64,0,0,0,0,-1.098044309739607
64,1,0,0,0,-0.13679028642748864
64,2,0,0,0,-0.2895327505270767
64,3,0,0,0,-0.33735068832569526
64,4,0,0,0,0.07052532572049047
64,5,0,1,0,0.2876999961805637
64,6,0,1,0,0.6974811065125993
64,7,0,1,0,0.5123016626056109
64,8,0,1,0,1.2020001312552346
64,9,0,1,0,1.2492031868790827
65,0,0,0,0,-1.7193511267778199
65,1,0,0,0,-1.5674045104341412
65,2,0,0,0,-1.7078248441582915
65,3,0,0,0,-1.654536516784359
65,4,0,0,0,-0.4768909971995188
65,5,0,1,0,-1.0562773790249858
65,6,0,1,0,-1.251768090724418
65,7,0,1,0,-0.5821500918073274
65,8,0,1,0,-0.2897686098328414
65,9,0,1,0,-0.07882183261788003
66,0,0,0,0,2.330990841030489
66,1,0,0,0,2.8095313629277086
66,2,0,0,0,2.6196840801045154
66,3,0,0,0,3.337629485383917
66,4,0,0,0,3.183371265545647
66,5,0,1,0,3.8148000419321932
66,6,0,1,0,3.2632817034667663
66,7,0,1,0,3.9503622939697416
66,8,0,1,0,4.114592137811093
66,9,0,1,0,4.186710135517232
67,0,0,0,0,-1.4728832549277988
67,1,0,0,0,-0.7145720032711553
67,2,0,0,0,-0.9088356053403679
67,3,0,0,0,-0.4989169875691708
67,4,0,0,0,-0.20249736372133975
67,5,0,1,0,-0.004365577888300238
67,6,0,1,0,-0.09750009092314599
67,7,0,1,0,0.5759130094969215
67,8,0,1,0,0.13176590153203938
67,9,0,1,0,0.7123343360501493
68,0,0,0,0,0.4397600886506254
68,1,0,0,0,0.86939365777735
68,2,0,0,0,1.268304686542097
68,3,0,0,0,1.2284320090859697
68,4,0,0,0,1.420381393991549
68,5,0,1,0,2.2161723721558397
68,6,0,1,0,1.9306270470016211
68,7,0,1,0,2.391940175366709
68,8,0,1,0,1.7555723429356298
68,9,0,1,0,2.799260510036904
69,0,0,0,0,0.44015266824916033
69,1,0,0,0,0.11778108447188179
69,2,0,0,0,0.7985503247130765
69,3,0,0,0,0.6643122752440228
69,4,0,0,0,1.1566075433105796
69,5,0,1,0,1.284737192326285
69,6,0,1,0,1.2808179333950518
69,7,0,1,0,1.6904565388977264
69,8,0,1,0,2.1508863612420344
69,9,0,1,0,2.188765008870678
70,0,0,0,0,-0.0540433589953796
70,1,0,0,0,-0.5064433361374543
70,2,0,0,0,0.2771242771626354
70,3,0,0,0,0.21271731414390493
70,4,0,0,0,0.38446208031150886
70,5,0,1,0,1.1784279461730143
70,6,0,1,0,1.0383274194019645
70,7,0,1,0,0.8994800771811496
70,8,0,1,0,0.9147323311530609
70,9,0,1,0,1.5090246342429405
71,0,0,0,0,0.348075225223829
71,1,0,0,0,0.686805025855725
71,2,0,0,0,0.7081461674889054
71,3,0,0,0,1.1207818566038774
71,4,0,0,0,1.141649516529789
71,5,0,1,0,1.8873166882685402
71,6,0,1,0,1.9234143701134785
71,7,0,1,0,2.4589543003220715
71,8,0,1,0,2.3728952494486295
71,9,0,1,0,2.377580239595297
72,0,0,0,0,0.5072610004981936
72,1,0,0,0,0.989102942317192
72,2,0,0,0,0.9663488979781171
72,3,0,0,0,1.7326964082103515
72,4,0,0,0,1.594627312576064
72,5,0,1,0,1.6253730423434765
72,6,0,1,0,2.0756452125713984
72,7,0,1,0,1.6242909110485215
72,8,0,1,0,2.412885677122597
72,9,0,1,0,2.8022794616075006
73,0,0,0,0,-0.3975030136623942
73,1,0,0,0,0.46980998810006813
73,2,0,0,0,-0.23924717448642835
73,3,0,0,0,0.47752053486716145
73,4,0,0,0,0.5646842052030847
73,5,0,1,0,1.1811278044430877
73,6,0,1,0,0.7065034877125436
73,7,0,1,0,1.2646630316891865
73,8,0,1,0,0.7278901094113783
73,9,0,1,0,1.2263856561976723
74,0,0,0,0,0.15317632267007264
74,1,0,0,0,0.7873770834957556
74,2,0,0,0,0.4775072440456648
74,3,0,0,0,1.1492942887894848
74,4,0,0,0,1.5548472942837548
74,5,0,1,0,0.9695967286836975
74,6,0,1,0,0.9458614379258903
74,7,0,1,0,1.1798545978891923
74,8,0,1,0,1.858308523689925
74,9,0,1,0,1.605488258785958
75,0,0,0,0,1.0142290038308315
75,1,0,0,0,0.9962990519346204
75,2,0,0,0,1.036354881363415
75,3,0,0,0,1.6637796138254684
75,4,0,0,0,1.8764087865793897
75,5,0,1,0,1.4485149593659439
75,6,0,1,0,2.706441199995283
75,7,0,1,0,2.3234498331824147
75,8,0,1,0,3.120729135334512
75,9,0,1,0,2.789073453755722
76,0,0,0,0,-0.33534917703874717
76,1,0,0,0,-0.8150664530290846
76,2,0,0,0,-0.501499396882844
76,3,0,0,0,-0.1437908260144914
76,4,0,0,0,-0.07185386474627464
76,5,0,1,0,0.8180618539264426
76,6,0,1,0,0.30825110200503253
76,7,0,1,0,0.4731674082638239
76,8,0,1,0,0.6692350331093904
76,9,0,1,0,1.7436356586224075
77,0,0,0,0,-3.0159357236157827
77,1,0,0,0,-2.300233270487108
77,2,0,0,0,-1.9885569023300982
77,3,0,0,0,-2.7143855312438587
77,4,0,0,0,-1.8171849799330462
77,5,0,1,0,-1.3640653981937365
77,6,0,1,0,-1.4603761299278701
77,7,0,1,0,-1.2339523228414397
77,8,0,1,0,-0.6066665615321074
77,9,0,1,0,-0.5190861081899891
78,0,0,0,0,0.9176286052473744
78,1,0,0,0,0.6266920632276168
78,2,0,0,0,1.0744628350784042
78,3,0,0,0,1.9646531649442225
78,4,0,0,0,2.3328036172636075
78,5,0,1,0,2.9051998935833883
78,6,0,1,0,1.6058543061309156
78,7,0,1,0,1.981122626084366
78,8,0,1,0,2.253779811593138
78,9,0,1,0,2.8033509836391683
79,0,0,0,0,2.9510656434144193
79,1,0,0,0,3.4866072998116424
79,2,0,0,0,3.2828088221911447
79,3,0,0,0,3.5854184431721983
79,4,0,0,0,3.011028253421821
79,5,0,1,0,3.505052869238683
79,6,0,1,0,4.755663020849767
79,7,0,1,0,4.059004333430014
79,8,0,1,0,4.488928106561987
79,9,0,1,0,4.492885064605619
80,0,0,0,0,0.055049554433114045
80,1,0,0,0,0.13141499751710511
80,2,0,0,0,-0.08458008313248022
80,3,0,0,0,0.012385530835853364
80,4,0,0,0,0.5428478765370325
80,5,0,1,0,0.7301675911467743
80,6,0,1,0,0.7883090901375496
80,7,0,1,0,1.0574596589393686
80,8,0,1,0,0.9467731545498668
80,9,0,1,0,1.2930097348796177
81,0,0,0,0,-0.14083757711161787
81,1,0,0,0,0.6183764083577209
81,2,0,0,0,0.619876557555325
81,3,0,0,0,0.6002010240554743
81,4,0,0,0,1.1568838546359568
81,5,0,1,0,1.2476703494860044
81,6,0,1,0,1.4235674296541623
81,7,0,1,0,1.9072718818186494
81,8,0,1,0,2.1668889903486277
81,9,0,1,0,2.099286686751526
82,0,0,0,0,0.6132221743405151
82,1,0,0,0,1.1058067423392253
82,2,0,0,0,0.764691613967752
82,3,0,0,0,1.098841848886462
82,4,0,0,0,1.5076546428523665
82,5,0,1,0,2.2086160762021354
82,6,0,1,0,1.8075128726837326
82,7,0,1,0,2.3314211082954452
82,8,0,1,0,2.6501728641905014
82,9,0,1,0,2.760625486403162
83,0,0,0,0,-0.12688905822930127
83,1,0,0,0,0.6836884841635789
83,2,0,0,0,0.6192484016238091
83,3,0,0,0,0.5344569423579395
83,4,0,0,0,0.5815303975676813
83,5,0,1,0,1.0703229344769214
83,6,0,1,0,1.2439806109974811
83,7,0,1,0,1.3759408824260566
83,8,0,1,0,1.3530279573003434
83,9,0,1,0,2.1354020870262023
84,0,0,0,0,2.2975298692350403
84,1,0,0,0,2.9849125218879076
84,2,0,0,0,2.4867437992810655
84,3,0,0,0,2.9014948930697013
84,4,0,0,0,2.9137619074248455
84,5,0,1,0,2.841263199822784
84,6,0,1,0,3.4671782704937626
84,7,0,1,0,4.180550796204906
84,8,0,1,0,4.035007643008364
84,9,0,1,0,4.478623328119981
85,0,0,0,0,-0.4823626825313628
85,1,0,0,0,-0.7210563637827554
85,2,0,0,0,-0.11880394396058086
85,3,0,0,0,0.27851081942052797
85,4,0,0,0,0.4237884994894796
85,5,0,1,0,0.3390782022616011
85,6,0,1,0,0.5953632286811595
85,7,0,1,0,0.9958217629795054
85,8,0,1,0,1.9197739368937263
85,9,0,1,0,1.412357902054014
86,0,0,0,0,0.37902946931392845
86,1,0,0,0,0.23746072488630768
86,2,0,0,0,0.5043497541738562
86,3,0,0,0,0.8952059128597356
86,4,0,0,0,0.7348041951482674
86,5,0,1,0,1.4122957514705834
86,6,0,1,0,1.679124409351653
86,7,0,1,0,1.074181579834366
86,8,0,1,0,1.6702773953552557
86,9,0,1,0,2.0589630590956047
87,0,0,0,0,0.23209430060002206
87,1,0,0,0,0.31801532441764124
87,2,0,0,0,1.2262855970949327
87,3,0,0,0,0.9673397603877875
87,4,0,0,0,0.6736006144088007
87,5,0,1,0,1.516506931677363
87,6,0,1,0,1.8876044586671
87,7,0,1,0,1.5210921761455856
87,8,0,1,0,1.7721841970707775
87,9,0,1,0,2.4199612845821563
88,0,0,0,0,0.8772585316304145
88,1,0,0,0,1.1450678449058742
88,2,0,0,0,1.7258381869931525
88,3,0,0,0,1.5587309452408264
88,4,0,0,0,1.7753560932536356
88,5,0,1,0,1.906339331206192
88,6,0,1,0,2.150581263807229
88,7,0,1,0,2.741994661673944
88,8,0,1,0,3.4990272993756886
88,9,0,1,0,3.0148304680057656
89,0,0,0,0,0.1373208030824554
89,1,0,0,0,0.034502870369349084
89,2,0,0,0,0.3157029930280924
89,3,0,0,0,0.03382280997043419
89,4,0,0,0,0.20531835093512374
89,5,0,1,0,1.078183740064214
89,6,0,1,0,1.0616796928623522
89,7,0,1,0,1.7925885654693388
89,8,0,1,0,0.7325056459944707
89,9,0,1,0,1.3629805909591988
90,0,0,0,0,0.5279742041821535
90,1,0,0,0,0.9085503972475155
90,2,0,0,0,0.9586865715096219
90,3,0,0,0,0.5908897337285419
90,4,0,0,0,1.2654560238542465
90,5,0,1,0,1.4927930101042546
90,6,0,1,0,1.9950261469707153
90,7,0,1,0,2.133760009402813
90,8,0,1,0,2.587494971299929
90,9,0,1,0,2.802816475510189
91,0,0,0,0,-0.7651512044061182
91,1,0,0,0,-0.9471664609675603
91,2,0,0,0,-0.8122880689052199
91,3,0,0,0,-0.22001936248665843
91,4,0,0,0,-0.8026131468746966
91,5,0,1,0,0.029004682470208848
91,6,0,1,0,0.4228254876146584
91,7,0,1,0,0.42396926918511646
91,8,0,1,0,-0.2122071337767759
91,9,0,1,0,1.0992346818546503
92,0,0,0,0,-0.35318896154489143
92,1,0,0,0,-0.06936428498306005
92,2,0,0,0,-0.591359073649878
92,3,0,0,0,0.2376947378172275
92,4,0,0,0,0.7985380246817325
92,5,0,1,0,0.707846667431057
92,6,0,1,0,0.06528919383442511
92,7,0,1,0,0.4317272704834726
92,8,0,1,0,1.2963876480146705
92,9,0,1,0,1.1190854586175396
93,0,0,0,0,-2.015555905493325
93,1,0,0,0,-1.760115391965181
93,2,0,0,0,-1.360334104095584
93,3,0,0,0,-1.3022841634225946
93,4,0,0,0,-1.3318968449051933
93,5,0,1,0,-1.7961669944097174
93,6,0,1,0,-1.393437189514343
93,7,0,1,0,-0.6679741041986418
93,8,0,1,0,-0.2968638258925567
93,9,0,1,0,-1.0867462287858096
94,0,0,0,0,-0.18370955842808612
94,1,0,0,0,0.27723533370706005
94,2,0,0,0,1.088918847787246
94,3,0,0,0,1.0535678653446914
94,4,0,0,0,0.9532029297178082
94,5,0,1,0,1.1722451161019056
94,6,0,1,0,1.3204498182858857
94,7,0,1,0,1.4874983559698753
94,8,0,1,0,1.5194405887158942
94,9,0,1,0,2.4226087449826825
95,0,0,0,0,1.8453054447508077
95,1,0,0,0,1.484853433918963
95,2,0,0,0,1.7880536404960576
95,3,0,0,0,1.8829304674591878
95,4,0,0,0,1.9620842039548152
95,5,0,1,0,2.623483045385513
95,6,0,1,0,2.4916793705738183
95,7,0,1,0,2.916086854315805
95,8,0,1,0,2.784186914504225
95,9,0,1,0,3.236679876033125
96,0,0,0,0,0.6039467663846017
96,1,0,0,0,0.16286699434922758
96,2,0,0,0,1.0807817411148104
96,3,0,0,0,0.6199187670926787
96,4,0,0,0,0.601585710948793
96,5,0,1,0,1.2934113506170701
96,6,0,1,0,1.2853513647845805
96,7,0,1,0,2.1959566935571275
96,8,0,1,0,1.458402224065038
96,9,0,1,0,1.9968599785006889
97,0,0,0,0,0.8327541692758063
97,1,0,0,0,0.7076671100744079
97,2,0,0,0,1.0372337429605407
97,3,0,0,0,1.7908066158121525
97,4,0,0,0,1.638656131693173
97,5,0,1,0,2.0897839047227005
97,6,0,1,0,2.0649741708266283
97,7,0,1,0,2.1671134625292092
97,8,0,1,0,2.254447720450205
97,9,0,1,0,2.3814569413823827
98,0,0,0,0,0.9670516518990586
98,1,0,0,0,1.4462914789131198
98,2,0,0,0,1.0358560383665247
98,3,0,0,0,2.06220948519531
98,4,0,0,0,1.5843997180330385
98,5,0,1,0,2.191697640061328
98,6,0,1,0,2.280465392874404
98,7,0,1,0,2.1425266619844563
98,8,0,1,0,2.846270328408519
98,9,0,1,0,2.2415691510075937
99,0,0,0,0,-0.7165189951873744
99,1,0,0,0,-0.8148850913118952
99,2,0,0,0,-0.8064108261667469
99,3,0,0,0,-0.0637137385383975
99,4,0,0,0,-0.15167413956890902
99,5,0,1,0,0.6918370081753934
99,6,0,1,0,0.08980425866245273
99,7,0,1,0,0.9820252072967972
99,8,0,1,0,0.588901093072449
99,9,0,1,0,1.173404507630543
100,0,0,0,0,0.6006395824106484
100,1,0,0,0,0.5142653512885049
100,2,0,0,0,0.7775432484103929
100,3,0,0,0,0.8520766311593139
100,4,0,0,0,1.1237889298840984
100,5,0,1,0,1.5158777627107147
100,6,0,1,0,1.587468868688061
100,7,0,1,0,1.8458994935366937
100,8,0,1,0,2.068345442455388
100,9,0,1,0,2.378969235637037
