unit_id,time,y0_truth,true_ATT_post
1,-2,1.4184654401758223,0.0
1,-1,1.9184654401758223,0.0
1,0,2.4184654401758223,2.0
1,1,3.1184654401758225,2.0
2,-2,-2.629955231859584,0.0
2,-1,-2.129955231859584,0.0
2,0,-1.6299552318595838,0.0
2,1,-0.9299552318595838,0.0
3,-2,-1.635646491277476,0.0
3,-1,-1.135646491277476,0.0
3,0,-0.6356464912774759,0.0
3,1,0.06435350872252416,0.0
4,-2,-1.175342004902131,0.0
4,-1,-0.675342004902131,0.0
4,0,-0.17534200490213103,2.0
4,1,0.5246579950978689,2.0
5,-2,-1.247790586270879,0.0
5,-1,-0.7477905862708788,0.0
5,0,-0.24779058627087883,0.0
5,1,0.4522094137291212,0.0
6,-2,0.9639179966676368,0.0
6,-1,1.4639179966676368,0.0
6,0,1.9639179966676368,2.0
6,1,2.663917996667637,2.0
7,-2,-1.4542446181196145,0.0
7,-1,-0.9542446181196145,0.0
7,0,-0.4542446181196145,2.0
7,1,0.24575538188038554,2.0
8,-2,-0.23178296417901978,0.0
8,-1,0.2682170358209802,0.0
8,0,0.7682170358209802,2.0
8,1,1.4682170358209803,2.0
9,-2,-1.4628368694514533,0.0
9,-1,-0.9628368694514533,0.0
9,0,-0.4628368694514533,0.0
9,1,0.2371631305485467,0.0
10,-2,-0.911523871383326,0.0
10,-1,-0.411523871383326,0.0
10,0,0.08847612861667398,2.0
10,1,0.7884761286166739,2.0
11,-2,-1.3886330499330226,0.0
11,-1,-0.8886330499330226,0.0
11,0,-0.38863304993302256,0.0
11,1,0.31136695006697745,0.0
12,-2,-0.6811716366958199,0.0
12,-1,-0.18117163669581993,0.0
12,0,0.3188283633041801,0.0
12,1,1.0188283633041801,0.0
13,-2,-1.7836037484610845,0.0
13,-1,-1.2836037484610845,0.0
13,0,-0.7836037484610844,0.0
13,1,-0.08360374846108437,0.0
14,-2,-1.062296984463333,0.0
14,-1,-0.562296984463333,0.0
14,0,-0.06229698446333298,2.0
14,1,0.637703015536667,2.0
15,-2,0.630191135840958,0.0
15,-1,1.130191135840958,0.0
15,0,1.630191135840958,0.0
15,1,2.330191135840958,0.0
16,-2,-0.6520082599109432,0.0
16,-1,-0.15200825991094324,0.0
16,0,0.34799174008905676,0.0
16,1,1.0479917400890568,0.0
17,-2,-0.45704459313610335,0.0
17,-1,0.04295540686389665,0.0
17,0,0.5429554068638967,0.0
17,1,1.2429554068638966,0.0
18,-2,0.726061977177983,0.0
18,-1,1.226061977177983,0.0
18,0,1.726061977177983,2.0
18,1,2.426061977177983,2.0
19,-2,-1.414708541069118,0.0
19,-1,-0.914708541069118,0.0
19,0,-0.41470854106911803,0.0
19,1,0.285291458930882,0.0
20,-2,0.059168048830684716,0.0
20,-1,0.5591680488306847,0.0
20,0,1.0591680488306847,0.0
20,1,1.7591680488306847,0.0
21,-2,-1.299615204351916,0.0
21,-1,-0.799615204351916,0.0
21,0,-0.299615204351916,0.0
21,1,0.400384795648084,0.0
22,-2,0.2356531639941266,0.0
22,-1,0.7356531639941266,0.0
22,0,1.2356531639941266,0.0
22,1,1.9356531639941266,0.0
23,-2,-1.3326570537657023,0.0
23,-1,-0.8326570537657023,0.0
23,0,-0.33265705376570226,0.0
23,1,0.36734294623429775,0.0
24,-2,-0.6107743018262569,0.0
24,-1,-0.11077430182625692,0.0
24,0,0.3892256981737431,2.0
24,1,1.0892256981737432,2.0
25,-2,-2.005154611857202,0.0
25,-1,-1.505154611857202,0.0
25,0,-1.005154611857202,0.0
25,1,-0.3051546118572019,0.0
26,-2,-0.420364396376517,0.0
26,-1,0.07963560362348299,0.0
26,0,0.579635603623483,0.0
26,1,1.2796356036234828,0.0
27,-2,-3.4413951049221154,0.0
27,-1,-2.9413951049221154,0.0
27,0,-2.4413951049221154,2.0
27,1,-1.7413951049221155,2.0
28,-2,-0.16071698322813832,0.0
28,-1,0.3392830167718617,0.0
28,0,0.8392830167718617,2.0
28,1,1.5392830167718616,2.0
29,-2,0.6035470807693535,0.0
29,-1,1.1035470807693535,0.0
29,0,1.6035470807693535,0.0
29,1,2.303547080769354,0.0
30,-2,-1.7881376980062955,0.0
30,-1,-1.2881376980062955,0.0
30,0,-0.7881376980062955,0.0
30,1,-0.0881376980062955,0.0
31,-2,-1.3689934351911708,0.0
31,-1,-0.8689934351911708,0.0
31,0,-0.3689934351911708,2.0
31,1,0.33100656480882923,2.0
32,-2,-0.3570108135671106,0.0
32,-1,0.14298918643288938,0.0
32,0,0.6429891864328894,0.0
32,1,1.3429891864328893,0.0
33,-2,-0.18547199569590178,0.0
33,-1,0.3145280043040982,0.0
33,0,0.8145280043040982,2.0
33,1,1.514528004304098,2.0
34,-2,0.008311157293287241,0.0
34,-1,0.5083111572932872,0.0
34,0,1.0083111572932872,2.0
34,1,1.7083111572932872,2.0
35,-2,0.39692126149473017,0.0
35,-1,0.8969212614947302,0.0
35,0,1.3969212614947302,2.0
35,1,2.0969212614947303,2.0
36,-2,-0.7312507797146357,0.0
36,-1,-0.23125077971463576,0.0
36,0,0.26874922028536424,0.0
36,1,0.9687492202853643,0.0
37,-2,-2.8763764347985745,0.0
37,-1,-2.3763764347985745,0.0
37,0,-1.8763764347985747,0.0
37,1,-1.1763764347985748,0.0
38,-2,0.013990112063396065,0.0
38,-1,0.5139901120633961,0.0
38,0,1.013990112063396,0.0
38,1,1.713990112063396,0.0
39,-2,0.03931338653784633,0.0
39,-1,0.5393133865378463,0.0
39,0,1.0393133865378463,2.0
39,1,1.7393133865378463,2.0
40,-2,-0.44636077794257456,0.0
40,-1,0.05363922205742544,0.0
40,0,0.5536392220574254,2.0
40,1,1.2536392220574253,2.0
41,-2,0.07018053879265973,0.0
41,-1,0.5701805387926597,0.0
41,0,1.0701805387926597,0.0
41,1,1.7701805387926597,0.0
42,-2,-2.1161159944262486,0.0
42,-1,-1.6161159944262484,0.0
42,0,-1.1161159944262484,0.0
42,1,-0.4161159944262484,0.0
43,-2,-0.2573021139427555,0.0
43,-1,0.24269788605724452,0.0
43,0,0.7426978860572445,2.0
43,1,1.4426978860572446,2.0
44,-2,-1.858482876047188,0.0
44,-1,-1.358482876047188,0.0
44,0,-0.8584828760471881,0.0
44,1,-0.15848287604718808,0.0
45,-2,-3.3438568636516233,0.0
45,-1,-2.8438568636516233,0.0
45,0,-2.3438568636516233,0.0
45,1,-1.6438568636516233,0.0
46,-2,-0.802278826054576,0.0
46,-1,-0.302278826054576,0.0
46,0,0.19772117394542402,0.0
46,1,0.8977211739454241,0.0
47,-2,-0.6418091612654817,0.0
47,-1,-0.14180916126548176,0.0
47,0,0.35819083873451824,2.0
47,1,1.0581908387345182,2.0
48,-2,0.7630217742572296,0.0
48,-1,1.2630217742572296,0.0
48,0,1.7630217742572296,2.0
48,1,2.46302177425723,2.0
49,-2,0.3036948307224836,0.0
49,-1,0.8036948307224836,0.0
49,0,1.3036948307224836,0.0
49,1,2.0036948307224836,0.0
50,-2,0.08865076792853355,0.0
50,-1,0.5886507679285335,0.0
50,0,1.0886507679285335,2.0
50,1,1.7886507679285335,2.0
51,-2,-0.560217350340528,0.0
51,-1,-0.060217350340528,0.0
51,0,0.439782649659472,2.0
51,1,1.139782649659472,2.0
52,-2,0.3182701939459296,0.0
52,-1,0.8182701939459296,0.0
52,0,1.3182701939459296,2.0
52,1,2.0182701939459298,2.0
53,-2,-0.7693452530270883,0.0
53,-1,-0.26934525302708834,0.0
53,0,0.23065474697291166,2.0
53,1,0.9306547469729116,2.0
54,-2,0.7949550741747526,0.0
54,-1,1.2949550741747526,0.0
54,0,1.7949550741747526,0.0
54,1,2.4949550741747526,0.0
55,-2,-1.4933188805353628,0.0
55,-1,-0.9933188805353627,0.0
55,0,-0.49331888053536266,0.0
55,1,0.20668111946463735,0.0
56,-2,0.6691624992909859,0.0
56,-1,1.169162499290986,0.0
56,0,1.669162499290986,2.0
56,1,2.369162499290986,2.0
57,-2,-2.013241813135822,0.0
57,-1,-1.513241813135822,0.0
57,0,-1.013241813135822,2.0
57,1,-0.31324181313582206,2.0
58,-2,-0.08388438450407054,0.0
58,-1,0.41611561549592946,0.0
58,0,0.9161156154959295,0.0
58,1,1.6161156154959293,0.0
59,-2,-0.5160272576774416,0.0
59,-1,-0.01602725767744162,0.0
59,0,0.4839727423225584,2.0
59,1,1.1839727423225583,2.0
60,-2,-0.6886575959969752,0.0
60,-1,-0.18865759599697518,0.0
60,0,0.3113424040030248,2.0
60,1,1.0113424040030248,2.0
61,-2,0.2624283828937015,0.0
61,-1,0.7624283828937015,0.0
61,0,1.2624283828937015,2.0
61,1,1.9624283828937015,2.0
62,-2,0.45686847397383,0.0
62,-1,0.95686847397383,0.0
62,0,1.45686847397383,2.0
62,1,2.15686847397383,2.0
63,-2,-1.3658569576573156,0.0
63,-1,-0.8658569576573156,0.0
63,0,-0.3658569576573156,0.0
63,1,0.33414304234268444,0.0
64,-2,0.6958452472712702,0.0
64,-1,1.1958452472712702,0.0
64,0,1.6958452472712702,2.0
64,1,2.3958452472712706,2.0
65,-2,-1.2586554528497345,0.0
65,-1,-0.7586554528497345,0.0
65,0,-0.2586554528497344,0.0
65,1,0.4413445471502656,0.0
66,-2,-1.179971017514458,0.0
66,-1,-0.6799710175144579,0.0
66,0,-0.17997101751445788,2.0
66,1,0.5200289824855422,2.0
67,-2,-2.4816892191373277,0.0
67,-1,-1.9816892191373277,0.0
67,0,-1.4816892191373277,0.0
67,1,-0.7816892191373277,0.0
68,-2,0.5884804366007303,0.0
68,-1,1.0884804366007303,0.0
68,0,1.5884804366007303,2.0
68,1,2.2884804366007305,2.0
69,-2,-1.3164020858932552,0.0
69,-1,-0.8164020858932551,0.0
69,0,-0.31640208589325514,0.0
69,1,0.3835979141067449,0.0
70,-2,-1.3392409251846586,0.0
70,-1,-0.8392409251846586,0.0
70,0,-0.3392409251846586,0.0
70,1,0.3607590748153414,0.0
71,-2,-0.8112861661242705,0.0
71,-1,-0.31128616612427057,0.0
71,0,0.18871383387572943,0.0
71,1,0.8887138338757294,0.0
72,-2,-0.9980139498006022,0.0
72,-1,-0.49801394980060226,0.0
72,0,0.0019860501993977414,0.0
72,1,0.7019860501993977,0.0
73,-2,-2.2417130550117284,0.0
73,-1,-1.7417130550117284,0.0
73,0,-1.2417130550117284,0.0
73,1,-0.5417130550117284,0.0
74,-2,-1.2259668224877354,0.0
74,-1,-0.7259668224877355,0.0
74,0,-0.22596682248773547,2.0
74,1,0.47403317751226454,2.0
75,-2,-0.809569826764555,0.0
75,-1,-0.309569826764555,0.0
75,0,0.19043017323544498,2.0
75,1,0.8904301732354449,2.0
76,-2,-1.8476186505683176,0.0
76,-1,-1.3476186505683176,0.0
76,0,-0.8476186505683178,0.0
76,1,-0.14761865056831774,0.0
77,-2,-2.3601137954206495,0.0
77,-1,-1.8601137954206497,0.0
77,0,-1.3601137954206497,0.0
77,1,-0.6601137954206497,0.0
78,-2,1.4268067571288316,0.0
78,-1,1.9268067571288316,0.0
78,0,2.4268067571288316,2.0
78,1,3.126806757128832,2.0
79,-2,-0.2012949173979618,0.0
79,-1,0.2987050826020382,0.0
79,0,0.7987050826020382,2.0
79,1,1.498705082602038,2.0
80,-2,0.49587912060798733,0.0
80,-1,0.9958791206079873,0.0
80,0,1.4958791206079873,0.0
80,1,2.1958791206079873,0.0
81,-2,-1.639242818151598,0.0
81,-1,-1.139242818151598,0.0
81,0,-0.6392428181515979,0.0
81,1,0.06075718184840212,0.0
82,-2,-0.8856214135007494,0.0
82,-1,-0.3856214135007494,0.0
82,0,0.11437858649925058,0.0
82,1,0.8143785864992505,0.0
83,-2,0.758575357773581,0.0
83,-1,1.258575357773581,0.0
83,0,1.758575357773581,2.0
83,1,2.458575357773581,2.0
84,-2,-0.6700045356545901,0.0
84,-1,-0.17000453565459,0.0
84,0,0.32999546434541,0.0
84,1,1.02999546434541,0.0
85,-2,-0.02535492321896804,0.0
85,-1,0.47464507678103196,0.0
85,0,0.974645076781032,0.0
85,1,1.674645076781032,0.0
86,-2,-0.5619558164725976,0.0
86,-1,-0.061955816472597625,0.0
86,0,0.4380441835274024,0.0
86,1,1.1380441835274024,0.0
87,-2,-2.145320954748108,0.0
87,-1,-1.645320954748108,0.0
87,0,-1.145320954748108,0.0
87,1,-0.445320954748108,0.0
88,-2,-0.5655924963842704,0.0
88,-1,-0.06559249638427045,0.0
88,0,0.43440750361572955,2.0
88,1,1.1344075036157295,2.0
89,-2,-2.123593916382667,0.0
89,-1,-1.6235939163826674,0.0
89,0,-1.1235939163826674,0.0
89,1,-0.42359391638266736,0.0
90,-2,-1.2078697972672274,0.0
90,-1,-0.7078697972672275,0.0
90,0,-0.2078697972672275,0.0
90,1,0.49213020273277247,0.0
91,-2,-1.7828110902144334,0.0
91,-1,-1.2828110902144334,0.0
91,0,-0.7828110902144333,0.0
91,1,-0.08281109021443328,0.0
92,-2,-1.1101182757654757,0.0
92,-1,-0.6101182757654758,0.0
92,0,-0.11011827576547584,2.0
92,1,0.5898817242345242,2.0
93,-2,-1.9304194983483405,0.0
93,-1,-1.4304194983483405,0.0
93,0,-0.9304194983483404,0.0
93,1,-0.23041949834834036,0.0
94,-2,0.3161908256718684,0.0
94,-1,0.8161908256718684,0.0
94,0,1.3161908256718684,2.0
94,1,2.0161908256718686,2.0
95,-2,-2.0291453620406505,0.0
95,-1,-1.5291453620406508,0.0
95,0,-1.0291453620406508,2.0
95,1,-0.32914536204065076,2.0
96,-2,-0.6620971891449601,0.0
96,-1,-0.16209718914496013,0.0
96,0,0.33790281085503987,2.0
96,1,1.0379028108550399,2.0
97,-2,0.2779144165012988,0.0
97,-1,0.7779144165012988,0.0
97,0,1.2779144165012988,0.0
97,1,1.9779144165012987,0.0
98,-2,-1.7488548149343752,0.0
98,-1,-1.2488548149343752,0.0
98,0,-0.7488548149343753,0.0
98,1,-0.048854814934375324,0.0
99,-2,0.12315756370982411,0.0
99,-1,0.6231575637098241,0.0
99,0,1.1231575637098241,0.0
99,1,1.823157563709824,0.0
100,-2,0.22883776221088836,0.0
100,-1,0.7288377622108884,0.0
100,0,1.2288377622108884,0.0
100,1,1.9288377622108883,0.0
101,-2,-1.8466429684509946,0.0
101,-1,-1.3466429684509946,0.0
101,0,-0.8466429684509947,0.0
101,1,-0.14664296845099473,0.0
102,-2,1.2983102321167914,0.0
102,-1,1.7983102321167914,0.0
102,0,2.2983102321167914,2.0
102,1,2.9983102321167916,2.0
103,-2,-0.5946387377210648,0.0
103,-1,-0.09463873772106479,0.0
103,0,0.4053612622789352,2.0
103,1,1.1053612622789353,2.0
104,-2,1.1292657371245864,0.0
104,-1,1.6292657371245864,0.0
104,0,2.1292657371245864,0.0
104,1,2.8292657371245866,0.0
105,-2,-0.7685882281943888,0.0
105,-1,-0.26858822819438877,0.0
105,0,0.23141177180561123,2.0
105,1,0.9314117718056112,2.0
106,-2,0.019348700058027912,0.0
106,-1,0.5193487000580279,0.0
106,0,1.019348700058028,2.0
106,1,1.7193487000580279,2.0
107,-2,0.4775572612842036,0.0
107,-1,0.9775572612842036,0.0
107,0,1.4775572612842036,0.0
107,1,2.177557261284204,0.0
108,-2,-3.1116999262906972,0.0
108,-1,-2.6116999262906972,0.0
108,0,-2.1116999262906972,0.0
108,1,-1.4116999262906973,0.0
109,-2,-1.2750220874540161,0.0
109,-1,-0.7750220874540161,0.0
109,0,-0.2750220874540162,0.0
109,1,0.4249779125459838,0.0
110,-2,0.3654270855589645,0.0
110,-1,0.8654270855589645,0.0
110,0,1.3654270855589645,2.0
110,1,2.0654270855589645,2.0
111,-2,-1.3401386358143048,0.0
111,-1,-0.8401386358143048,0.0
111,0,-0.34013863581430487,0.0
111,1,0.35986136418569514,0.0
112,-2,-1.140013617254612,0.0
112,-1,-0.640013617254612,0.0
112,0,-0.140013617254612,0.0
112,1,0.5599863827453879,0.0
113,-2,-0.32386338780071566,0.0
113,-1,0.17613661219928434,0.0
113,0,0.6761366121992843,2.0
113,1,1.3761366121992842,2.0
114,-2,-1.3772871983443022,0.0
114,-1,-0.8772871983443024,0.0
114,0,-0.37728719834430235,0.0
114,1,0.32271280165569766,0.0
115,-2,0.6099478420041056,0.0
115,-1,1.1099478420041056,0.0
115,0,1.6099478420041056,2.0
115,1,2.3099478420041057,2.0
116,-2,-2.699627548768035,0.0
116,-1,-2.199627548768035,0.0
116,0,-1.6996275487680352,2.0
116,1,-0.9996275487680353,2.0
117,-2,0.3221611778419078,0.0
117,-1,0.8221611778419078,0.0
117,0,1.3221611778419078,2.0
117,1,2.022161177841908,2.0
118,-2,-0.018575031312582535,0.0
118,-1,0.48142496868741746,0.0
118,0,0.9814249686874175,2.0
118,1,1.6814249686874174,2.0
119,-2,0.1912519763539744,0.0
119,-1,0.6912519763539744,0.0
119,0,1.1912519763539744,0.0
119,1,1.8912519763539744,0.0
120,-2,-0.6589886568204945,0.0
120,-1,-0.15898865682049446,0.0
120,0,0.34101134317950554,2.0
120,1,1.0410113431795056,2.0
121,-2,-1.9703286241564437,0.0
121,-1,-1.4703286241564437,0.0
121,0,-0.9703286241564438,0.0
121,1,-0.2703286241564438,0.0
122,-2,-1.2228645161375729,0.0
122,-1,-0.7228645161375727,0.0
122,0,-0.22286451613757277,0.0
122,1,0.47713548386242727,0.0
123,-2,-1.1004489570589933,0.0
123,-1,-0.6004489570589933,0.0
123,0,-0.10044895705899326,2.0
123,1,0.5995510429410067,2.0
124,-2,-0.5577446061628528,0.0
124,-1,-0.057744606162852874,0.0
124,0,0.4422553938371471,0.0
124,1,1.1422553938371471,0.0
125,-2,1.6631774636521102,0.0
125,-1,2.16317746365211,0.0
125,0,2.66317746365211,2.0
125,1,3.3631774636521103,2.0
126,-2,-1.7673439601270502,0.0
126,-1,-1.2673439601270502,0.0
126,0,-0.7673439601270503,0.0
126,1,-0.0673439601270503,0.0
127,-2,-1.7883363130947791,0.0
127,-1,-1.2883363130947791,0.0
127,0,-0.7883363130947793,0.0
127,1,-0.08833631309477924,0.0
128,-2,-1.447111739520519,0.0
128,-1,-0.9471117395205191,0.0
128,0,-0.4471117395205191,0.0
128,1,0.25288826047948093,0.0
129,-2,-0.03179247465696089,0.0
129,-1,0.4682075253430391,0.0
129,0,0.9682075253430391,2.0
129,1,1.668207525343039,2.0
130,-2,-0.8209306152558016,0.0
130,-1,-0.3209306152558016,0.0
130,0,0.17906938474419842,2.0
130,1,0.8790693847441984,2.0
131,-2,-0.06084745849207518,0.0
131,-1,0.4391525415079248,0.0
131,0,0.9391525415079248,2.0
131,1,1.6391525415079247,2.0
132,-2,0.7879195066339981,0.0
132,-1,1.2879195066339981,0.0
132,0,1.7879195066339981,2.0
132,1,2.4879195066339985,2.0
133,-2,0.3780494964634735,0.0
133,-1,0.8780494964634735,0.0
133,0,1.3780494964634735,2.0
133,1,2.0780494964634735,2.0
134,-2,-1.0207466541344763,0.0
134,-1,-0.5207466541344762,0.0
134,0,-0.02074665413447622,0.0
134,1,0.6792533458655238,0.0
135,-2,-1.89441559869211,0.0
135,-1,-1.39441559869211,0.0
135,0,-0.89441559869211,0.0
135,1,-0.19441559869210995,0.0
136,-2,-0.3064586916012654,0.0
136,-1,0.19354130839873462,0.0
136,0,0.6935413083987346,2.0
136,1,1.3935413083987347,2.0
137,-2,-1.0420238139338058,0.0
137,-1,-0.5420238139338057,0.0
137,0,-0.04202381393380573,0.0
137,1,0.6579761860661943,0.0
138,-2,-0.4298537770141073,0.0
138,-1,0.07014622298589268,0.0
138,0,0.5701462229858927,2.0
138,1,1.2701462229858926,2.0
139,-2,0.7751068674307469,0.0
139,-1,1.2751068674307469,0.0
139,0,1.7751068674307469,2.0
139,1,2.475106867430747,2.0
140,-2,0.5011913210707437,0.0
140,-1,1.0011913210707437,0.0
140,0,1.5011913210707437,2.0
140,1,2.201191321070744,2.0
141,-2,-3.006807749639994,0.0
141,-1,-2.506807749639994,0.0
141,0,-2.006807749639994,0.0
141,1,-1.306807749639994,0.0
142,-2,-0.4443475987378178,0.0
142,-1,0.05565240126218218,0.0
142,0,0.5556524012621822,2.0
142,1,1.2556524012621821,2.0
143,-2,-1.452067067522214,0.0
143,-1,-0.9520670675222139,0.0
143,0,-0.45206706752221393,0.0
143,1,0.24793293247778608,0.0
144,-2,-0.5770790575742182,0.0
144,-1,-0.07707905757421812,0.0
144,0,0.4229209424257819,2.0
144,1,1.1229209424257818,2.0
145,-2,-1.7199287107574692,0.0
145,-1,-1.2199287107574692,0.0
145,0,-0.7199287107574692,2.0
145,1,-0.019928710757469215,2.0
146,-2,-0.8053907613735628,0.0
146,-1,-0.3053907613735628,0.0
146,0,0.1946092386264372,2.0
146,1,0.8946092386264373,2.0
147,-2,-1.4142387070218208,0.0
147,-1,-0.9142387070218208,0.0
147,0,-0.41423870702182075,2.0
147,1,0.28576129297817926,2.0
148,-2,-0.3285649822415422,0.0
148,-1,0.17143501775845782,0.0
148,0,0.6714350177584578,0.0
148,1,1.3714350177584578,0.0
149,-2,-0.4324672848800093,0.0
149,-1,0.0675327151199907,0.0
149,0,0.5675327151199907,0.0
149,1,1.2675327151199907,0.0
150,-2,0.4031081972736872,0.0
150,-1,0.9031081972736872,0.0
150,0,1.4031081972736872,2.0
150,1,2.1031081972736874,2.0
151,-2,-1.9316946926589607,0.0
151,-1,-1.4316946926589607,0.0
151,0,-0.9316946926589605,0.0
151,1,-0.23169469265896053,0.0
152,-2,-0.42417813348823086,0.0
152,-1,0.07582186651176914,0.0
152,0,0.5758218665117691,2.0
152,1,1.275821866511769,2.0
153,-2,-1.7246242360894923,0.0
153,-1,-1.2246242360894923,0.0
153,0,-0.7246242360894924,0.0
153,1,-0.024624236089492435,0.0
154,-2,-1.066566869345226,0.0
154,-1,-0.5665668693452259,0.0
154,0,-0.06656686934522592,0.0
154,1,0.633433130654774,0.0
155,-2,-0.5571099398840098,0.0
155,-1,-0.05710993988400981,0.0
155,0,0.4428900601159902,2.0
155,1,1.1428900601159901,2.0
156,-2,-0.9726476560760843,0.0
156,-1,-0.4726476560760843,0.0
156,0,0.027352343923915723,2.0
156,1,0.7273523439239158,2.0
157,-2,-0.414411199936766,0.0
157,-1,0.085588800063234,0.0
157,0,0.585588800063234,2.0
157,1,1.2855888000632338,2.0
158,-2,-1.3725099758361936,0.0
158,-1,-0.8725099758361936,0.0
158,0,-0.3725099758361936,0.0
158,1,0.3274900241638064,0.0
159,-2,-0.3625517207844432,0.0
159,-1,0.1374482792155568,0.0
159,0,0.6374482792155568,0.0
159,1,1.3374482792155569,0.0
160,-2,0.06809997176986338,0.0
160,-1,0.5680999717698634,0.0
160,0,1.0680999717698634,2.0
160,1,1.7680999717698633,2.0
161,-2,-2.2843262427132593,0.0
161,-1,-1.7843262427132591,0.0
161,0,-1.2843262427132591,2.0
161,1,-0.5843262427132592,2.0
162,-2,-2.1389608113649823,0.0
162,-1,-1.6389608113649823,0.0
162,0,-1.1389608113649823,2.0
162,1,-0.4389608113649823,2.0
163,-2,-1.2458013076199754,0.0
163,-1,-0.7458013076199754,0.0
163,0,-0.24580130761997537,0.0
163,1,0.45419869238002464,0.0
164,-2,-0.873987598487801,0.0
164,-1,-0.37398759848780105,0.0
164,0,0.12601240151219895,2.0
164,1,0.826012401512199,2.0
165,-2,1.6022530730163962,0.0
165,-1,2.102253073016396,0.0
165,0,2.602253073016396,0.0
165,1,3.3022530730163964,0.0
166,-2,0.8889629073143939,0.0
166,-1,1.3889629073143939,0.0
166,0,1.8889629073143939,2.0
166,1,2.588962907314394,2.0
167,-2,-1.7102546000248182,0.0
167,-1,-1.2102546000248182,0.0
167,0,-0.7102546000248183,0.0
167,1,-0.010254600024818317,0.0
168,-2,0.9935838445235721,0.0
168,-1,1.493583844523572,0.0
168,0,1.993583844523572,2.0
168,1,2.6935838445235722,2.0
169,-2,-0.7434471212322156,0.0
169,-1,-0.24344712123221562,0.0
169,0,0.2565528787677844,0.0
169,1,0.9565528787677844,0.0
170,-2,-0.5091863260830186,0.0
170,-1,-0.009186326083018614,0.0
170,0,0.4908136739169814,2.0
170,1,1.1908136739169815,2.0
171,-2,-0.522243896715257,0.0
171,-1,-0.022243896715257006,0.0
171,0,0.477756103284743,0.0
171,1,1.177756103284743,0.0
172,-2,-0.7703206207768076,0.0
172,-1,-0.2703206207768077,0.0
172,0,0.22967937922319231,2.0
172,1,0.9296793792231923,2.0
173,-2,1.0623793391963643,0.0
173,-1,1.5623793391963643,0.0
173,0,2.0623793391963643,2.0
173,1,2.7623793391963645,2.0
174,-2,-2.1604992450788307,0.0
174,-1,-1.660499245078831,0.0
174,0,-1.160499245078831,0.0
174,1,-0.46049924507883094,0.0
175,-2,1.9903305428434876,0.0
175,-1,2.4903305428434876,0.0
175,0,2.9903305428434876,2.0
175,1,3.690330542843488,2.0
176,-2,0.5122826795209097,0.0
176,-1,1.0122826795209097,0.0
176,0,1.5122826795209097,2.0
176,1,2.21228267952091,2.0
177,-2,0.34428528254704016,0.0
177,-1,0.8442852825470402,0.0
177,0,1.3442852825470402,0.0
177,1,2.0442852825470403,0.0
178,-2,-0.42149896521586383,0.0
178,-1,0.07850103478413617,0.0
178,0,0.5785010347841362,0.0
178,1,1.2785010347841361,0.0
179,-2,0.3540765265497172,0.0
179,-1,0.8540765265497172,0.0
179,0,1.3540765265497172,2.0
179,1,2.0540765265497174,2.0
180,-2,-0.16365019622888877,0.0
180,-1,0.33634980377111123,0.0
180,0,0.8363498037711112,0.0
180,1,1.5363498037711112,0.0
181,-2,-0.5798332118852456,0.0
181,-1,-0.07983321188524567,0.0
181,0,0.42016678811475433,0.0
181,1,1.1201667881147543,0.0
182,-2,1.5893027212139406,0.0
182,-1,2.0893027212139406,0.0
182,0,2.5893027212139406,0.0
182,1,3.2893027212139407,0.0
183,-2,-1.2882944048520493,0.0
183,-1,-0.7882944048520494,0.0
183,0,-0.2882944048520494,0.0
183,1,0.41170559514795063,0.0
184,-2,0.2193133915618497,0.0
184,-1,0.7193133915618497,0.0
184,0,1.2193133915618497,2.0
184,1,1.9193133915618497,2.0
185,-2,0.4351549700427637,0.0
185,-1,0.9351549700427637,0.0
185,0,1.4351549700427637,0.0
185,1,2.135154970042764,0.0
186,-2,-0.9543204423030128,0.0
186,-1,-0.45432044230301283,0.0
186,0,0.04567955769698717,2.0
186,1,0.7456795576969872,2.0
187,-2,-0.6288964419952378,0.0
187,-1,-0.12889644199523775,0.0
187,0,0.37110355800476225,2.0
187,1,1.0711035580047623,2.0
188,-2,-1.3366864868016517,0.0
188,-1,-0.8366864868016517,0.0
188,0,-0.3366864868016517,2.0
188,1,0.3633135131983483,2.0
189,-2,-1.1243987659464407,0.0
189,-1,-0.6243987659464408,0.0
189,0,-0.12439876594644082,0.0
189,1,0.5756012340535592,0.0
190,-2,-1.1465030412164725,0.0
190,-1,-0.6465030412164725,0.0
190,0,-0.1465030412164725,2.0
190,1,0.5534969587835274,2.0
191,-2,0.7779320897320923,0.0
191,-1,1.2779320897320923,0.0
191,0,1.7779320897320923,2.0
191,1,2.4779320897320924,2.0
192,-2,-2.097340119837088,0.0
192,-1,-1.597340119837088,0.0
192,0,-1.097340119837088,2.0
192,1,-0.397340119837088,2.0
193,-2,-1.5512922193578378,0.0
193,-1,-1.0512922193578378,0.0
193,0,-0.5512922193578377,0.0
193,1,0.14870778064216233,0.0
194,-2,-0.58116005979352,0.0
194,-1,-0.08116005979352003,0.0
194,0,0.41883994020647997,2.0
194,1,1.11883994020648,2.0
195,-2,-0.8196309716688841,0.0
195,-1,-0.3196309716688841,0.0
195,0,0.1803690283311159,2.0
195,1,0.8803690283311159,2.0
196,-2,0.9610321793760663,0.0
196,-1,1.4610321793760663,0.0
196,0,1.9610321793760663,0.0
196,1,2.6610321793760665,0.0
197,-2,0.5781334941975911,0.0
197,-1,1.078133494197591,0.0
197,0,1.578133494197591,2.0
197,1,2.2781334941975913,2.0
198,-2,-1.5560012944783013,0.0
198,-1,-1.0560012944783013,0.0
198,0,-0.5560012944783013,2.0
198,1,0.14399870552169874,2.0
199,-2,-1.6031258514896467,0.0
199,-1,-1.1031258514896467,0.0
199,0,-0.6031258514896467,2.0
199,1,0.09687414851035331,2.0
200,-2,-0.7108655973991826,0.0
200,-1,-0.2108655973991827,0.0
200,0,0.2891344026008173,0.0
200,1,0.9891344026008173,0.0
201,-2,-2.536039257522345,0.0
201,-1,-2.036039257522345,0.0
201,0,-1.536039257522345,0.0
201,1,-0.836039257522345,0.0
202,-2,-1.396497733486356,0.0
202,-1,-0.896497733486356,0.0
202,0,-0.396497733486356,2.0
202,1,0.30350226651364404,2.0
203,-2,-1.0742311525317214,0.0
203,-1,-0.5742311525317215,0.0
203,0,-0.07423115253172151,0.0
203,1,0.6257688474682785,0.0
204,-2,-1.2085077292391202,0.0
204,-1,-0.7085077292391203,0.0
204,0,-0.2085077292391203,2.0
204,1,0.4914922707608797,2.0
205,-2,-2.7057986578124833,0.0
205,-1,-2.2057986578124833,0.0
205,0,-1.705798657812483,0.0
205,1,-1.0057986578124831,0.0
206,-2,-0.7592606712110554,0.0
206,-1,-0.25926067121105545,0.0
206,0,0.24073932878894455,2.0
206,1,0.9407393287889445,2.0
207,-2,-1.0714054587282955,0.0
207,-1,-0.5714054587282956,0.0
207,0,-0.07140545872829558,0.0
207,1,0.6285945412717044,0.0
208,-2,-1.0908169789298714,0.0
208,-1,-0.5908169789298715,0.0
208,0,-0.09081697892987148,0.0
208,1,0.6091830210701286,0.0
209,-2,0.10891828594213204,0.0
209,-1,0.608918285942132,0.0
209,0,1.108918285942132,0.0
209,1,1.808918285942132,0.0
210,-2,2.44212219296368,0.0
210,-1,2.94212219296368,0.0
210,0,3.44212219296368,2.0
210,1,4.14212219296368,2.0
211,-2,-0.0930267001418853,0.0
211,-1,0.4069732998581147,0.0
211,0,0.9069732998581147,0.0
211,1,1.6069732998581145,0.0
212,-2,-0.9340635765047304,0.0
212,-1,-0.4340635765047304,0.0
212,0,0.06593642349526965,0.0
212,1,0.7659364234952697,0.0
213,-2,-0.8193527103038617,0.0
213,-1,-0.3193527103038617,0.0
213,0,0.1806472896961383,0.0
213,1,0.8806472896961384,0.0
214,-2,0.7678947288881031,0.0
214,-1,1.267894728888103,0.0
214,0,1.767894728888103,2.0
214,1,2.467894728888103,2.0
215,-2,-0.7587731941617043,0.0
215,-1,-0.2587731941617043,0.0
215,0,0.2412268058382957,0.0
215,1,0.9412268058382958,0.0
216,-2,-0.5419915875240114,0.0
216,-1,-0.04199158752401144,0.0
216,0,0.45800841247598856,0.0
216,1,1.1580084124759886,0.0
217,-2,-2.441286040288558,0.0
217,-1,-1.941286040288558,0.0
217,0,-1.441286040288558,0.0
217,1,-0.7412860402885579,0.0
218,-2,-1.2033462906061365,0.0
218,-1,-0.7033462906061365,0.0
218,0,-0.20334629060613651,0.0
218,1,0.4966537093938635,0.0
219,-2,1.2934265429357015,0.0
219,-1,1.7934265429357015,0.0
219,0,2.2934265429357015,2.0
219,1,2.9934265429357017,2.0
220,-2,0.11624891355537303,0.0
220,-1,0.616248913555373,0.0
220,0,1.116248913555373,0.0
220,1,1.816248913555373,0.0
221,-2,-0.23299414954245878,0.0
221,-1,0.2670058504575412,0.0
221,0,0.7670058504575412,0.0
221,1,1.4670058504575412,0.0
222,-2,-0.7466038395498689,0.0
222,-1,-0.24660383954986892,0.0
222,0,0.2533961604501311,0.0
222,1,0.9533961604501311,0.0
223,-2,-1.0711480007102145,0.0
223,-1,-0.5711480007102144,0.0
223,0,-0.07114800071021443,2.0
223,1,0.6288519992897856,2.0
224,-2,-0.5557734092764472,0.0
224,-1,-0.05577340927644725,0.0
224,0,0.44422659072355275,0.0
224,1,1.1442265907235527,0.0
225,-2,0.4216492424791918,0.0
225,-1,0.9216492424791918,0.0
225,0,1.4216492424791918,2.0
225,1,2.121649242479192,2.0
226,-2,-0.4560936127816937,0.0
226,-1,0.04390638721830631,0.0
226,0,0.5439063872183063,0.0
226,1,1.2439063872183063,0.0
227,-2,-0.9377434638396142,0.0
227,-1,-0.43774346383961416,0.0
227,0,0.06225653616038585,0.0
227,1,0.7622565361603859,0.0
228,-2,-0.7875877281534253,0.0
228,-1,-0.28758772815342526,0.0
228,0,0.21241227184657474,2.0
228,1,0.9124122718465748,2.0
229,-2,-1.5291990515694398,0.0
229,-1,-1.0291990515694398,0.0
229,0,-0.5291990515694398,2.0
229,1,0.1708009484305602,2.0
230,-2,-3.377712850724236,0.0
230,-1,-2.877712850724236,0.0
230,0,-2.377712850724236,0.0
230,1,-1.6777128507242363,0.0
231,-2,0.17765324842602825,0.0
231,-1,0.6776532484260283,0.0
231,0,1.1776532484260283,0.0
231,1,1.8776532484260282,0.0
232,-2,-0.04801608389428336,0.0
232,-1,0.45198391610571664,0.0
232,0,0.9519839161057166,0.0
232,1,1.6519839161057166,0.0
233,-2,1.0718449843041071,0.0
233,-1,1.5718449843041071,0.0
233,0,2.071844984304107,2.0
233,1,2.7718449843041073,2.0
234,-2,-3.3159055473202024,0.0
234,-1,-2.8159055473202024,0.0
234,0,-2.3159055473202024,0.0
234,1,-1.6159055473202024,0.0
235,-2,-1.5559957447511725,0.0
235,-1,-1.0559957447511725,0.0
235,0,-0.5559957447511725,0.0
235,1,0.14400425524882748,0.0
236,-2,0.5818401467348715,0.0
236,-1,1.0818401467348715,0.0
236,0,1.5818401467348715,0.0
236,1,2.2818401467348717,0.0
237,-2,1.1174534082653222,0.0
237,-1,1.6174534082653222,0.0
237,0,2.1174534082653222,2.0
237,1,2.8174534082653224,2.0
238,-2,0.4733764152889359,0.0
238,-1,0.9733764152889359,0.0
238,0,1.473376415288936,0.0
238,1,2.173376415288936,0.0
239,-2,-2.7219776586464017,0.0
239,-1,-2.2219776586464017,0.0
239,0,-1.7219776586464017,0.0
239,1,-1.0219776586464018,0.0
240,-2,-1.4986868466485463,0.0
240,-1,-0.9986868466485463,0.0
240,0,-0.4986868466485463,0.0
240,1,0.20131315335145372,0.0
241,-2,0.35285064171170877,0.0
241,-1,0.8528506417117088,0.0
241,0,1.3528506417117088,2.0
241,1,2.052850641711709,2.0
242,-2,-1.7855448911950973,0.0
242,-1,-1.2855448911950973,0.0
242,0,-0.7855448911950973,0.0
242,1,-0.08554489119509728,0.0
243,-2,-1.4776874198048766,0.0
243,-1,-0.9776874198048767,0.0
243,0,-0.4776874198048767,0.0
243,1,0.2223125801951233,0.0
244,-2,-0.18855143874036706,0.0
244,-1,0.31144856125963294,0.0
244,0,0.8114485612596329,2.0
244,1,1.511448561259633,2.0
245,-2,0.05763599548243237,0.0
245,-1,0.5576359954824324,0.0
245,0,1.0576359954824324,0.0
245,1,1.7576359954824323,0.0
246,-2,-0.657772435315898,0.0
246,-1,-0.15777243531589796,0.0
246,0,0.34222756468410204,2.0
246,1,1.042227564684102,2.0
247,-2,-1.8413038386743885,0.0
247,-1,-1.3413038386743885,0.0
247,0,-0.8413038386743885,2.0
247,1,-0.1413038386743885,2.0
248,-2,-1.2408854534837963,0.0
248,-1,-0.7408854534837963,0.0
248,0,-0.2408854534837963,2.0
248,1,0.4591145465162037,2.0
249,-2,-1.2947927405448763,0.0
249,-1,-0.7947927405448764,0.0
249,0,-0.29479274054487636,0.0
249,1,0.40520725945512365,0.0
250,-2,0.07727001152241586,0.0
250,-1,0.5772700115224159,0.0
250,0,1.0772700115224159,2.0
250,1,1.7772700115224158,2.0
251,-2,-0.7816740193396187,0.0
251,-1,-0.28167401933961866,0.0
251,0,0.21832598066038134,2.0
251,1,0.9183259806603814,2.0
252,-2,-1.178224524149759,0.0
252,-1,-0.6782245241497591,0.0
252,0,-0.1782245241497591,2.0
252,1,0.5217754758502409,2.0
253,-2,-0.575735144037577,0.0
253,-1,-0.07573514403757697,0.0
253,0,0.424264855962423,0.0
253,1,1.124264855962423,0.0
254,-2,-1.7654374727410196,0.0
254,-1,-1.2654374727410196,0.0
254,0,-0.7654374727410197,0.0
254,1,-0.06543747274101969,0.0
255,-2,0.059888379301320294,0.0
255,-1,0.5598883793013203,0.0
255,0,1.0598883793013203,0.0
255,1,1.7598883793013202,0.0
256,-2,-0.030506076227837964,0.0
256,-1,0.46949392377216204,0.0
256,0,0.969493923772162,2.0
256,1,1.669493923772162,2.0
257,-2,-1.3816752827387102,0.0
257,-1,-0.8816752827387101,0.0
257,0,-0.3816752827387101,0.0
257,1,0.3183247172612899,0.0
258,-2,-0.10442471687442367,0.0
258,-1,0.3955752831255763,0.0
258,0,0.8955752831255763,2.0
258,1,1.5955752831255763,2.0
259,-2,-0.16160122180214342,0.0
259,-1,0.3383987781978566,0.0
259,0,0.8383987781978566,0.0
259,1,1.5383987781978565,0.0
260,-2,-0.974420004004665,0.0
260,-1,-0.474420004004665,0.0
260,0,0.025579995995335003,2.0
260,1,0.7255799959953351,2.0
261,-2,-0.6726738794296293,0.0
261,-1,-0.1726738794296293,0.0
261,0,0.3273261205703707,2.0
261,1,1.0273261205703708,2.0
262,-2,-0.3485275435372438,0.0
262,-1,0.1514724564627562,0.0
262,0,0.6514724564627562,0.0
262,1,1.351472456462756,0.0
263,-2,-1.7048611637190874,0.0
263,-1,-1.2048611637190874,0.0
263,0,-0.7048611637190872,0.0
263,1,-0.004861163719087236,0.0
264,-2,0.03692572062411914,0.0
264,-1,0.5369257206241191,0.0
264,0,1.0369257206241191,2.0
264,1,1.736925720624119,2.0
265,-2,-1.8454869517946153,0.0
265,-1,-1.3454869517946153,0.0
265,0,-0.8454869517946154,0.0
265,1,-0.1454869517946154,0.0
266,-2,-1.2054218235598146,0.0
266,-1,-0.7054218235598146,0.0
266,0,-0.2054218235598146,0.0
266,1,0.4945781764401854,0.0
267,-2,-0.9403517637310703,0.0
267,-1,-0.4403517637310703,0.0
267,0,0.05964823626892968,2.0
267,1,0.7596482362689296,2.0
268,-2,-1.5942639062967707,0.0
268,-1,-1.0942639062967707,0.0
268,0,-0.5942639062967706,0.0
268,1,0.1057360937032294,0.0
269,-2,-1.4177988475814796,0.0
269,-1,-0.9177988475814796,0.0
269,0,-0.41779884758147956,2.0
269,1,0.28220115241852045,2.0
270,-2,-1.7387937479094366,0.0
270,-1,-1.2387937479094366,0.0
270,0,-0.7387937479094366,0.0
270,1,-0.03879374790943663,0.0
271,-2,0.3318096203365235,0.0
271,-1,0.8318096203365235,0.0
271,0,1.3318096203365235,2.0
271,1,2.0318096203365235,2.0
272,-2,2.00686455942592,0.0
272,-1,2.50686455942592,0.0
272,0,3.00686455942592,0.0
272,1,3.70686455942592,0.0
273,-2,0.5809948754109904,0.0
273,-1,1.0809948754109904,0.0
273,0,1.5809948754109904,2.0
273,1,2.2809948754109906,2.0
274,-2,0.8381418635892091,0.0
274,-1,1.338141863589209,0.0
274,0,1.838141863589209,2.0
274,1,2.5381418635892095,2.0
275,-2,-0.5926720490319933,0.0
275,-1,-0.09267204903199333,0.0
275,0,0.40732795096800667,0.0
275,1,1.1073279509680067,0.0
276,-2,0.2278433336379968,0.0
276,-1,0.7278433336379968,0.0
276,0,1.2278433336379968,2.0
276,1,1.9278433336379968,2.0
277,-2,-0.3905388841721099,0.0
277,-1,0.10946111582789009,0.0
277,0,0.6094611158278901,0.0
277,1,1.30946111582789,0.0
278,-2,-2.602595936654376,0.0
278,-1,-2.102595936654376,0.0
278,0,-1.6025959366543758,0.0
278,1,-0.9025959366543759,0.0
279,-2,-0.43818314385315316,0.0
279,-1,0.061816856146846844,0.0
279,0,0.5618168561468468,2.0
279,1,1.2618168561468468,2.0
280,-2,-1.6260883397677857,0.0
280,-1,-1.1260883397677857,0.0
280,0,-0.6260883397677858,0.0
280,1,0.07391166023221424,0.0
281,-2,-1.0490427181782973,0.0
281,-1,-0.5490427181782973,0.0
281,0,-0.04904271817829732,0.0
281,1,0.6509572818217026,0.0
282,-2,-1.3502102324010525,0.0
282,-1,-0.8502102324010525,0.0
282,0,-0.35021023240105253,2.0
282,1,0.3497897675989475,2.0
283,-2,-1.478535267033196,0.0
283,-1,-0.9785352670331959,0.0
283,0,-0.47853526703319593,2.0
283,1,0.22146473296680408,2.0
284,-2,-0.7689548696026876,0.0
284,-1,-0.2689548696026875,0.0
284,0,0.2310451303973125,2.0
284,1,0.9310451303973124,2.0
285,-2,-2.2186757672011157,0.0
285,-1,-1.7186757672011157,0.0
285,0,-1.2186757672011157,0.0
285,1,-0.5186757672011157,0.0
286,-2,-0.5681693010937221,0.0
286,-1,-0.0681693010937221,0.0
286,0,0.4318306989062779,2.0
286,1,1.1318306989062779,2.0
287,-2,-1.764256829665579,0.0
287,-1,-1.264256829665579,0.0
287,0,-0.764256829665579,0.0
287,1,-0.06425682966557894,0.0
288,-2,0.40190395591420724,0.0
288,-1,0.9019039559142072,0.0
288,0,1.4019039559142072,0.0
288,1,2.1019039559142074,0.0
289,-2,-0.4287750606084785,0.0
289,-1,0.07122493939152152,0.0
289,0,0.5712249393915215,0.0
289,1,1.2712249393915214,0.0
290,-2,-1.597964393722389,0.0
290,-1,-1.097964393722389,0.0
290,0,-0.5979643937223892,0.0
290,1,0.10203560627761082,0.0
291,-2,-2.1775668505777186,0.0
291,-1,-1.6775668505777186,0.0
291,0,-1.1775668505777186,0.0
291,1,-0.4775668505777186,0.0
292,-2,0.13100282416306408,0.0
292,-1,0.6310028241630641,0.0
292,0,1.131002824163064,2.0
292,1,1.831002824163064,2.0
293,-2,-0.10562241467867384,0.0
293,-1,0.39437758532132616,0.0
293,0,0.8943775853213262,0.0
293,1,1.594377585321326,0.0
294,-2,-3.014984344146367,0.0
294,-1,-2.514984344146367,0.0
294,0,-2.014984344146367,0.0
294,1,-1.3149843441463671,0.0
295,-2,0.24186601767598148,0.0
295,-1,0.7418660176759815,0.0
295,0,1.2418660176759815,2.0
295,1,1.9418660176759814,2.0
296,-2,-2.292645003865181,0.0
296,-1,-1.7926450038651809,0.0
296,0,-1.2926450038651809,0.0
296,1,-0.5926450038651809,0.0
297,-2,-1.8959960917793646,0.0
297,-1,-1.3959960917793646,0.0
297,0,-0.8959960917793646,0.0
297,1,-0.19599609177936456,0.0
298,-2,-1.0596898689211658,0.0
298,-1,-0.5596898689211657,0.0
298,0,-0.05968986892116568,2.0
298,1,0.6403101310788344,2.0
299,-2,0.17445378780848708,0.0
299,-1,0.6744537878084871,0.0
299,0,1.174453787808487,2.0
299,1,1.874453787808487,2.0
300,-2,-1.6390543095604793,0.0
300,-1,-1.1390543095604793,0.0
300,0,-0.6390543095604794,0.0
300,1,0.06094569043952064,0.0
301,-2,-0.5374696662259526,0.0
301,-1,-0.0374696662259526,0.0
301,0,0.4625303337740474,2.0
301,1,1.1625303337740474,2.0
302,-2,-0.9671793866237425,0.0
302,-1,-0.4671793866237425,0.0
302,0,0.032820613376257524,2.0
302,1,0.7328206133762576,2.0
303,-2,-1.3615633415155461,0.0
303,-1,-0.8615633415155461,0.0
303,0,-0.3615633415155462,0.0
303,1,0.3384366584844538,0.0
304,-2,0.06985093240817997,0.0
304,-1,0.56985093240818,0.0
304,0,1.06985093240818,0.0
304,1,1.76985093240818,0.0
305,-2,0.11977008972776804,0.0
305,-1,0.619770089727768,0.0
305,0,1.119770089727768,0.0
305,1,1.819770089727768,0.0
306,-2,-0.26029089889318313,0.0
306,-1,0.23970910110681687,0.0
306,0,0.7397091011068169,0.0
306,1,1.4397091011068168,0.0
307,-2,-0.6433269838389015,0.0
307,-1,-0.14332698383890147,0.0
307,0,0.35667301616109853,0.0
307,1,1.0566730161610984,0.0
308,-2,-1.5474354430242334,0.0
308,-1,-1.0474354430242334,0.0
308,0,-0.5474354430242334,0.0
308,1,0.1525645569757666,0.0
309,-2,-1.83357570841887,0.0
309,-1,-1.33357570841887,0.0
309,0,-0.8335757084188701,0.0
309,1,-0.13357570841887006,0.0
310,-2,-0.8125872996029234,0.0
310,-1,-0.3125872996029234,0.0
310,0,0.18741270039707655,0.0
310,1,0.8874127003970766,0.0
311,-2,-3.0132374514708022,0.0
311,-1,-2.5132374514708022,0.0
311,0,-2.0132374514708022,0.0
311,1,-1.3132374514708023,0.0
312,-2,-0.2313726398669569,0.0
312,-1,0.2686273601330431,0.0
312,0,0.7686273601330431,0.0
312,1,1.468627360133043,0.0
313,-2,-2.4439131319727814,0.0
313,-1,-1.9439131319727811,0.0
313,0,-1.4439131319727811,2.0
313,1,-0.7439131319727812,2.0
314,-2,-0.33468869100007026,0.0
314,-1,0.16531130899992974,0.0
314,0,0.6653113089999297,2.0
314,1,1.3653113089999296,2.0
315,-2,0.35443897507919164,0.0
315,-1,0.8544389750791916,0.0
315,0,1.3544389750791916,2.0
315,1,2.054438975079192,2.0
316,-2,-1.1183234645604059,0.0
316,-1,-0.6183234645604059,0.0
316,0,-0.11832346456040592,0.0
316,1,0.5816765354395941,0.0
317,-2,-0.14536951984449853,0.0
317,-1,0.35463048015550147,0.0
317,0,0.8546304801555015,0.0
317,1,1.5546304801555013,0.0
318,-2,-0.5683040282963446,0.0
318,-1,-0.06830402829634463,0.0
318,0,0.43169597170365537,2.0
318,1,1.1316959717036554,2.0
319,-2,-0.7826199949938621,0.0
319,-1,-0.28261999499386214,0.0
319,0,0.21738000500613786,2.0
319,1,0.9173800050061378,2.0
320,-2,-0.2020713076320294,0.0
320,-1,0.2979286923679706,0.0
320,0,0.7979286923679706,0.0
320,1,1.4979286923679707,0.0
321,-2,-1.2096059525082605,0.0
321,-1,-0.7096059525082605,0.0
321,0,-0.20960595250826047,0.0
321,1,0.49039404749173954,0.0
322,-2,-1.2131486583241524,0.0
322,-1,-0.7131486583241524,0.0
322,0,-0.21314865832415242,2.0
322,1,0.4868513416758476,2.0
323,-2,-0.4959590749411368,0.0
323,-1,0.004040925058863221,0.0
323,0,0.5040409250588632,0.0
323,1,1.204040925058863,0.0
324,-2,0.5869632544378725,0.0
324,-1,1.0869632544378725,0.0
324,0,1.5869632544378725,2.0
324,1,2.2869632544378726,2.0
325,-2,-1.7139941723840952,0.0
325,-1,-1.2139941723840952,0.0
325,0,-0.7139941723840952,2.0
325,1,-0.013994172384095227,2.0
326,-2,-2.6396967205669495,0.0
326,-1,-2.1396967205669495,0.0
326,0,-1.6396967205669495,0.0
326,1,-0.9396967205669495,0.0
327,-2,-0.7633835910894804,0.0
327,-1,-0.26338359108948034,0.0
327,0,0.23661640891051966,0.0
327,1,0.9366164089105196,0.0
328,-2,0.8132989417112113,0.0
328,-1,1.3132989417112113,0.0
328,0,1.8132989417112113,0.0
328,1,2.5132989417112115,0.0
329,-2,-0.19711215159475848,0.0
329,-1,0.3028878484052415,0.0
329,0,0.8028878484052415,2.0
329,1,1.5028878484052415,2.0
330,-2,0.3744132138227785,0.0
330,-1,0.8744132138227785,0.0
330,0,1.3744132138227785,2.0
330,1,2.0744132138227784,2.0
331,-2,-0.22866153398474465,0.0
331,-1,0.27133846601525535,0.0
331,0,0.7713384660152554,2.0
331,1,1.4713384660152553,2.0
332,-2,-0.6500967699220628,0.0
332,-1,-0.15009676992206283,0.0
332,0,0.34990323007793717,0.0
332,1,1.0499032300779372,0.0
333,-2,-1.598483483571508,0.0
333,-1,-1.098483483571508,0.0
333,0,-0.5984834835715082,0.0
333,1,0.10151651642849185,0.0
334,-2,-0.6525503509863491,0.0
334,-1,-0.15255035098634906,0.0
334,0,0.34744964901365094,2.0
334,1,1.047449649013651,2.0
335,-2,-0.9862103443337521,0.0
335,-1,-0.48621034433375204,0.0
335,0,0.013789655666247944,0.0
335,1,0.713789655666248,0.0
336,-2,0.26675149119299935,0.0
336,-1,0.7667514911929993,0.0
336,0,1.2667514911929993,2.0
336,1,1.9667514911929993,2.0
337,-2,-1.2004670346713122,0.0
337,-1,-0.7004670346713123,0.0
337,0,-0.2004670346713123,0.0
337,1,0.4995329653286877,0.0
338,-2,0.5658684132992886,0.0
338,-1,1.0658684132992886,0.0
338,0,1.5658684132992886,2.0
338,1,2.265868413299289,2.0
339,-2,-0.17751784444850371,0.0
339,-1,0.3224821555514963,0.0
339,0,0.8224821555514963,2.0
339,1,1.5224821555514962,2.0
340,-2,0.014778448528695254,0.0
340,-1,0.5147784485286953,0.0
340,0,1.0147784485286953,2.0
340,1,1.7147784485286952,2.0
341,-2,1.2981245465164126,0.0
341,-1,1.7981245465164126,0.0
341,0,2.2981245465164126,0.0
341,1,2.998124546516413,0.0
342,-2,-2.6999844158251927,0.0
342,-1,-2.1999844158251927,0.0
342,0,-1.6999844158251929,2.0
342,1,-0.9999844158251929,2.0
343,-2,-1.2113648196168463,0.0
343,-1,-0.7113648196168463,0.0
343,0,-0.21136481961684622,0.0
343,1,0.4886351803831538,0.0
344,-2,-0.1368705950817375,0.0
344,-1,0.3631294049182625,0.0
344,0,0.8631294049182625,2.0
344,1,1.5631294049182625,2.0
345,-2,-1.18989191735577,0.0
345,-1,-0.68989191735577,0.0
345,0,-0.18989191735577005,0.0
345,1,0.5101080826442299,0.0
346,-2,-0.5373168624779145,0.0
346,-1,-0.0373168624779146,0.0
346,0,0.4626831375220854,0.0
346,1,1.1626831375220854,0.0
347,-2,-0.8113684707853805,0.0
347,-1,-0.31136847078538055,0.0
347,0,0.18863152921461945,0.0
347,1,0.8886315292146194,0.0
348,-2,0.010307180388851256,0.0
348,-1,0.5103071803888513,0.0
348,0,1.0103071803888513,0.0
348,1,1.7103071803888512,0.0
349,-2,-1.4787737788741206,0.0
349,-1,-0.9787737788741208,0.0
349,0,-0.47877377887412076,0.0
349,1,0.22122622112587925,0.0
350,-2,-0.24812545102619932,0.0
350,-1,0.2518745489738007,0.0
350,0,0.7518745489738007,0.0
350,1,1.4518745489738005,0.0
351,-2,-0.9455116751898703,0.0
351,-1,-0.4455116751898704,0.0
351,0,0.05448832481012962,0.0
351,1,0.7544883248101297,0.0
352,-2,2.3161625812919633,0.0
352,-1,2.8161625812919633,0.0
352,0,3.3161625812919633,0.0
352,1,4.0161625812919635,0.0
353,-2,-0.8254498823208973,0.0
353,-1,-0.32544988232089733,0.0
353,0,0.1745501176791027,0.0
353,1,0.8745501176791026,0.0
354,-2,-0.600709425561079,0.0
354,-1,-0.10070942556107904,0.0
354,0,0.39929057443892096,2.0
354,1,1.099290574438921,2.0
355,-2,-1.1572245495866267,0.0
355,-1,-0.6572245495866268,0.0
355,0,-0.1572245495866268,0.0
355,1,0.5427754504133733,0.0
356,-2,-2.756347247634257,0.0
356,-1,-2.256347247634257,0.0
356,0,-1.7563472476342572,0.0
356,1,-1.0563472476342572,0.0
357,-2,0.5648881671702723,0.0
357,-1,1.0648881671702723,0.0
357,0,1.5648881671702723,0.0
357,1,2.2648881671702723,0.0
358,-2,-3.246318925131587,0.0
358,-1,-2.746318925131587,0.0
358,0,-2.246318925131587,0.0
358,1,-1.546318925131587,0.0
359,-2,-0.9565889923195215,0.0
359,-1,-0.45658899231952155,0.0
359,0,0.04341100768047845,2.0
359,1,0.7434110076804785,2.0
360,-2,-0.7561263179626234,0.0
360,-1,-0.25612631796262336,0.0
360,0,0.24387368203737664,2.0
360,1,0.9438736820373765,2.0
361,-2,-0.1253512062587102,0.0
361,-1,0.3746487937412898,0.0
361,0,0.8746487937412898,2.0
361,1,1.5746487937412896,2.0
362,-2,-1.9381494681839295,0.0
362,-1,-1.4381494681839295,0.0
362,0,-0.9381494681839295,0.0
362,1,-0.2381494681839295,0.0
363,-2,-0.4171990118274851,0.0
363,-1,0.08280098817251491,0.0
363,0,0.5828009881725149,2.0
363,1,1.2828009881725149,2.0
364,-2,-1.2493911725791462,0.0
364,-1,-0.7493911725791462,0.0
364,0,-0.24939117257914628,0.0
364,1,0.45060882742085373,0.0
365,-2,-2.018106948666162,0.0
365,-1,-1.518106948666162,0.0
365,0,-1.018106948666162,2.0
365,1,-0.318106948666162,2.0
366,-2,-0.6938228775797426,0.0
366,-1,-0.19382287757974254,0.0
366,0,0.30617712242025746,2.0
366,1,1.0061771224202574,2.0
367,-2,-0.5854443430928744,0.0
367,-1,-0.08544434309287435,0.0
367,0,0.41455565690712565,0.0
367,1,1.1145556569071255,0.0
368,-2,-1.4677475037296108,0.0
368,-1,-0.9677475037296108,0.0
368,0,-0.4677475037296108,2.0
368,1,0.23225249627038919,2.0
369,-2,0.6508721603468797,0.0
369,-1,1.1508721603468797,0.0
369,0,1.6508721603468797,0.0
369,1,2.3508721603468796,0.0
370,-2,-0.28303118275590256,0.0
370,-1,0.21696881724409744,0.0
370,0,0.7169688172440974,0.0
370,1,1.4169688172440973,0.0
371,-2,-1.1754789969717736,0.0
371,-1,-0.6754789969717737,0.0
371,0,-0.17547899697177372,2.0
371,1,0.5245210030282264,2.0
372,-2,-1.7371564735412892,0.0
372,-1,-1.2371564735412892,0.0
372,0,-0.7371564735412892,2.0
372,1,-0.0371564735412892,2.0
373,-2,0.1731610675539077,0.0
373,-1,0.6731610675539077,0.0
373,0,1.1731610675539077,0.0
373,1,1.8731610675539077,0.0
374,-2,-0.7162796500189346,0.0
374,-1,-0.21627965001893462,0.0
374,0,0.2837203499810654,2.0
374,1,0.9837203499810654,2.0
375,-2,1.516297853210944,0.0
375,-1,2.016297853210944,0.0
375,0,2.516297853210944,0.0
375,1,3.216297853210944,0.0
376,-2,-1.8798947121568905,0.0
376,-1,-1.3798947121568905,0.0
376,0,-0.8798947121568905,0.0
376,1,-0.1798947121568905,0.0
377,-2,0.2665385697582088,0.0
377,-1,0.7665385697582088,0.0
377,0,1.2665385697582088,2.0
377,1,1.9665385697582087,2.0
378,-2,0.39757365888368623,0.0
378,-1,0.8975736588836862,0.0
378,0,1.3975736588836862,0.0
378,1,2.0975736588836864,0.0
379,-2,-0.34260006753689587,0.0
379,-1,0.15739993246310413,0.0
379,0,0.6573999324631041,0.0
379,1,1.357399932463104,0.0
380,-2,-0.9128266305556665,0.0
380,-1,-0.4128266305556665,0.0
380,0,0.0871733694443335,0.0
380,1,0.7871733694443335,0.0
381,-2,-0.37866127346388456,0.0
381,-1,0.12133872653611544,0.0
381,0,0.6213387265361154,2.0
381,1,1.3213387265361154,2.0
382,-2,0.3305734392317923,0.0
382,-1,0.8305734392317923,0.0
382,0,1.3305734392317923,0.0
382,1,2.0305734392317922,0.0
383,-2,0.2730453088558591,0.0
383,-1,0.7730453088558591,0.0
383,0,1.273045308855859,0.0
383,1,1.973045308855859,0.0
384,-2,-1.6229129942269156,0.0
384,-1,-1.1229129942269156,0.0
384,0,-0.6229129942269156,0.0
384,1,0.07708700577308442,0.0
385,-2,-2.2471945966459757,0.0
385,-1,-1.7471945966459754,0.0
385,0,-1.2471945966459754,0.0
385,1,-0.5471945966459755,0.0
386,-2,-1.1796640713217859,0.0
386,-1,-0.6796640713217859,0.0
386,0,-0.17966407132178586,0.0
386,1,0.5203359286782141,0.0
387,-2,-0.8416781440162757,0.0
387,-1,-0.3416781440162757,0.0
387,0,0.15832185598372428,2.0
387,1,0.8583218559837242,2.0
388,-2,-2.1236443327548677,0.0
388,-1,-1.623644332754868,0.0
388,0,-1.123644332754868,0.0
388,1,-0.42364433275486796,0.0
389,-2,0.3339866709436934,0.0
389,-1,0.8339866709436934,0.0
389,0,1.3339866709436934,0.0
389,1,2.0339866709436936,0.0
390,-2,-2.20450010113481,0.0
390,-1,-1.7045001011348104,0.0
390,0,-1.2045001011348104,0.0
390,1,-0.5045001011348105,0.0
391,-2,-0.8289708007817507,0.0
391,-1,-0.3289708007817507,0.0
391,0,0.17102919921824927,0.0
391,1,0.8710291992182493,0.0
392,-2,-3.703793936668498,0.0
392,-1,-3.203793936668498,0.0
392,0,-2.703793936668498,0.0
392,1,-2.003793936668498,0.0
393,-2,-0.08059383060630343,0.0
393,-1,0.41940616939369657,0.0
393,0,0.9194061693936966,2.0
393,1,1.6194061693936965,2.0
394,-2,-1.5680162656710386,0.0
394,-1,-1.0680162656710386,0.0
394,0,-0.5680162656710386,2.0
394,1,0.13198373432896143,2.0
395,-2,0.6010887146294865,0.0
395,-1,1.1010887146294865,0.0
395,0,1.6010887146294865,0.0
395,1,2.3010887146294867,0.0
396,-2,-1.0397421976246641,0.0
396,-1,-0.539742197624664,0.0
396,0,-0.03974219762466402,2.0
396,1,0.660257802375336,2.0
397,-2,0.47407183352253157,0.0
397,-1,0.9740718335225316,0.0
397,0,1.4740718335225316,0.0
397,1,2.1740718335225315,0.0
398,-2,-1.0157832187536033,0.0
398,-1,-0.5157832187536033,0.0
398,0,-0.015783218753603338,0.0
398,1,0.6842167812463966,0.0
399,-2,-0.7635754459990869,0.0
399,-1,-0.2635754459990869,0.0
399,0,0.23642455400091308,0.0
399,1,0.9364245540009131,0.0
400,-2,-0.2656706786306585,0.0
400,-1,0.23432932136934148,0.0
400,0,0.7343293213693415,2.0
400,1,1.4343293213693415,2.0
401,-2,-2.075850479958951,0.0
401,-1,-1.575850479958951,0.0
401,0,-1.075850479958951,0.0
401,1,-0.375850479958951,0.0
402,-2,-1.069426452738105,0.0
402,-1,-0.569426452738105,0.0
402,0,-0.06942645273810498,0.0
402,1,0.630573547261895,0.0
403,-2,-0.5092260392327645,0.0
403,-1,-0.009226039232764605,0.0
403,0,0.4907739607672354,2.0
403,1,1.1907739607672354,2.0
404,-2,-0.5295177565234322,0.0
404,-1,-0.029517756523432248,0.0
404,0,0.47048224347656775,0.0
404,1,1.1704822434765678,0.0
405,-2,0.3033792963207891,0.0
405,-1,0.8033792963207891,0.0
405,0,1.303379296320789,0.0
405,1,2.003379296320789,0.0
406,-2,-0.5149437857877612,0.0
406,-1,-0.014943785787761177,0.0
406,0,0.4850562142122388,0.0
406,1,1.1850562142122387,0.0
407,-2,-0.8685922323049579,0.0
407,-1,-0.36859223230495786,0.0
407,0,0.13140776769504212,0.0
407,1,0.8314077676950422,0.0
408,-2,-1.4820486553372492,0.0
408,-1,-0.9820486553372492,0.0
408,0,-0.4820486553372492,0.0
408,1,0.2179513446627508,0.0
409,-2,-2.015360916487878,0.0
409,-1,-1.5153609164878779,0.0
409,0,-1.0153609164878779,0.0
409,1,-0.31536091648787784,0.0
410,-2,-0.08485449314660243,0.0
410,-1,0.4151455068533976,0.0
410,0,0.9151455068533976,0.0
410,1,1.6151455068533975,0.0
411,-2,-0.9290325483956501,0.0
411,-1,-0.42903254839565,0.0
411,0,0.07096745160434996,0.0
411,1,0.7709674516043499,0.0
412,-2,-0.2640829014667522,0.0
412,-1,0.23591709853324783,0.0
412,0,0.7359170985332478,2.0
412,1,1.435917098533248,2.0
413,-2,-2.204461206599251,0.0
413,-1,-1.7044612065992508,0.0
413,0,-1.2044612065992508,0.0
413,1,-0.5044612065992509,0.0
414,-2,-1.9420532753099102,0.0
414,-1,-1.4420532753099102,0.0
414,0,-0.9420532753099102,0.0
414,1,-0.24205327530991022,0.0
415,-2,-0.9232754640561566,0.0
415,-1,-0.4232754640561565,0.0
415,0,0.07672453594384347,0.0
415,1,0.7767245359438435,0.0
416,-2,0.3639369338270626,0.0
416,-1,0.8639369338270626,0.0
416,0,1.3639369338270626,2.0
416,1,2.063936933827063,2.0
417,-2,-0.42033962623546206,0.0
417,-1,0.07966037376453794,0.0
417,0,0.5796603737645379,0.0
417,1,1.279660373764538,0.0
418,-2,0.7245929471998216,0.0
418,-1,1.2245929471998216,0.0
418,0,1.7245929471998216,2.0
418,1,2.4245929471998218,2.0
419,-2,0.4086804863919917,0.0
419,-1,0.9086804863919917,0.0
419,0,1.4086804863919917,0.0
419,1,2.1086804863919917,0.0
420,-2,0.11974524894274885,0.0
420,-1,0.6197452489427488,0.0
420,0,1.1197452489427488,2.0
420,1,1.8197452489427488,2.0
421,-2,-2.1514407949022214,0.0
421,-1,-1.6514407949022212,0.0
421,0,-1.1514407949022212,0.0
421,1,-0.45144079490222117,0.0
422,-2,-1.4105600674507144,0.0
422,-1,-0.9105600674507144,0.0
422,0,-0.4105600674507144,0.0
422,1,0.28943993254928563,0.0
423,-2,-0.15536055917796254,0.0
423,-1,0.34463944082203746,0.0
423,0,0.8446394408220375,2.0
423,1,1.5446394408220374,2.0
424,-2,-0.1949078373944928,0.0
424,-1,0.3050921626055072,0.0
424,0,0.8050921626055072,2.0
424,1,1.5050921626055072,2.0
425,-2,-0.012116293364325292,0.0
425,-1,0.4878837066356747,0.0
425,0,0.9878837066356747,2.0
425,1,1.6878837066356747,2.0
426,-2,0.35171933157139956,0.0
426,-1,0.8517193315713996,0.0
426,0,1.3517193315713996,2.0
426,1,2.0517193315713995,2.0
427,-2,-0.8875538624859957,0.0
427,-1,-0.38755386248599566,0.0
427,0,0.11244613751400435,0.0
427,1,0.8124461375140044,0.0
428,-2,-1.7789079364281124,0.0
428,-1,-1.2789079364281124,0.0
428,0,-0.7789079364281124,2.0
428,1,-0.07890793642811239,2.0
429,-2,-0.2503772785689572,0.0
429,-1,0.2496227214310428,0.0
429,0,0.7496227214310428,0.0
429,1,1.4496227214310429,0.0
430,-2,-0.14666215845870434,0.0
430,-1,0.35333784154129566,0.0
430,0,0.8533378415412957,0.0
430,1,1.5533378415412955,0.0
431,-2,-0.42681156463228376,0.0
431,-1,0.07318843536771624,0.0
431,0,0.5731884353677162,0.0
431,1,1.273188435367716,0.0
432,-2,-0.7810091880325163,0.0
432,-1,-0.2810091880325163,0.0
432,0,0.2189908119674837,2.0
432,1,0.9189908119674837,2.0
433,-2,0.002235462041808134,0.0
433,-1,0.5022354620418081,0.0
433,0,1.0022354620418081,2.0
433,1,1.702235462041808,2.0
434,-2,-0.8638900732306904,0.0
434,-1,-0.36389007323069045,0.0
434,0,0.13610992676930952,0.0
434,1,0.8361099267693095,0.0
435,-2,1.1509315728851703,0.0
435,-1,1.6509315728851703,0.0
435,0,2.1509315728851703,2.0
435,1,2.8509315728851705,2.0
436,-2,-1.404371517959152,0.0
436,-1,-0.904371517959152,0.0
436,0,-0.404371517959152,0.0
436,1,0.295628482040848,0.0
437,-2,-1.0329287477965594,0.0
437,-1,-0.5329287477965595,0.0
437,0,-0.03292874779655952,2.0
437,1,0.6670712522034405,2.0
438,-2,-0.8311896476685128,0.0
438,-1,-0.3311896476685127,0.0
438,0,0.16881035233148728,0.0
438,1,0.8688103523314872,0.0
439,-2,0.4087355320554944,0.0
439,-1,0.9087355320554944,0.0
439,0,1.4087355320554944,2.0
439,1,2.1087355320554946,2.0
440,-2,-1.2275817619204907,0.0
440,-1,-0.7275817619204907,0.0
440,0,-0.22758176192049073,0.0
440,1,0.4724182380795093,0.0
441,-2,-1.1470275215464913,0.0
441,-1,-0.6470275215464912,0.0
441,0,-0.14702752154649126,0.0
441,1,0.5529724784535088,0.0
442,-2,-1.2182393769224173,0.0
442,-1,-0.7182393769224173,0.0
442,0,-0.2182393769224173,0.0
442,1,0.4817606230775827,0.0
443,-2,-1.7462861230339692,0.0
443,-1,-1.2462861230339692,0.0
443,0,-0.7462861230339692,2.0
443,1,-0.04628612303396923,2.0
444,-2,-2.3790096796452866,0.0
444,-1,-1.8790096796452864,0.0
444,0,-1.3790096796452864,2.0
444,1,-0.6790096796452865,2.0
445,-2,-1.2875702725700078,0.0
445,-1,-0.7875702725700078,0.0
445,0,-0.28757027257000783,0.0
445,1,0.4124297274299922,0.0
446,-2,-1.1758656968008523,0.0
446,-1,-0.6758656968008522,0.0
446,0,-0.1758656968008522,0.0
446,1,0.5241343031991479,0.0
447,-2,-0.5186325955938489,0.0
447,-1,-0.018632595593848833,0.0
447,0,0.48136740440615117,0.0
447,1,1.181367404406151,0.0
448,-2,-0.42810975224790704,0.0
448,-1,0.07189024775209296,0.0
448,0,0.571890247752093,2.0
448,1,1.2718902477520928,2.0
449,-2,-1.675808653036659,0.0
449,-1,-1.175808653036659,0.0
449,0,-0.6758086530366589,2.0
449,1,0.024191346963341076,2.0
450,-2,-1.883467897890432,0.0
450,-1,-1.383467897890432,0.0
450,0,-0.883467897890432,0.0
450,1,-0.183467897890432,0.0
451,-2,0.044492317654910796,0.0
451,-1,0.5444923176549108,0.0
451,0,1.0444923176549108,2.0
451,1,1.7444923176549108,2.0
452,-2,-1.1150427476470537,0.0
452,-1,-0.6150427476470537,0.0
452,0,-0.11504274764705369,2.0
452,1,0.5849572523529463,2.0
453,-2,-0.5885444333708281,0.0
453,-1,-0.08854443337082801,0.0
453,0,0.411455566629172,2.0
453,1,1.1114555666291719,2.0
454,-2,-1.5474784902059981,0.0
454,-1,-1.0474784902059981,0.0
454,0,-0.5474784902059981,2.0
454,1,0.15252150979400186,2.0
455,-2,-0.8419764981245628,0.0
455,-1,-0.34197649812456277,0.0
455,0,0.15802350187543723,2.0
455,1,0.8580235018754372,2.0
456,-2,-1.3905530820269214,0.0
456,-1,-0.8905530820269215,0.0
456,0,-0.3905530820269215,0.0
456,1,0.3094469179730785,0.0
457,-2,1.301367012489405,0.0
457,-1,1.801367012489405,0.0
457,0,2.301367012489405,0.0
457,1,3.001367012489405,0.0
458,-2,-0.600121403096511,0.0
458,-1,-0.10012140309651102,0.0
458,0,0.399878596903489,0.0
458,1,1.099878596903489,0.0
459,-2,-0.4787215892824118,0.0
459,-1,0.02127841071758818,0.0
459,0,0.5212784107175882,0.0
459,1,1.221278410717588,0.0
460,-2,-0.07060988300454119,0.0
460,-1,0.4293901169954588,0.0
460,0,0.9293901169954588,0.0
460,1,1.6293901169954588,0.0
461,-2,-1.22704189583722,0.0
461,-1,-0.72704189583722,0.0
461,0,-0.22704189583721998,0.0
461,1,0.47295810416278,0.0
462,-2,-1.7308057812656612,0.0
462,-1,-1.2308057812656612,0.0
462,0,-0.7308057812656613,0.0
462,1,-0.030805781265661303,0.0
463,-2,-0.04631265249757699,0.0
463,-1,0.453687347502423,0.0
463,0,0.953687347502423,2.0
463,1,1.653687347502423,2.0
464,-2,-1.1429086034745244,0.0
464,-1,-0.6429086034745244,0.0
464,0,-0.14290860347452436,0.0
464,1,0.5570913965254756,0.0
465,-2,-4.231233703445977,0.0
465,-1,-3.731233703445976,0.0
465,0,-3.231233703445976,0.0
465,1,-2.531233703445976,0.0
466,-2,-0.5281713293951196,0.0
466,-1,-0.02817132939511957,0.0
466,0,0.47182867060488043,0.0
466,1,1.1718286706048804,0.0
467,-2,0.03975355137584513,0.0
467,-1,0.5397535513758451,0.0
467,0,1.0397535513758451,0.0
467,1,1.739753551375845,0.0
468,-2,-0.6653802873722046,0.0
468,-1,-0.1653802873722045,0.0
468,0,0.3346197126277955,0.0
468,1,1.0346197126277954,0.0
469,-2,0.07743598794665374,0.0
469,-1,0.5774359879466537,0.0
469,0,1.0774359879466537,0.0
469,1,1.7774359879466537,0.0
470,-2,-0.5531994532322273,0.0
470,-1,-0.053199453232227245,0.0
470,0,0.44680054676777275,0.0
470,1,1.1468005467677727,0.0
471,-2,-2.2927042989696442,0.0
471,-1,-1.792704298969644,0.0
471,0,-1.292704298969644,0.0
471,1,-0.592704298969644,0.0
472,-2,-1.0865203862314776,0.0
472,-1,-0.5865203862314777,0.0
472,0,-0.08652038623147773,2.0
472,1,0.6134796137685223,2.0
473,-2,-0.9428337570349316,0.0
473,-1,-0.44283375703493155,0.0
473,0,0.05716624296506845,2.0
473,1,0.7571662429650685,2.0
474,-2,-0.8983047232418606,0.0
474,-1,-0.39830472324186056,0.0
474,0,0.10169527675813943,0.0
474,1,0.8016952767581393,0.0
475,-2,-2.4529459915953384,0.0
475,-1,-1.9529459915953384,0.0
475,0,-1.4529459915953384,0.0
475,1,-0.7529459915953385,0.0
476,-2,-1.3073428060760155,0.0
476,-1,-0.8073428060760155,0.0
476,0,-0.3073428060760155,2.0
476,1,0.3926571939239845,2.0
477,-2,1.0741578120354784,0.0
477,-1,1.5741578120354784,0.0
477,0,2.0741578120354784,2.0
477,1,2.7741578120354786,2.0
478,-2,0.5003725899824623,0.0
478,-1,1.0003725899824623,0.0
478,0,1.5003725899824623,0.0
478,1,2.2003725899824627,0.0
479,-2,-1.5785759579060858,0.0
479,-1,-1.0785759579060858,0.0
479,0,-0.5785759579060858,2.0
479,1,0.12142404209391416,2.0
480,-2,-0.05305521594696694,0.0
480,-1,0.44694478405303306,0.0
480,0,0.9469447840530331,0.0
480,1,1.646944784053033,0.0
481,-2,-0.6181531374881082,0.0
481,-1,-0.11815313748810813,0.0
481,0,0.38184686251189187,2.0
481,1,1.0818468625118918,2.0
482,-2,-0.9540550388381078,0.0
482,-1,-0.4540550388381078,0.0
482,0,0.04594496116189217,2.0
482,1,0.7459449611618922,2.0
483,-2,-1.5907233192466261,0.0
483,-1,-1.0907233192466261,0.0
483,0,-0.5907233192466261,0.0
483,1,0.10927668075337388,0.0
484,-2,0.4392713036019962,0.0
484,-1,0.9392713036019962,0.0
484,0,1.4392713036019962,2.0
484,1,2.1392713036019964,2.0
485,-2,-2.287972491786911,0.0
485,-1,-1.787972491786911,0.0
485,0,-1.287972491786911,0.0
485,1,-0.5879724917869111,0.0
486,-2,-0.5275719247509357,0.0
486,-1,-0.027571924750935728,0.0
486,0,0.47242807524906427,2.0
486,1,1.1724280752490643,2.0
487,-2,-0.8862784467386806,0.0
487,-1,-0.3862784467386806,0.0
487,0,0.11372155326131939,0.0
487,1,0.8137215532613193,0.0
488,-2,0.7238975857037813,0.0
488,-1,1.2238975857037813,0.0
488,0,1.7238975857037813,2.0
488,1,2.4238975857037817,2.0
489,-2,0.22022849075274187,0.0
489,-1,0.7202284907527419,0.0
489,0,1.2202284907527419,2.0
489,1,1.9202284907527418,2.0
490,-2,-0.6850737289863649,0.0
490,-1,-0.18507372898636487,0.0
490,0,0.31492627101363513,2.0
490,1,1.014926271013635,2.0
491,-2,-1.101315452319885,0.0
491,-1,-0.6013154523198849,0.0
491,0,-0.10131545231988488,0.0
491,1,0.5986845476801151,0.0
492,-2,0.7076679054566537,0.0
492,-1,1.2076679054566537,0.0
492,0,1.7076679054566537,0.0
492,1,2.4076679054566537,0.0
493,-2,0.8436379843498416,0.0
493,-1,1.3436379843498416,0.0
493,0,1.8436379843498416,0.0
493,1,2.543637984349842,0.0
494,-2,-1.981336512601821,0.0
494,-1,-1.481336512601821,0.0
494,0,-0.981336512601821,2.0
494,1,-0.28133651260182096,2.0
495,-2,-0.6321537551749241,0.0
495,-1,-0.13215375517492406,0.0
495,0,0.36784624482507594,2.0
495,1,1.0678462448250758,2.0
496,-2,-0.4654431332580229,0.0
496,-1,0.03455686674197711,0.0
496,0,0.5345568667419771,0.0
496,1,1.234556866741977,0.0
497,-2,0.30100899271763293,0.0
497,-1,0.8010089927176329,0.0
497,0,1.301008992717633,2.0
497,1,2.001008992717633,2.0
498,-2,-0.7761939666995921,0.0
498,-1,-0.27619396669959206,0.0
498,0,0.22380603330040796,0.0
498,1,0.9238060333004079,0.0
499,-2,-2.731420475162973,0.0
499,-1,-2.231420475162973,0.0
499,0,-1.731420475162973,0.0
499,1,-1.031420475162973,0.0
500,-2,-0.47712861136906737,0.0
500,-1,0.022871388630932632,0.0
500,0,0.5228713886309326,2.0
500,1,1.2228713886309326,2.0
501,-2,-0.9991807067646001,0.0
501,-1,-0.49918070676460014,0.0
501,0,0.000819293235399865,2.0
501,1,0.7008192932353998,2.0
502,-2,-1.5102008866122882,0.0
502,-1,-1.0102008866122882,0.0
502,0,-0.5102008866122881,0.0
502,1,0.18979911338771188,0.0
503,-2,-2.674839139037758,0.0
503,-1,-2.174839139037758,0.0
503,0,-1.6748391390377582,0.0
503,1,-0.9748391390377582,0.0
504,-2,-1.7335067506679334,0.0
504,-1,-1.2335067506679334,0.0
504,0,-0.7335067506679335,0.0
504,1,-0.03350675066793346,0.0
505,-2,-1.1065833812474901,0.0
505,-1,-0.6065833812474901,0.0
505,0,-0.10658338124749012,2.0
505,1,0.5934166187525098,2.0
506,-2,0.20512954987786047,0.0
506,-1,0.7051295498778605,0.0
506,0,1.2051295498778605,2.0
506,1,1.9051295498778604,2.0
507,-2,-1.5755517603934073,0.0
507,-1,-1.0755517603934073,0.0
507,0,-0.5755517603934073,2.0
507,1,0.12444823960659274,2.0
508,-2,-1.694805600083471,0.0
508,-1,-1.194805600083471,0.0
508,0,-0.694805600083471,2.0
508,1,0.00519439991652898,2.0
509,-2,0.4104714937473706,0.0
509,-1,0.9104714937473706,0.0
509,0,1.4104714937473706,0.0
509,1,2.1104714937473705,0.0
510,-2,-1.0065312150702734,0.0
510,-1,-0.5065312150702734,0.0
510,0,-0.006531215070273462,0.0
510,1,0.6934687849297265,0.0
511,-2,0.33035774255865125,0.0
511,-1,0.8303577425586512,0.0
511,0,1.3303577425586512,2.0
511,1,2.0303577425586514,2.0
512,-2,0.23729099217316607,0.0
512,-1,0.7372909921731661,0.0
512,0,1.237290992173166,2.0
512,1,1.937290992173166,2.0
513,-2,-1.7851370941022897,0.0
513,-1,-1.2851370941022897,0.0
513,0,-0.7851370941022897,2.0
513,1,-0.0851370941022897,2.0
514,-2,0.37197091170655217,0.0
514,-1,0.8719709117065522,0.0
514,0,1.3719709117065522,2.0
514,1,2.0719709117065523,2.0
515,-2,-0.2014562321402682,0.0
515,-1,0.2985437678597318,0.0
515,0,0.7985437678597318,2.0
515,1,1.4985437678597318,2.0
516,-2,-0.4401032247801495,0.0
516,-1,0.059896775219850484,0.0
516,0,0.5598967752198505,2.0
516,1,1.2598967752198504,2.0
517,-2,1.3414721503063127,0.0
517,-1,1.8414721503063127,0.0
517,0,2.3414721503063127,2.0
517,1,3.041472150306313,2.0
518,-2,-3.217773528504941,0.0
518,-1,-2.717773528504941,0.0
518,0,-2.217773528504941,0.0
518,1,-1.517773528504941,0.0
519,-2,-0.7682989213516622,0.0
519,-1,-0.2682989213516622,0.0
519,0,0.23170107864833778,0.0
519,1,0.9317010786483377,0.0
520,-2,-0.597698774542877,0.0
520,-1,-0.09769877454287706,0.0
520,0,0.40230122545712294,2.0
520,1,1.102301225457123,2.0
521,-2,-2.7591248760307003,0.0
521,-1,-2.2591248760307003,0.0
521,0,-1.7591248760307006,2.0
521,1,-1.0591248760307006,2.0
522,-2,0.00678301971933104,0.0
522,-1,0.506783019719331,0.0
522,0,1.006783019719331,2.0
522,1,1.706783019719331,2.0
523,-2,-0.20708420710343767,0.0
523,-1,0.29291579289656233,0.0
523,0,0.7929157928965623,0.0
523,1,1.4929157928965624,0.0
524,-2,-0.8641261421044683,0.0
524,-1,-0.36412614210446825,0.0
524,0,0.13587385789553175,2.0
524,1,0.8358738578955318,2.0
525,-2,-3.0022444091762086,0.0
525,-1,-2.5022444091762086,0.0
525,0,-2.0022444091762086,2.0
525,1,-1.3022444091762087,2.0
526,-2,-3.2784788976804715,0.0
526,-1,-2.7784788976804715,0.0
526,0,-2.2784788976804715,0.0
526,1,-1.5784788976804716,0.0
527,-2,-1.0831433914415918,0.0
527,-1,-0.5831433914415918,0.0
527,0,-0.08314339144159172,0.0
527,1,0.6168566085584083,0.0
528,-2,0.06266183245511936,0.0
528,-1,0.5626618324551194,0.0
528,0,1.0626618324551194,2.0
528,1,1.7626618324551193,2.0
529,-2,-1.0139938913438602,0.0
529,-1,-0.5139938913438603,0.0
529,0,-0.013993891343860308,0.0
529,1,0.6860061086561398,0.0
530,-2,-0.9152633135952455,0.0
530,-1,-0.41526331359524543,0.0
530,0,0.08473668640475457,0.0
530,1,0.7847366864047545,0.0
531,-2,-0.25393314794979915,0.0
531,-1,0.24606685205020085,0.0
531,0,0.7460668520502008,0.0
531,1,1.446066852050201,0.0
532,-2,-2.1132017618296723,0.0
532,-1,-1.6132017618296723,0.0
532,0,-1.1132017618296723,0.0
532,1,-0.41320176182967233,0.0
533,-2,-0.03846524836455645,0.0
533,-1,0.46153475163544355,0.0
533,0,0.9615347516354436,2.0
533,1,1.6615347516354435,2.0
534,-2,-1.8216832326063466,0.0
534,-1,-1.3216832326063466,0.0
534,0,-0.8216832326063466,0.0
534,1,-0.12168323260634656,0.0
535,-2,-0.26497244490854843,0.0
535,-1,0.23502755509145157,0.0
535,0,0.7350275550914516,2.0
535,1,1.4350275550914515,2.0
536,-2,-1.9856937997541382,0.0
536,-1,-1.4856937997541382,0.0
536,0,-0.9856937997541382,2.0
536,1,-0.28569379975413817,2.0
537,-2,-0.005977551708423512,0.0
537,-1,0.4940224482915765,0.0
537,0,0.9940224482915765,2.0
537,1,1.6940224482915764,2.0
538,-2,0.9844154416754793,0.0
538,-1,1.4844154416754793,0.0
538,0,1.9844154416754793,2.0
538,1,2.6844154416754797,2.0
539,-2,-1.1250655727506924,0.0
539,-1,-0.6250655727506924,0.0
539,0,-0.1250655727506924,2.0
539,1,0.5749344272493075,2.0
540,-2,-1.5904959822102729,0.0
540,-1,-1.0904959822102729,0.0
540,0,-0.5904959822102728,0.0
540,1,0.10950401778972724,0.0
541,-2,-1.9053104157261351,0.0
541,-1,-1.4053104157261351,0.0
541,0,-0.9053104157261351,0.0
541,1,-0.20531041572613512,0.0
542,-2,-0.38149354223589926,0.0
542,-1,0.11850645776410074,0.0
542,0,0.6185064577641007,2.0
542,1,1.3185064577641008,2.0
543,-2,-1.7797258340199833,0.0
543,-1,-1.2797258340199833,0.0
543,0,-0.7797258340199833,0.0
543,1,-0.07972583401998329,0.0
544,-2,-0.8658891828020651,0.0
544,-1,-0.36588918280206506,0.0
544,0,0.13411081719793494,0.0
544,1,0.834110817197935,0.0
545,-2,-1.6586978088876474,0.0
545,-1,-1.1586978088876474,0.0
545,0,-0.6586978088876474,0.0
545,1,0.041302191112352615,0.0
546,-2,-0.43496924697162664,0.0
546,-1,0.06503075302837336,0.0
546,0,0.5650307530283734,2.0
546,1,1.2650307530283733,2.0
547,-2,-2.273781347613674,0.0
547,-1,-1.773781347613674,0.0
547,0,-1.273781347613674,0.0
547,1,-0.5737813476136739,0.0
548,-2,-2.141165465797804,0.0
548,-1,-1.6411654657978039,0.0
548,0,-1.1411654657978039,2.0
548,1,-0.44116546579780386,2.0
549,-2,-0.16631389540704122,0.0
549,-1,0.3336861045929588,0.0
549,0,0.8336861045929588,2.0
549,1,1.5336861045929588,2.0
550,-2,-0.7588725391391432,0.0
550,-1,-0.2588725391391432,0.0
550,0,0.2411274608608568,0.0
550,1,0.9411274608608569,0.0
551,-2,-0.08003289715205597,0.0
551,-1,0.41996710284794403,0.0
551,0,0.919967102847944,2.0
551,1,1.619967102847944,2.0
552,-2,-0.5861418271814521,0.0
552,-1,-0.08614182718145214,0.0
552,0,0.41385817281854786,2.0
552,1,1.113858172818548,2.0
553,-2,0.7785441147726053,0.0
553,-1,1.2785441147726053,0.0
553,0,1.7785441147726053,0.0
553,1,2.4785441147726055,0.0
554,-2,-2.150498894825791,0.0
554,-1,-1.6504988948257908,0.0
554,0,-1.1504988948257908,0.0
554,1,-0.4504988948257908,0.0
555,-2,-0.85895185793152,0.0
555,-1,-0.35895185793151996,0.0
555,0,0.14104814206848001,0.0
555,1,0.8410481420684801,0.0
556,-2,-1.5405719329734915,0.0
556,-1,-1.0405719329734915,0.0
556,0,-0.5405719329734915,2.0
556,1,0.15942806702650852,2.0
557,-2,-0.9468702180622338,0.0
557,-1,-0.4468702180622338,0.0
557,0,0.053129781937766185,2.0
557,1,0.7531297819377663,2.0
558,-2,-2.5532033141746844,0.0
558,-1,-2.0532033141746844,0.0
558,0,-1.5532033141746842,0.0
558,1,-0.8532033141746842,0.0
559,-2,-1.3180859367325295,0.0
559,-1,-0.8180859367325295,0.0
559,0,-0.3180859367325295,2.0
559,1,0.3819140632674705,2.0
560,-2,-1.3666473967727513,0.0
560,-1,-0.8666473967727513,0.0
560,0,-0.36664739677275127,2.0
560,1,0.33335260322724874,2.0
561,-2,1.330102855957842,0.0
561,-1,1.830102855957842,0.0
561,0,2.330102855957842,2.0
561,1,3.0301028559578422,2.0
562,-2,-0.26556130785734455,0.0
562,-1,0.23443869214265545,0.0
562,0,0.7344386921426554,0.0
562,1,1.4344386921426555,0.0
563,-2,-1.1677265483803343,0.0
563,-1,-0.6677265483803343,0.0
563,0,-0.1677265483803343,2.0
563,1,0.5322734516196657,2.0
564,-2,-0.30244324214409035,0.0
564,-1,0.19755675785590965,0.0
564,0,0.6975567578559096,2.0
564,1,1.3975567578559096,2.0
565,-2,-0.19681168885307976,0.0
565,-1,0.30318831114692024,0.0
565,0,0.8031883111469202,2.0
565,1,1.5031883111469202,2.0
566,-2,-1.2773651658937644,0.0
566,-1,-0.7773651658937644,0.0
566,0,-0.2773651658937644,0.0
566,1,0.4226348341062356,0.0
567,-2,0.6790044763351515,0.0
567,-1,1.1790044763351515,0.0
567,0,1.6790044763351515,0.0
567,1,2.379004476335152,0.0
568,-2,1.3891812904918606,0.0
568,-1,1.8891812904918606,0.0
568,0,2.3891812904918606,2.0
568,1,3.0891812904918607,2.0
569,-2,-0.22428609585631343,0.0
569,-1,0.2757139041436866,0.0
569,0,0.7757139041436866,2.0
569,1,1.4757139041436866,2.0
570,-2,0.6523168091295211,0.0
570,-1,1.152316809129521,0.0
570,0,1.652316809129521,0.0
570,1,2.3523168091295212,0.0
571,-2,-2.073105284864943,0.0
571,-1,-1.5731052848649432,0.0
571,0,-1.0731052848649432,0.0
571,1,-0.37310528486494315,0.0
572,-2,0.9225655107757471,0.0
572,-1,1.422565510775747,0.0
572,0,1.922565510775747,2.0
572,1,2.6225655107757473,2.0
573,-2,-1.7689990593198024,0.0
573,-1,-1.2689990593198024,0.0
573,0,-0.7689990593198025,0.0
573,1,-0.06899905931980249,0.0
574,-2,0.040150900273986156,0.0
574,-1,0.5401509002739862,0.0
574,0,1.0401509002739862,2.0
574,1,1.7401509002739861,2.0
575,-2,0.44963729686164955,0.0
575,-1,0.9496372968616495,0.0
575,0,1.4496372968616495,0.0
575,1,2.1496372968616497,0.0
576,-2,-1.4112070639211143,0.0
576,-1,-0.9112070639211143,0.0
576,0,-0.4112070639211142,0.0
576,1,0.2887929360788858,0.0
577,-2,0.179988417919007,0.0
577,-1,0.679988417919007,0.0
577,0,1.179988417919007,2.0
577,1,1.879988417919007,2.0
578,-2,0.9763602103234896,0.0
578,-1,1.4763602103234896,0.0
578,0,1.9763602103234896,0.0
578,1,2.67636021032349,0.0
579,-2,-1.267743233440416,0.0
579,-1,-0.767743233440416,0.0
579,0,-0.267743233440416,0.0
579,1,0.432256766559584,0.0
580,-2,-0.2696724789927438,0.0
580,-1,0.23032752100725618,0.0
580,0,0.7303275210072562,2.0
580,1,1.4303275210072561,2.0
581,-2,-2.3500773194691584,0.0
581,-1,-1.8500773194691587,0.0
581,0,-1.3500773194691587,0.0
581,1,-0.6500773194691587,0.0
582,-2,-1.9045779211329426,0.0
582,-1,-1.4045779211329426,0.0
582,0,-0.9045779211329426,0.0
582,1,-0.20457792113294254,0.0
583,-2,-2.975348611650902,0.0
583,-1,-2.475348611650902,0.0
583,0,-1.9753486116509016,0.0
583,1,-1.2753486116509016,0.0
584,-2,0.5237795386675814,0.0
584,-1,1.0237795386675814,0.0
584,0,1.5237795386675814,2.0
584,1,2.2237795386675816,2.0
585,-2,-1.884391576024321,0.0
585,-1,-1.384391576024321,0.0
585,0,-0.884391576024321,0.0
585,1,-0.18439157602432094,0.0
586,-2,-0.7168681763690495,0.0
586,-1,-0.21686817636904954,0.0
586,0,0.28313182363095046,0.0
586,1,0.9831318236309505,0.0
587,-2,-1.0566772534539455,0.0
587,-1,-0.5566772534539456,0.0
587,0,-0.05667725345394556,0.0
587,1,0.6433227465460545,0.0
588,-2,-1.0634776751739001,0.0
588,-1,-0.5634776751739001,0.0
588,0,-0.06347767517390011,0.0
588,1,0.6365223248260998,0.0
589,-2,-1.535330513108168,0.0
589,-1,-1.035330513108168,0.0
589,0,-0.5353305131081681,0.0
589,1,0.16466948689183186,0.0
590,-2,-0.32097432378246593,0.0
590,-1,0.17902567621753407,0.0
590,0,0.6790256762175341,2.0
590,1,1.3790256762175341,2.0
591,-2,0.5171703808361157,0.0
591,-1,1.0171703808361157,0.0
591,0,1.5171703808361157,2.0
591,1,2.217170380836116,2.0
592,-2,-1.8683857217873914,0.0
592,-1,-1.3683857217873914,0.0
592,0,-0.8683857217873914,0.0
592,1,-0.16838572178739136,0.0
593,-2,0.03823314290666646,0.0
593,-1,0.5382331429066665,0.0
593,0,1.0382331429066665,2.0
593,1,1.7382331429066664,2.0
594,-2,-1.3344195515522945,0.0
594,-1,-0.8344195515522945,0.0
594,0,-0.3344195515522946,0.0
594,1,0.36558044844770543,0.0
595,-2,-3.479381314065618,0.0
595,-1,-2.979381314065618,0.0
595,0,-2.479381314065618,0.0
595,1,-1.779381314065618,0.0
596,-2,-0.15897145287789916,0.0
596,-1,0.34102854712210084,0.0
596,0,0.8410285471221008,2.0
596,1,1.5410285471221008,2.0
597,-2,-1.1329941861589057,0.0
597,-1,-0.6329941861589058,0.0
597,0,-0.1329941861589058,2.0
597,1,0.5670058138410943,2.0
598,-2,-0.34650873415609307,0.0
598,-1,0.15349126584390693,0.0
598,0,0.6534912658439069,2.0
598,1,1.3534912658439069,2.0
599,-2,1.729352975786707,0.0
599,-1,2.229352975786707,0.0
599,0,2.729352975786707,2.0
599,1,3.429352975786707,2.0
600,-2,0.7005527411807067,0.0
600,-1,1.2005527411807067,0.0
600,0,1.7005527411807067,2.0
600,1,2.400552741180707,2.0
601,-2,-1.5258830213441024,0.0
601,-1,-1.0258830213441024,0.0
601,0,-0.5258830213441023,0.0
601,1,0.17411697865589776,0.0
602,-2,-0.6005557537760492,0.0
602,-1,-0.1005557537760492,0.0
602,0,0.3994442462239508,2.0
602,1,1.0994442462239509,2.0
603,-2,-0.6045592344499254,0.0
603,-1,-0.10455923444992543,0.0
603,0,0.39544076555007457,0.0
603,1,1.0954407655500746,0.0
604,-2,-0.6322405150065245,0.0
604,-1,-0.13224051500652445,0.0
604,0,0.36775948499347555,2.0
604,1,1.0677594849934755,2.0
605,-2,-1.2927367653837738,0.0
605,-1,-0.7927367653837738,0.0
605,0,-0.29273676538377386,0.0
605,1,0.40726323461622616,0.0
606,-2,-2.5917320331501648,0.0
606,-1,-2.0917320331501648,0.0
606,0,-1.5917320331501648,0.0
606,1,-0.8917320331501648,0.0
607,-2,1.4101573660966467,0.0
607,-1,1.9101573660966467,0.0
607,0,2.4101573660966467,2.0
607,1,3.110157366096647,2.0
608,-2,-1.7874840671527181,0.0
608,-1,-1.2874840671527181,0.0
608,0,-0.7874840671527182,0.0
608,1,-0.08748406715271823,0.0
609,-2,-2.3594145695563995,0.0
609,-1,-1.8594145695563995,0.0
609,0,-1.3594145695563995,0.0
609,1,-0.6594145695563995,0.0
610,-2,-0.6173191540156571,0.0
610,-1,-0.11731915401565707,0.0
610,0,0.38268084598434293,0.0
610,1,1.0826808459843429,0.0
611,-2,-3.678595586680731,0.0
611,-1,-3.178595586680731,0.0
611,0,-2.678595586680731,0.0
611,1,-1.9785955866807312,0.0
612,-2,-0.15098516430671083,0.0
612,-1,0.34901483569328917,0.0
612,0,0.8490148356932892,2.0
612,1,1.5490148356932891,2.0
613,-2,-0.8840169501240979,0.0
613,-1,-0.38401695012409787,0.0
613,0,0.11598304987590216,0.0
613,1,0.8159830498759022,0.0
614,-2,-0.7136407656022625,0.0
614,-1,-0.21364076560226247,0.0
614,0,0.2863592343977375,2.0
614,1,0.9863592343977374,2.0
615,-2,0.322338843207139,0.0
615,-1,0.822338843207139,0.0
615,0,1.322338843207139,2.0
615,1,2.022338843207139,2.0
616,-2,0.44248710398389335,0.0
616,-1,0.9424871039838933,0.0
616,0,1.4424871039838933,2.0
616,1,2.1424871039838935,2.0
617,-2,-0.03117636138972879,0.0
617,-1,0.4688236386102712,0.0
617,0,0.9688236386102712,2.0
617,1,1.6688236386102713,2.0
618,-2,-0.09648751618243134,0.0
618,-1,0.40351248381756866,0.0
618,0,0.9035124838175687,0.0
618,1,1.6035124838175687,0.0
619,-2,-0.4538002654777835,0.0
619,-1,0.046199734522216485,0.0
619,0,0.5461997345222165,2.0
619,1,1.2461997345222164,2.0
620,-2,-0.8266228144635532,0.0
620,-1,-0.32662281446355323,0.0
620,0,0.17337718553644677,2.0
620,1,0.8733771855364467,2.0
621,-2,-0.9298683948104551,0.0
621,-1,-0.42986839481045513,0.0
621,0,0.07013160518954484,0.0
621,1,0.7701316051895448,0.0
622,-2,-0.2814655513602763,0.0
622,-1,0.2185344486397237,0.0
622,0,0.7185344486397237,0.0
622,1,1.4185344486397236,0.0
623,-2,-1.7145634428932275,0.0
623,-1,-1.2145634428932275,0.0
623,0,-0.7145634428932275,0.0
623,1,-0.014563442893227474,0.0
624,-2,1.3555028502503208,0.0
624,-1,1.8555028502503208,0.0
624,0,2.355502850250321,0.0
624,1,3.055502850250321,0.0
625,-2,-1.0128680489016157,0.0
625,-1,-0.5128680489016157,0.0
625,0,-0.0128680489016157,0.0
625,1,0.6871319510983843,0.0
626,-2,-0.500479461281238,0.0
626,-1,-0.0004794612812379917,0.0
626,0,0.499520538718762,0.0
626,1,1.199520538718762,0.0
627,-2,-0.4796276137821608,0.0
627,-1,0.02037238621783921,0.0
627,0,0.5203723862178392,2.0
627,1,1.220372386217839,2.0
628,-2,-0.0669051412096473,0.0
628,-1,0.4330948587903527,0.0
628,0,0.9330948587903527,2.0
628,1,1.6330948587903527,2.0
629,-2,0.13065249705110293,0.0
629,-1,0.6306524970511029,0.0
629,0,1.130652497051103,0.0
629,1,1.830652497051103,0.0
630,-2,-2.060857055650942,0.0
630,-1,-1.5608570556509422,0.0
630,0,-1.0608570556509422,0.0
630,1,-0.3608570556509422,0.0
631,-2,-1.1352825848753914,0.0
631,-1,-0.6352825848753912,0.0
631,0,-0.13528258487539124,2.0
631,1,0.5647174151246088,2.0
632,-2,-1.8234036188708806,0.0
632,-1,-1.3234036188708806,0.0
632,0,-0.8234036188708805,0.0
632,1,-0.12340361887088053,0.0
633,-2,0.2048365657325979,0.0
633,-1,0.7048365657325979,0.0
633,0,1.204836565732598,0.0
633,1,1.9048365657325979,0.0
634,-2,-0.8098625830983208,0.0
634,-1,-0.3098625830983208,0.0
634,0,0.19013741690167915,0.0
634,1,0.8901374169016791,0.0
635,-2,-0.8948717259030526,0.0
635,-1,-0.39487172590305264,0.0
635,0,0.10512827409694733,0.0
635,1,0.8051282740969474,0.0
636,-2,0.31031227255547233,0.0
636,-1,0.8103122725554723,0.0
636,0,1.3103122725554723,0.0
636,1,2.0103122725554723,0.0
637,-2,-0.5893900392650149,0.0
637,-1,-0.08939003926501482,0.0
637,0,0.4106099607349852,2.0
637,1,1.110609960734985,2.0
638,-2,-1.1363584062065244,0.0
638,-1,-0.6363584062065244,0.0
638,0,-0.1363584062065244,2.0
638,1,0.5636415937934756,2.0
639,-2,0.4459933423799416,0.0
639,-1,0.9459933423799416,0.0
639,0,1.4459933423799416,2.0
639,1,2.1459933423799415,2.0
640,-2,-1.4581099379465061,0.0
640,-1,-0.9581099379465062,0.0
640,0,-0.45810993794650623,0.0
640,1,0.24189006205349378,0.0
641,-2,0.17747627440150904,0.0
641,-1,0.677476274401509,0.0
641,0,1.177476274401509,0.0
641,1,1.877476274401509,0.0
642,-2,1.8534459416000182,0.0
642,-1,2.353445941600018,0.0
642,0,2.853445941600018,2.0
642,1,3.5534459416000184,2.0
643,-2,-2.2190953951095365,0.0
643,-1,-1.7190953951095367,0.0
643,0,-1.2190953951095367,0.0
643,1,-0.5190953951095367,0.0
644,-2,0.5057420118130822,0.0
644,-1,1.0057420118130822,0.0
644,0,1.5057420118130822,0.0
644,1,2.2057420118130824,0.0
645,-2,-0.7983782537250873,0.0
645,-1,-0.2983782537250873,0.0
645,0,0.2016217462749127,0.0
645,1,0.9016217462749128,0.0
646,-2,-1.92337577555497,0.0
646,-1,-1.42337577555497,0.0
646,0,-0.9233757755549702,0.0
646,1,-0.22337577555497018,0.0
647,-2,-0.915329013357139,0.0
647,-1,-0.415329013357139,0.0
647,0,0.08467098664286099,2.0
647,1,0.784670986642861,2.0
648,-2,-1.4727837053110804,0.0
648,-1,-0.9727837053110804,0.0
648,0,-0.47278370531108044,0.0
648,1,0.22721629468891957,0.0
649,-2,-1.6838774190118735,0.0
649,-1,-1.1838774190118735,0.0
649,0,-0.6838774190118735,2.0
649,1,0.016122580988126523,2.0
650,-2,-1.3720344287928417,0.0
650,-1,-0.8720344287928417,0.0
650,0,-0.37203442879284165,2.0
650,1,0.32796557120715836,2.0
651,-2,-0.6663031935448078,0.0
651,-1,-0.16630319354480783,0.0
651,0,0.3336968064551922,0.0
651,1,1.0336968064551921,0.0
652,-2,0.3891040914975834,0.0
652,-1,0.8891040914975834,0.0
652,0,1.3891040914975834,2.0
652,1,2.0891040914975836,2.0
653,-2,-1.8676184450497653,0.0
653,-1,-1.3676184450497653,0.0
653,0,-0.8676184450497652,0.0
653,1,-0.16761844504976514,0.0
654,-2,0.7245628794405861,0.0
654,-1,1.224562879440586,0.0
654,0,1.724562879440586,2.0
654,1,2.424562879440586,2.0
655,-2,-1.0030751539595613,0.0
655,-1,-0.5030751539595613,0.0
655,0,-0.003075153959561261,2.0
655,1,0.6969248460404387,2.0
656,-2,-0.2562658399500086,0.0
656,-1,0.24373416004999138,0.0
656,0,0.7437341600499914,0.0
656,1,1.4437341600499913,0.0
657,-2,-0.8521287367227006,0.0
657,-1,-0.3521287367227006,0.0
657,0,0.14787126327729938,2.0
657,1,0.8478712632772993,2.0
658,-2,-1.755621711770191,0.0
658,-1,-1.255621711770191,0.0
658,0,-0.7556217117701911,0.0
658,1,-0.055621711770191096,0.0
659,-2,-0.6226903531983665,0.0
659,-1,-0.12269035319836652,0.0
659,0,0.3773096468016335,2.0
659,1,1.0773096468016334,2.0
660,-2,-0.6259422843725388,0.0
660,-1,-0.1259422843725389,0.0
660,0,0.3740577156274611,2.0
660,1,1.074057715627461,2.0
661,-2,-1.0521169120405323,0.0
661,-1,-0.5521169120405321,0.0
661,0,-0.05211691204053215,2.0
661,1,0.6478830879594679,2.0
662,-2,-1.4027382593950186,0.0
662,-1,-0.9027382593950187,0.0
662,0,-0.4027382593950187,0.0
662,1,0.2972617406049813,0.0
663,-2,-0.5098366071059051,0.0
663,-1,-0.009836607105905115,0.0
663,0,0.4901633928940949,2.0
663,1,1.190163392894095,2.0
664,-2,-0.2974528080922948,0.0
664,-1,0.2025471919077052,0.0
664,0,0.7025471919077052,2.0
664,1,1.4025471919077053,2.0
665,-2,-0.6092928973700587,0.0
665,-1,-0.1092928973700586,0.0
665,0,0.3907071026299414,2.0
665,1,1.0907071026299413,2.0
666,-2,-0.9179371310038309,0.0
666,-1,-0.4179371310038309,0.0
666,0,0.08206286899616913,0.0
666,1,0.7820628689961691,0.0
667,-2,-0.8682870007439243,0.0
667,-1,-0.3682870007439243,0.0
667,0,0.1317129992560757,2.0
667,1,0.8317129992560757,2.0
668,-2,-0.8321832591200001,0.0
668,-1,-0.33218325912000013,0.0
668,0,0.16781674087999987,2.0
668,1,0.8678167408799999,2.0
669,-2,-0.5872369885144243,0.0
669,-1,-0.0872369885144243,0.0
669,0,0.4127630114855757,2.0
669,1,1.1127630114855758,2.0
670,-2,-0.6248669977762383,0.0
670,-1,-0.12486699777623833,0.0
670,0,0.37513300222376167,2.0
670,1,1.0751330022237617,2.0
671,-2,-0.4804910422983224,0.0
671,-1,0.0195089577016776,0.0
671,0,0.5195089577016776,2.0
671,1,1.2195089577016776,2.0
672,-2,-0.19906208151621496,0.0
672,-1,0.30093791848378504,0.0
672,0,0.800937918483785,0.0
672,1,1.500937918483785,0.0
673,-2,-0.18848065803385694,0.0
673,-1,0.31151934196614306,0.0
673,0,0.8115193419661431,2.0
673,1,1.511519341966143,2.0
674,-2,-1.4233593654225691,0.0
674,-1,-0.923359365422569,0.0
674,0,-0.423359365422569,0.0
674,1,0.276640634577431,0.0
675,-2,-2.5319049967358236,0.0
675,-1,-2.0319049967358236,0.0
675,0,-1.5319049967358234,0.0
675,1,-0.8319049967358234,0.0
676,-2,-0.3285177830024415,0.0
676,-1,0.1714822169975585,0.0
676,0,0.6714822169975585,0.0
676,1,1.3714822169975585,0.0
677,-2,-0.9485610103128149,0.0
677,-1,-0.4485610103128149,0.0
677,0,0.05143898968718508,0.0
677,1,0.7514389896871851,0.0
678,-2,-0.4747025927110927,0.0
678,-1,0.02529740728890728,0.0
678,0,0.5252974072889073,2.0
678,1,1.2252974072889071,2.0
679,-2,-2.1299885220957844,0.0
679,-1,-1.6299885220957846,0.0
679,0,-1.1299885220957846,0.0
679,1,-0.4299885220957846,0.0
680,-2,1.2772113920018189,0.0
680,-1,1.7772113920018189,0.0
680,0,2.277211392001819,2.0
680,1,2.977211392001819,2.0
681,-2,0.9572050398579934,0.0
681,-1,1.4572050398579934,0.0
681,0,1.9572050398579934,2.0
681,1,2.6572050398579936,2.0
682,-2,-0.5020911501731822,0.0
682,-1,-0.002091150173182177,0.0
682,0,0.4979088498268178,2.0
682,1,1.1979088498268178,2.0
683,-2,-0.5720972636273186,0.0
683,-1,-0.07209726362731861,0.0
683,0,0.4279027363726814,2.0
683,1,1.1279027363726815,2.0
684,-2,-0.25955210007717777,0.0
684,-1,0.24044789992282223,0.0
684,0,0.7404478999228222,2.0
684,1,1.440447899922822,2.0
685,-2,-0.8637197596782434,0.0
685,-1,-0.36371975967824344,0.0
685,0,0.1362802403217566,0.0
685,1,0.8362802403217566,0.0
686,-2,-1.7568424584093214,0.0
686,-1,-1.2568424584093214,0.0
686,0,-0.7568424584093213,0.0
686,1,-0.056842458409321284,0.0
687,-2,0.2680305337546649,0.0
687,-1,0.7680305337546649,0.0
687,0,1.268030533754665,2.0
687,1,1.9680305337546649,2.0
688,-2,-1.6131923623542996,0.0
688,-1,-1.1131923623542996,0.0
688,0,-0.6131923623542997,0.0
688,1,0.08680763764570026,0.0
689,-2,-0.4418760853212902,0.0
689,-1,0.05812391467870981,0.0
689,0,0.5581239146787098,0.0
689,1,1.2581239146787098,0.0
690,-2,1.1597228438312381,0.0
690,-1,1.6597228438312381,0.0
690,0,2.159722843831238,0.0
690,1,2.8597228438312383,0.0
691,-2,0.4760845209242288,0.0
691,-1,0.9760845209242288,0.0
691,0,1.4760845209242288,2.0
691,1,2.176084520924229,2.0
692,-2,-0.7105329146970667,0.0
692,-1,-0.21053291469706664,0.0
692,0,0.28946708530293336,0.0
692,1,0.9894670853029333,0.0
693,-2,-0.25697969563284917,0.0
693,-1,0.24302030436715083,0.0
693,0,0.7430203043671508,2.0
693,1,1.4430203043671508,2.0
694,-2,-0.6700437431872056,0.0
694,-1,-0.1700437431872056,0.0
694,0,0.3299562568127944,0.0
694,1,1.0299562568127945,0.0
695,-2,-0.7263267737350358,0.0
695,-1,-0.22632677373503585,0.0
695,0,0.27367322626496415,2.0
695,1,0.9736732262649641,2.0
696,-2,-0.8510418266544135,0.0
696,-1,-0.3510418266544135,0.0
696,0,0.14895817334558648,0.0
696,1,0.8489581733455864,0.0
697,-2,0.1336883082211504,0.0
697,-1,0.6336883082211504,0.0
697,0,1.1336883082211504,0.0
697,1,1.8336883082211504,0.0
698,-2,-1.5188139641992144,0.0
698,-1,-1.0188139641992144,0.0
698,0,-0.5188139641992144,2.0
698,1,0.18118603580078557,2.0
699,-2,-0.40984983752233184,0.0
699,-1,0.09015016247766816,0.0
699,0,0.5901501624776682,0.0
699,1,1.2901501624776681,0.0
700,-2,-1.6335016583369997,0.0
700,-1,-1.1335016583369997,0.0
700,0,-0.6335016583369997,2.0
700,1,0.06649834166300034,2.0
701,-2,-0.6748136440146824,0.0
701,-1,-0.1748136440146823,0.0
701,0,0.3251863559853177,0.0
701,1,1.0251863559853176,0.0
702,-2,-0.8840694149688337,0.0
702,-1,-0.38406941496883373,0.0
702,0,0.11593058503116627,2.0
702,1,0.8159305850311662,2.0
703,-2,-1.3251945642054015,0.0
703,-1,-0.8251945642054015,0.0
703,0,-0.32519456420540155,0.0
703,1,0.37480543579459846,0.0
704,-2,-1.6900286737561643,0.0
704,-1,-1.1900286737561643,0.0
704,0,-0.6900286737561643,2.0
704,1,0.009971326243835732,2.0
705,-2,-0.9276050315296989,0.0
705,-1,-0.42760503152969886,0.0
705,0,0.07239496847030114,2.0
705,1,0.7723949684703011,2.0
706,-2,-0.10119455263593014,0.0
706,-1,0.39880544736406986,0.0
706,0,0.8988054473640699,2.0
706,1,1.5988054473640698,2.0
707,-2,-0.16638436385129785,0.0
707,-1,0.33361563614870215,0.0
707,0,0.8336156361487022,2.0
707,1,1.533615636148702,2.0
708,-2,-0.07261976908834988,0.0
708,-1,0.4273802309116501,0.0
708,0,0.9273802309116501,0.0
708,1,1.62738023091165,0.0
709,-2,-0.7931811387759111,0.0
709,-1,-0.2931811387759111,0.0
709,0,0.20681886122408888,0.0
709,1,0.9068188612240888,0.0
710,-2,0.022387384461618032,0.0
710,-1,0.522387384461618,0.0
710,0,1.022387384461618,2.0
710,1,1.722387384461618,2.0
711,-2,0.15073895272240345,0.0
711,-1,0.6507389527224035,0.0
711,0,1.1507389527224035,0.0
711,1,1.8507389527224034,0.0
712,-2,-0.6485545453108843,0.0
712,-1,-0.1485545453108843,0.0
712,0,0.3514454546891157,2.0
712,1,1.0514454546891157,2.0
713,-2,-0.3395421705803614,0.0
713,-1,0.1604578294196386,0.0
713,0,0.6604578294196386,0.0
713,1,1.3604578294196386,0.0
714,-2,-1.3968225838047659,0.0
714,-1,-0.8968225838047659,0.0
714,0,-0.3968225838047659,0.0
714,1,0.3031774161952341,0.0
715,-2,-1.1443317890889384,0.0
715,-1,-0.6443317890889384,0.0
715,0,-0.1443317890889384,2.0
715,1,0.5556682109110616,2.0
716,-2,-0.7570131956769499,0.0
716,-1,-0.25701319567694986,0.0
716,0,0.24298680432305014,2.0
716,1,0.94298680432305,2.0
717,-2,-1.7912685859328632,0.0
717,-1,-1.2912685859328632,0.0
717,0,-0.7912685859328632,2.0
717,1,-0.09126858593286319,2.0
718,-2,-1.5882321866612794,0.0
718,-1,-1.0882321866612794,0.0
718,0,-0.5882321866612795,0.0
718,1,0.11176781333872049,0.0
719,-2,0.11655414752421112,0.0
719,-1,0.6165541475242111,0.0
719,0,1.1165541475242111,2.0
719,1,1.816554147524211,2.0
720,-2,0.4837443823948009,0.0
720,-1,0.9837443823948009,0.0
720,0,1.4837443823948009,2.0
720,1,2.183744382394801,2.0
721,-2,-1.8326606320008594,0.0
721,-1,-1.3326606320008594,0.0
721,0,-0.8326606320008594,2.0
721,1,-0.13266063200085937,2.0
722,-2,-1.9035447759730781,0.0
722,-1,-1.4035447759730781,0.0
722,0,-0.9035447759730781,2.0
722,1,-0.20354477597307813,2.0
723,-2,-0.8693374158407808,0.0
723,-1,-0.36933741584078084,0.0
723,0,0.13066258415921916,0.0
723,1,0.8306625841592192,0.0
724,-2,-0.1206017522257451,0.0
724,-1,0.3793982477742549,0.0
724,0,0.8793982477742549,0.0
724,1,1.579398247774255,0.0
725,-2,0.20947910613832876,0.0
725,-1,0.7094791061383288,0.0
725,0,1.2094791061383288,2.0
725,1,1.9094791061383287,2.0
726,-2,-2.062029592196664,0.0
726,-1,-1.5620295921966638,0.0
726,0,-1.0620295921966638,0.0
726,1,-0.3620295921966638,0.0
727,-2,0.25185096513982574,0.0
727,-1,0.7518509651398257,0.0
727,0,1.2518509651398257,0.0
727,1,1.9518509651398257,0.0
728,-2,0.10660345641815838,0.0
728,-1,0.6066034564181584,0.0
728,0,1.1066034564181584,2.0
728,1,1.8066034564181583,2.0
729,-2,0.23024900077242738,0.0
729,-1,0.7302490007724274,0.0
729,0,1.2302490007724274,2.0
729,1,1.9302490007724273,2.0
730,-2,1.6678721374031138,0.0
730,-1,2.167872137403114,0.0
730,0,2.667872137403114,2.0
730,1,3.367872137403114,2.0
731,-2,-0.4989096634566009,0.0
731,-1,0.001090336543399073,0.0
731,0,0.5010903365433991,0.0
731,1,1.201090336543399,0.0
732,-2,-0.8027776903272525,0.0
732,-1,-0.30277769032725255,0.0
732,0,0.19722230967274743,0.0
732,1,0.8972223096727474,0.0
733,-2,-0.008717777012366756,0.0
733,-1,0.49128222298763324,0.0
733,0,0.9912822229876332,2.0
733,1,1.6912822229876332,2.0
734,-2,-0.8343346829933169,0.0
734,-1,-0.3343346829933169,0.0
734,0,0.16566531700668308,2.0
734,1,0.865665317006683,2.0
735,-2,-0.8016115834768113,0.0
735,-1,-0.3016115834768113,0.0
735,0,0.19838841652318873,0.0
735,1,0.8983884165231888,0.0
736,-2,-0.1677671568836242,0.0
736,-1,0.3322328431163758,0.0
736,0,0.8322328431163758,0.0
736,1,1.5322328431163756,0.0
737,-2,-0.4466173555885735,0.0
737,-1,0.05338264441142648,0.0
737,0,0.5533826444114265,0.0
737,1,1.2533826444114264,0.0
738,-2,0.6897320966470926,0.0
738,-1,1.1897320966470926,0.0
738,0,1.6897320966470926,0.0
738,1,2.3897320966470925,0.0
739,-2,-1.976847003357657,0.0
739,-1,-1.476847003357657,0.0
739,0,-0.9768470033576572,0.0
739,1,-0.27684700335765716,0.0
740,-2,-2.3961044979500734,0.0
740,-1,-1.8961044979500732,0.0
740,0,-1.3961044979500732,2.0
740,1,-0.6961044979500732,2.0
741,-2,-0.16565394246608434,0.0
741,-1,0.33434605753391566,0.0
741,0,0.8343460575339157,2.0
741,1,1.5343460575339156,2.0
742,-2,-0.7597386222037751,0.0
742,-1,-0.2597386222037751,0.0
742,0,0.24026137779622495,0.0
742,1,0.940261377796225,0.0
743,-2,-1.6575167400443096,0.0
743,-1,-1.1575167400443096,0.0
743,0,-0.6575167400443095,0.0
743,1,0.04248325995569052,0.0
744,-2,-0.7199341162093726,0.0
744,-1,-0.2199341162093726,0.0
744,0,0.2800658837906274,0.0
744,1,0.9800658837906273,0.0
745,-2,-0.3413856686478647,0.0
745,-1,0.15861433135213532,0.0
745,0,0.6586143313521353,0.0
745,1,1.3586143313521353,0.0
746,-2,0.39021461032048865,0.0
746,-1,0.8902146103204887,0.0
746,0,1.3902146103204887,0.0
746,1,2.090214610320489,0.0
747,-2,-0.389448776310533,0.0
747,-1,0.11055122368946702,0.0
747,0,0.610551223689467,0.0
747,1,1.310551223689467,0.0
748,-2,-1.6120164842696925,0.0
748,-1,-1.1120164842696925,0.0
748,0,-0.6120164842696925,0.0
748,1,0.08798351573030755,0.0
749,-2,-1.4310308736831885,0.0
749,-1,-0.9310308736831885,0.0
749,0,-0.4310308736831885,2.0
749,1,0.2689691263168115,2.0
750,-2,-0.2541210089432775,0.0
750,-1,0.2458789910567225,0.0
750,0,0.7458789910567225,0.0
750,1,1.4458789910567225,0.0
751,-2,-0.947487268689211,0.0
751,-1,-0.44748726868921096,0.0
751,0,0.05251273131078904,2.0
751,1,0.7525127313107891,2.0
752,-2,-0.9237893752782549,0.0
752,-1,-0.4237893752782549,0.0
752,0,0.07621062472174511,2.0
752,1,0.7762106247217451,2.0
753,-2,0.22013112929011314,0.0
753,-1,0.7201311292901131,0.0
753,0,1.2201311292901131,2.0
753,1,1.920131129290113,2.0
754,-2,-1.4620549457025276,0.0
754,-1,-0.9620549457025276,0.0
754,0,-0.46205494570252764,0.0
754,1,0.23794505429747237,0.0
755,-2,-1.9454635362795285,0.0
755,-1,-1.4454635362795285,0.0
755,0,-0.9454635362795285,0.0
755,1,-0.2454635362795285,0.0
756,-2,-1.0956652772255504,0.0
756,-1,-0.5956652772255503,0.0
756,0,-0.0956652772255503,0.0
756,1,0.6043347227744498,0.0
757,-2,-0.8561880307588027,0.0
757,-1,-0.3561880307588027,0.0
757,0,0.14381196924119735,0.0
757,1,0.8438119692411974,0.0
758,-2,1.4343328110483529,0.0
758,-1,1.9343328110483529,0.0
758,0,2.434332811048353,0.0
758,1,3.134332811048353,0.0
759,-2,-1.2540144411757699,0.0
759,-1,-0.7540144411757698,0.0
759,0,-0.25401444117576977,2.0
759,1,0.44598555882423024,2.0
760,-2,-2.4403752536250396,0.0
760,-1,-1.9403752536250394,0.0
760,0,-1.4403752536250394,0.0
760,1,-0.7403752536250394,0.0
761,-2,-0.7532074466381413,0.0
761,-1,-0.25320744663814126,0.0
761,0,0.24679255336185874,0.0
761,1,0.9467925533618586,0.0
762,-2,-1.6488137102982539,0.0
762,-1,-1.1488137102982539,0.0
762,0,-0.6488137102982539,0.0
762,1,0.05118628970174616,0.0
763,-2,1.2859741587275106,0.0
763,-1,1.7859741587275106,0.0
763,0,2.2859741587275106,2.0
763,1,2.985974158727511,2.0
764,-2,-0.24909313295950264,0.0
764,-1,0.25090686704049736,0.0
764,0,0.7509068670404974,0.0
764,1,1.4509068670404972,0.0
765,-2,-1.2473478079535285,0.0
765,-1,-0.7473478079535285,0.0
765,0,-0.24734780795352848,0.0
765,1,0.4526521920464715,0.0
766,-2,-2.4527535908637423,0.0
766,-1,-1.9527535908637426,0.0
766,0,-1.4527535908637426,2.0
766,1,-0.7527535908637426,2.0
767,-2,0.6694553140745589,0.0
767,-1,1.169455314074559,0.0
767,0,1.669455314074559,2.0
767,1,2.369455314074559,2.0
768,-2,-0.9418462443996322,0.0
768,-1,-0.4418462443996322,0.0
768,0,0.058153755600367806,0.0
768,1,0.7581537556003679,0.0
769,-2,0.16471737969350353,0.0
769,-1,0.6647173796935035,0.0
769,0,1.1647173796935035,2.0
769,1,1.8647173796935035,2.0
770,-2,1.0079146181310978,0.0
770,-1,1.5079146181310978,0.0
770,0,2.007914618131098,2.0
770,1,2.707914618131098,2.0
771,-2,-1.9746550092898683,0.0
771,-1,-1.4746550092898683,0.0
771,0,-0.9746550092898681,0.0
771,1,-0.27465500928986814,0.0
772,-2,-1.4472773996883594,0.0
772,-1,-0.9472773996883594,0.0
772,0,-0.4472773996883595,0.0
772,1,0.2527226003116405,0.0
773,-2,-2.3141355885936763,0.0
773,-1,-1.814135588593676,0.0
773,0,-1.314135588593676,2.0
773,1,-0.6141355885936761,2.0
774,-2,-2.1089575812806416,0.0
774,-1,-1.6089575812806414,0.0
774,0,-1.1089575812806414,0.0
774,1,-0.40895758128064136,0.0
775,-2,-1.6120283864195677,0.0
775,-1,-1.1120283864195677,0.0
775,0,-0.6120283864195677,0.0
775,1,0.08797161358043232,0.0
776,-2,-1.1828129105337406,0.0
776,-1,-0.6828129105337407,0.0
776,0,-0.1828129105337407,2.0
776,1,0.5171870894662594,2.0
777,-2,-0.8506750361977774,0.0
777,-1,-0.3506750361977774,0.0
777,0,0.14932496380222257,0.0
777,1,0.8493249638022227,0.0
778,-2,-1.469544757676113,0.0
778,-1,-0.969544757676113,0.0
778,0,-0.46954475767611303,0.0
778,1,0.23045524232388698,0.0
779,-2,-1.2800731171350939,0.0
779,-1,-0.7800731171350939,0.0
779,0,-0.2800731171350938,0.0
779,1,0.4199268828649062,0.0
780,-2,-2.048357214026029,0.0
780,-1,-1.548357214026029,0.0
780,0,-1.048357214026029,2.0
780,1,-0.3483572140260291,2.0
781,-2,-1.1141576613117115,0.0
781,-1,-0.6141576613117115,0.0
781,0,-0.11415766131171148,0.0
781,1,0.5858423386882885,0.0
782,-2,-0.19805063482817375,0.0
782,-1,0.30194936517182625,0.0
782,0,0.8019493651718262,2.0
782,1,1.501949365171826,2.0
783,-2,-1.5181389574542807,0.0
783,-1,-1.0181389574542807,0.0
783,0,-0.5181389574542806,0.0
783,1,0.1818610425457194,0.0
784,-2,-0.29210792187832524,0.0
784,-1,0.20789207812167476,0.0
784,0,0.7078920781216748,0.0
784,1,1.4078920781216746,0.0
785,-2,-0.577804321611783,0.0
785,-1,-0.07780432161178302,0.0
785,0,0.422195678388217,2.0
785,1,1.122195678388217,2.0
786,-2,-1.260132528620686,0.0
786,-1,-0.760132528620686,0.0
786,0,-0.26013252862068603,0.0
786,1,0.439867471379314,0.0
787,-2,-0.634773946518195,0.0
787,-1,-0.13477394651819502,0.0
787,0,0.365226053481805,2.0
787,1,1.065226053481805,2.0
788,-2,0.70191251824376,0.0
788,-1,1.20191251824376,0.0
788,0,1.70191251824376,2.0
788,1,2.40191251824376,2.0
789,-2,-1.0163465925139148,0.0
789,-1,-0.5163465925139148,0.0
789,0,-0.016346592513914814,0.0
789,1,0.6836534074860852,0.0
790,-2,-1.3536689629909127,0.0
790,-1,-0.8536689629909127,0.0
790,0,-0.3536689629909127,0.0
790,1,0.3463310370090873,0.0
791,-2,0.5988629430592896,0.0
791,-1,1.0988629430592896,0.0
791,0,1.5988629430592896,2.0
791,1,2.29886294305929,2.0
792,-2,-0.6192641639529304,0.0
792,-1,-0.11926416395293032,0.0
792,0,0.3807358360470697,0.0
792,1,1.0807358360470696,0.0
793,-2,-0.8960067975204525,0.0
793,-1,-0.39600679752045254,0.0
793,0,0.10399320247954748,0.0
793,1,0.8039932024795475,0.0
794,-2,-1.2002428401131362,0.0
794,-1,-0.7002428401131361,0.0
794,0,-0.2002428401131361,2.0
794,1,0.4997571598868639,2.0
795,-2,0.3622257936315132,0.0
795,-1,0.8622257936315132,0.0
795,0,1.3622257936315132,0.0
795,1,2.062225793631513,0.0
796,-2,-0.08641042510371943,0.0
796,-1,0.41358957489628057,0.0
796,0,0.9135895748962806,2.0
796,1,1.6135895748962805,2.0
797,-2,-0.9350519436910828,0.0
797,-1,-0.4350519436910828,0.0
797,0,0.06494805630891719,0.0
797,1,0.7649480563089173,0.0
798,-2,-1.2394348607727252,0.0
798,-1,-0.7394348607727252,0.0
798,0,-0.2394348607727253,0.0
798,1,0.4605651392272747,0.0
799,-2,0.37759590257018516,0.0
799,-1,0.8775959025701852,0.0
799,0,1.3775959025701852,2.0
799,1,2.0775959025701853,2.0
800,-2,-0.21047266727451774,0.0
800,-1,0.28952733272548226,0.0
800,0,0.7895273327254823,0.0
800,1,1.4895273327254823,0.0
