z_instrument,d_treated,y_outcome
1,1,3.1964273228605746
1,1,2.8640021054818074
1,1,2.1360067067235975
1,1,3.716224281476052
1,1,2.917082543683771
1,1,4.440687238739465
1,1,3.947674283111186
1,0,1.5869759011637714
0,0,2.123470940117573
1,1,3.7788181041430335
1,1,3.4171964923745177
1,1,5.208497205085802
1,1,3.8154607558349545
1,1,3.728811093977966
1,0,1.7676247596357921
0,0,1.4997454684739555
1,1,1.5766443787877156
1,0,-0.048014988546131676
1,0,1.4141390768752737
0,0,-0.6797526319610198
0,0,0.2124599353114633
0,0,1.4400285882023993
1,1,2.0590791757005724
0,1,1.611475566843467
1,1,2.8420345230717237
0,1,2.0943296365635753
0,0,-2.887643365583367
0,1,4.5124862704358915
0,0,2.0252848689176073
0,0,0.012271213476819698
1,0,-0.39978185811653777
0,0,-0.6389422759618086
1,1,2.8333445951028358
1,0,0.8144985219430169
1,1,0.5621444709186572
1,0,-0.18220050717251812
0,0,-1.384145396990489
0,1,4.34157788560054
0,1,3.810814250086424
0,0,1.1074545284570743
0,1,0.4505960995926921
1,1,2.7680016934247247
0,1,1.30269832596144
1,1,2.8682670200610705
0,0,0.33741893764934444
0,0,1.3667866973491034
1,0,0.9853995586222378
1,1,2.590415094080378
1,1,2.376099196785243
1,0,1.6908761774857348
0,0,0.509386033474089
0,1,-0.7373512006422025
0,0,0.5415904806037533
1,0,0.28820401578740773
0,1,1.416720232869597
0,1,2.711443175615048
1,1,1.8643392274708854
1,1,3.6081922403261917
1,1,3.0779982004409954
0,1,1.1274419384645609
0,0,0.9816889589815309
1,0,2.386540423293834
0,0,-0.7931909085420568
1,1,4.626831211092355
1,0,-0.8343018828342367
0,0,-0.03364616685531863
1,0,2.912015282679353
1,1,1.675598764186205
0,0,1.2256316139970687
1,0,-0.34212019801635385
0,0,-0.4421149598616626
0,0,0.42903402282023917
0,1,1.0917145074528332
0,0,2.857681682160102
0,0,-2.591783248808553
1,1,3.2423039623305216
0,0,0.9867071622379591
1,0,-1.891764005314577
0,0,1.661597437340722
1,1,4.580657409340286
1,1,2.3098321635207455
1,1,4.507906080463746
0,0,0.9136982175164652
0,0,-2.08992739889558
1,1,5.264107231937394
1,1,3.82347394733287
1,1,5.205192158398233
1,1,0.05893985820666803
0,1,1.7354099303644763
0,1,1.8958739973888503
0,0,0.6385127307244303
0,0,-0.9633831600026959
0,0,1.5309102197379565
1,1,2.2985023686918065
0,0,1.7707706341663512
0,0,-0.6741946502421731
0,0,1.3388240413558092
1,1,1.5295771011916166
0,0,1.1246355539990647
1,1,1.7281985040573309
1,1,3.9488647195686477
0,1,4.021596241761698
1,1,1.214862102218311
1,1,1.5170226361839239
0,1,2.4682826122639425
0,0,1.1888998178814898
0,0,0.11325219868718017
0,0,1.6485846197713985
1,1,2.111555362027941
0,1,2.130376478970902
0,1,2.0032290793541545
1,1,1.342897740592891
1,1,2.8533900822034077
0,1,2.0574828318050002
0,1,2.7239779293443362
0,1,1.295087090155828
1,0,1.3622931287760545
0,1,2.1807643350088384
1,1,2.3556501465587876
0,0,-2.4380861188620484
0,0,2.2921634547661123
0,0,0.20068554355512716
1,1,1.9389681196454165
1,1,-0.47324361046795427
0,1,3.207526135555302
1,1,2.298314750784529
0,1,1.615456003316883
0,1,2.6841244421424717
0,1,1.8387149562363891
0,1,1.8649509003518276
1,1,2.8763590300442026
0,1,1.8355943674827684
1,1,1.3289334439662326
1,1,-0.2813487371605399
1,1,1.7995527510920328
0,0,-0.9174000021311975
0,0,0.9264344330834716
1,0,-0.24438531236401065
1,1,1.1847022028556151
0,0,0.3180626202788797
1,1,1.1840214636758568
1,1,3.353397716993534
0,0,-0.5656519876684428
1,1,2.2980134942812103
0,0,1.0575403468250286
0,0,-1.370292009966712
0,1,3.121246547045929
1,0,2.3415924819135263
0,1,2.9590902073486296
0,0,-0.2548380518922667
1,0,0.041441714322484446
1,1,2.4325333738735835
1,1,-0.14914801765126673
1,1,1.511160846454173
1,1,2.1261290926828273
1,1,1.0873113781239763
0,0,-0.26614806216335707
1,1,2.8899857764555255
1,1,4.118746542426554
1,1,3.4699677690703457
1,1,1.9094799058763074
1,1,1.1332978223615664
0,1,-0.7059514448927149
1,0,-1.2214807189669457
0,1,3.544305118306596
1,1,1.3969976087542202
0,0,0.4701868149103232
0,1,1.107469867502728
1,1,0.551797026282014
1,1,3.345721843617068
0,0,0.6336663960164853
1,1,0.3913119486878758
0,0,1.1465159226941364
1,1,2.8501763679310814
0,1,3.7247357273241035
0,0,-1.5634237474239474
1,1,4.359853249923131
0,0,0.761038550404108
1,0,0.8056250794404205
0,0,-1.6522621756378142
0,0,-0.8348010941152719
1,1,5.533489041848275
0,0,-0.6550872706865987
1,1,1.8631092545769703
1,1,3.0401610158489065
0,0,-0.08984320066459933
1,0,0.8584077641800899
1,1,3.1080288963558016
0,1,0.21544199837839928
1,0,1.4876765787724302
1,0,-0.7708762566190757
0,1,2.1206948436625064
1,1,4.917921802489607
1,1,3.0053304711136075
1,0,-1.8682222137027011
1,1,3.193953173511987
0,1,4.0150332859073385
0,1,1.9718905733867715
0,0,0.26594458207317373
0,0,0.19348998704403314
0,1,2.857644722004411
1,1,2.264840508657285
0,1,3.28264387201237
1,1,2.1125466735712664
0,1,2.618052177908168
1,1,3.3097500474556165
0,0,0.210424271878503
1,0,-2.0447409818581406
0,0,-0.7356915496847901
0,0,-0.25246729015926017
0,0,1.437814110720933
1,0,0.34094656660225997
1,0,-1.4444795551738168
1,1,2.8347312570809695
1,1,3.163507038475944
1,1,4.150281625898724
1,1,2.8097791557374823
1,1,2.4758372028234605
1,1,4.320512632932452
1,1,2.9922519037375728
0,0,-1.9036013411076587
1,0,1.86052399556211
0,0,-0.39455266969311686
0,0,-0.4658177637249056
1,1,2.820607747819329
1,1,5.3775987766526985
1,1,5.0645024248774835
1,0,0.6196263505051984
1,1,3.01679583095084
0,0,3.016626590380246
0,1,2.2868438959725705
0,0,-0.32501835824585806
0,1,2.567352363746147
0,1,1.3455646062067448
1,1,0.12215269882652569
0,0,-1.6213496975451807
1,1,1.3219419256278446
1,1,3.8346607534450223
1,0,0.7824987157666878
0,0,-0.18655954141466033
1,1,2.8088883658555894
0,0,-0.5928875467402389
1,1,0.7810544382968082
0,0,-0.6981461203192423
0,0,1.0378084156284029
0,1,2.442303825649086
1,0,-1.5832255835401794
0,0,-2.7337503964334093
1,1,1.246238560187023
0,0,0.7540751089438151
0,0,-1.084100198477698
0,0,-1.4389258932991926
1,0,0.8774374598227921
0,0,0.7514403445172919
0,1,3.1420355043278754
1,1,1.9654309253860556
0,1,4.595496070010173
1,1,6.267108428813661
0,0,-1.0553806009156799
1,0,-1.3420706558686226
1,1,2.568932729625205
0,1,3.6227885502388473
0,1,2.575077037355288
0,0,-0.17310436972134002
1,0,-0.7137120411445588
1,1,2.8666618634018084
0,1,2.2120295219732413
0,0,-0.09786625517881031
1,0,-0.4910698565449305
1,1,3.4610172397898427
0,0,1.0320669374720381
0,0,1.241913254060541
0,0,-0.8152387522747354
0,0,1.448079890303889
0,0,-0.1885992596710141
0,0,-0.2536204236254085
0,1,2.636531219417783
0,0,-1.932539776460463
0,0,-0.35462683582223187
0,0,0.5579001182996199
1,1,2.4494551012232533
0,1,2.0023650650686564
0,0,0.06114537345157722
0,1,2.1132742180361537
1,0,2.5953812872674265
0,0,1.3147460718813169
0,0,-0.10504351891820085
1,0,0.525451849857201
1,0,0.1710235531424814
0,0,0.1628701472429519
0,0,-0.7420857852469305
1,0,-0.8062834527597916
1,1,3.3574702863834935
1,0,-0.6884526642554817
1,0,0.3622119862526797
1,1,3.015851711167634
1,1,4.270873457070666
1,1,4.687525608572679
0,1,3.8781512662562836
1,1,3.264079402916413
1,0,0.9225237088846402
0,0,0.4910301083459067
1,1,1.1783274554116225
1,0,2.976310340089543
0,0,1.8516506614340442
1,1,3.4926079862086477
1,0,0.5955018247562851
0,0,0.6587173364767601
1,1,2.150224549520227
0,1,1.9208953989994544
1,1,4.455549428096855
0,0,-3.800509314427269
0,0,1.8141157988176184
1,0,0.5603399464079091
0,0,-3.887566024841587
1,0,-0.2899846661656217
1,1,1.61729493240908
1,1,2.1722471338692935
0,0,-0.3104099733137655
1,0,0.7362572854286114
0,0,-3.0077118241295215
1,1,3.2212248839442945
0,1,2.679665432786276
0,1,1.3605503102053569
0,0,-1.2885185774549544
1,0,1.090843135641527
1,0,-0.6135079482634412
0,0,-0.07879117168763283
0,0,-0.4985818116851771
0,1,1.3406792865773483
0,0,-1.2244528081070825
1,0,0.648917199131704
0,0,0.07987016222617573
0,1,2.181092659214408
1,1,3.9056484728768117
0,0,2.2514178706346204
0,1,2.6195994476117344
1,1,5.035499568546997
0,0,1.2373965990473599
1,1,1.7557005420511258
0,0,0.16199504914861862
1,0,-1.6557126279186716
1,1,4.148173164304177
0,0,-1.7119591997278218
0,0,-0.8933574485039812
1,0,-1.0248945518226042
0,0,-0.5533007124865552
0,0,-0.43372603536368803
1,1,3.8911769392989948
0,0,1.99175937709889
0,0,1.677265021238478
1,1,1.190812890918142
1,1,1.8252403943132143
0,1,3.190858323642961
1,1,3.8036428858266427
1,1,4.231620922395051
0,0,-0.0630008406366794
0,1,2.012434297840447
1,1,2.4736752902399464
1,1,3.2421905663112103
1,0,1.402798072197757
1,1,1.982214675393676
1,1,4.5227632062745196
1,1,1.5795931148134996
1,0,0.20365074259156457
1,1,5.427255541145173
1,1,1.9204228814342836
0,0,0.9011665413148615
0,0,2.117099837463607
0,1,-0.23280973394673632
0,0,0.017121859609027734
1,1,2.023806108121165
0,0,-0.551631104800106
1,0,1.3758235976592816
0,0,-0.658731094219805
1,1,2.975422086137268
0,0,-0.7295097483113286
0,1,1.8754649486106163
0,0,0.91442742006642
0,0,-1.2777809591858935
0,1,1.973583910520252
1,1,1.9815773852153116
1,0,-0.4020806822651736
0,0,-1.9342627979456286
0,0,-0.8492175061635164
1,1,3.0158089962730585
1,1,3.211999497860547
1,0,-0.8435078634004342
1,0,1.9342139131979228
1,0,0.8233401870705019
0,1,1.7345985683914673
0,1,2.078418509097424
1,1,1.8660818997162585
1,1,0.8488780596904235
0,0,-1.1170085551476192
0,1,5.687554776581801
1,1,3.851137971017635
1,1,4.026793995510346
0,0,0.6594938100971848
0,0,1.370097596678933
1,1,3.4356169797661162
0,1,-0.16115677234457393
1,0,0.7886123052041032
1,1,3.25213457075454
0,0,0.3191994400347853
1,0,-0.27780772655433195
0,0,-1.0120394614590835
1,1,1.6768026195382422
1,0,1.2291976848230837
1,1,-1.0196437370449054
0,1,2.144210237903863
0,0,1.5408244442736552
0,1,4.461872249907116
0,0,-0.00872263719448646
1,1,2.0753203572312224
1,1,4.30364432139154
1,1,2.7893083009383792
1,1,4.051472721705962
1,1,3.8907112302777724
0,0,1.59108082880745
0,0,-1.5422414716817043
1,1,2.9458160733550756
0,1,3.5454791642708408
1,1,3.136870669029109
0,1,2.2712629633745918
1,0,0.282636565474004
0,0,-1.1680788662111659
1,0,-1.4349822601188726
0,0,0.5596897710410984
1,0,-0.11633918919519526
0,0,-0.039006060692907185
1,1,3.4109104291432737
1,1,3.846524297661475
1,1,4.546053115830085
1,1,0.9959429619316105
1,1,1.6841487666843888
0,1,0.7814380242786356
1,1,1.288554442873317
1,1,2.957459528050823
1,0,-0.4804580207293634
0,0,1.0070964140700611
0,0,-3.6272851851233163
1,0,0.6910190920555499
1,1,1.9997752304276324
0,0,1.1694780660853117
0,1,2.420452448244567
1,1,3.0532367129992837
0,1,2.4646946392531364
0,1,2.6120741192626085
1,0,0.06354304360856977
1,1,2.2329161138159326
0,0,-0.7261223054802479
0,0,-0.8006976813721356
0,0,-1.7735864581502787
0,0,1.7272823201458276
0,0,2.22687362236356
1,1,2.975228965050621
0,1,0.4518228211852485
1,1,1.4140153129372655
1,1,1.1319944674203442
1,1,3.1395049722601276
0,1,3.8533587193376633
1,1,3.6431241865736377
1,1,3.719353614122948
0,0,-0.8280845574383764
1,0,0.5657296653525812
1,1,4.45924328584648
1,1,1.704181390507035
1,0,-0.5965918657683071
1,0,-0.3660301790590015
1,1,3.1553996137015656
0,1,1.4492050953396878
1,1,4.706811482894036
1,1,4.675441562615984
0,0,0.0884923304428355
0,0,-0.14945734960443202
1,1,3.423883940775456
1,1,2.1810193775492923
0,0,-0.7359426665079323
1,1,2.4053129438753142
1,1,3.722634546291316
1,1,3.761586404748097
1,0,-0.6378927615237496
0,0,1.2035129315545254
1,1,1.6857645530268073
1,1,2.3677809900996074
1,0,0.6237290140037381
0,0,-2.0588772095847716
1,0,-0.3904909304080294
1,1,4.829058883271909
1,1,2.9876685544480397
1,1,3.3898810025018333
1,1,2.4829496512266642
0,0,0.5360623893881216
1,1,3.179751439378522
1,0,0.8098122705731634
1,1,3.061690482284695
1,1,2.148358540032253
1,1,4.013381266454242
1,1,1.4630491775275574
1,1,0.5797306945529257
0,0,-0.9326035162690491
0,0,-0.0701324068560697
1,1,2.717535360972385
1,0,-1.5469558592382504
1,0,-0.8244095874552404
1,1,1.863512324288845
0,0,-0.8220923758897303
0,0,3.779365728631147
1,1,2.8055504574169454
1,1,3.1467389226273714
1,0,0.3369358018606925
0,0,1.093906290592797
0,1,1.1710052733444667
1,0,1.5597163170978654
0,0,-0.2921571056323659
1,1,5.121107403505251
1,1,1.0281011794723018
1,1,1.9987397404651985
0,1,1.8642366172300155
1,1,0.8851504579503406
1,1,0.7652810866218487
1,1,3.1091836561939283
1,1,1.5378467774611964
1,1,1.9899401911998507
0,0,0.9381851727802287
1,1,4.0127753411279965
0,1,4.323405771397138
1,1,2.424455251097921
1,1,2.7924743839706183
1,1,2.800797983180792
0,1,0.566206806065992
0,0,-0.6407954246593544
1,0,2.7717382999279447
0,0,-0.7917409267238679
0,0,1.2542950292058228
1,1,3.9388911714476196
1,1,3.486812631170282
1,1,3.64965124251503
1,1,2.612639389347102
0,1,3.6726106535257803
1,0,0.9476167342383734
1,1,3.4132309196385937
1,0,0.07615211956588769
0,0,-1.0976901371675543
0,0,3.0734548318980854
0,0,-0.03786992167103331
0,0,0.45542378413814844
1,1,1.7523835577421925
0,0,-0.5058791098436917
0,0,-0.16582803659239942
0,0,1.4622404000402636
0,1,2.918150970178084
0,1,1.2209599416577541
0,1,1.341919695157886
1,0,-1.5278989633093165
1,1,0.2005521885306818
0,0,1.750767204380946
1,1,3.5135292421223308
0,1,1.8925464963745198
0,0,1.2139519268176053
1,0,1.216829363622192
0,0,-1.3052074568240895
0,0,-1.6428060999754455
0,1,3.192319160444417
0,1,3.097997503471502
1,0,0.9099165774149416
0,0,2.368795628633076
0,1,0.33901376161451935
0,1,2.1749938461076965
1,1,2.9416346583019655
0,0,0.13769071586758863
0,1,1.710447210341959
0,0,-0.16576321705160246
1,1,3.671087247952969
0,0,-0.5090804095349859
0,0,1.3798477027822031
0,0,1.0129161823100976
0,0,-1.690989355098271
0,0,0.44687969821008877
0,0,-0.042836152719461285
0,0,0.1794572076878262
0,1,1.810253560698072
0,0,-1.2659134992928593
0,1,2.99990829173794
0,0,1.547222757806541
0,0,2.00544332580329
0,0,-0.28470125108831523
1,1,2.255754265280019
1,1,3.3670215564073214
1,1,1.5019685791497062
0,0,1.3024110573412608
1,0,0.7245983869611181
1,1,1.2947957859756027
1,0,2.0516308882991896
0,0,-1.7667756815777178
1,1,2.739120053367225
0,0,0.6659073839644061
1,0,0.9037779832878897
0,0,-0.08585786343605695
1,0,-0.6704459930265628
1,1,1.4364398239763874
1,1,2.356644716290716
1,1,4.509404985505206
0,0,-0.3894038268093962
1,0,-2.0062147711286134
1,1,5.415756601363638
1,1,1.0803392517014108
1,0,0.8071771204219075
1,1,2.8283631452866658
0,0,0.45705573078947775
1,1,4.824303380699898
1,1,-0.16500152860337125
1,0,1.2312126093118985
0,0,1.0985741864885765
1,1,3.229028698131371
1,1,3.4507985849450917
0,0,-0.6584600681295398
0,0,1.1553115394041311
1,1,2.2949937660424893
0,1,2.2410388325876145
0,0,1.7610635331675533
0,0,-2.004855009195256
1,1,2.759961967700391
1,1,3.8688633389763907
1,0,2.368834354016971
1,1,2.9646952827766375
0,1,2.691748379540902
0,0,-1.5109863009235607
0,0,2.706832545428903
0,0,-0.9277024312421817
0,1,3.1410507327179733
0,0,0.3917955467334613
0,0,-0.3140534052735162
0,0,-0.8674899963743217
0,1,4.97355192527643
0,1,3.5446641237034036
0,1,4.087094836069553
1,1,3.9864160018933754
1,1,2.8200938265570135
1,1,1.0541692455728982
1,1,2.4100577101961562
0,0,-1.5655284433167396
1,0,1.551730402224321
1,0,-0.8617109527078433
0,1,1.465645269665763
0,1,3.534483706688337
0,1,1.7680759805281627
1,1,1.064954187162095
1,1,3.705619145352257
1,1,1.4815725803210882
1,0,2.2126636340914443
0,1,1.7098035620583467
1,1,1.105597194689311
1,1,2.393974754805264
1,1,3.9685453274290152
0,0,1.4308952077941688
0,1,4.467672675198804
0,1,1.2650679193451575
1,0,-1.1185617088302118
1,1,2.140027021668293
1,1,0.8861427645689546
1,1,2.3019370505700016
1,1,2.2380270721555395
1,1,0.7585538692009519
1,0,-1.4374038027833889
0,1,3.890101540532137
0,1,2.029926368633724
0,1,0.6147779419273754
0,0,1.0884824302783178
1,0,1.219889624485171
1,1,0.8792122428641205
1,1,2.696926268026154
0,1,2.6196032170199826
0,0,-1.2431242314350257
0,1,5.040149460100326
1,1,5.535825233024036
0,0,0.9257356371556844
0,0,0.12373734709587403
0,0,-2.4444746534032316
1,1,4.052195993691429
1,1,1.9907739085928242
0,0,-0.7649145364248383
0,0,-0.3748977944878361
0,0,-1.8961837269963102
0,1,0.895562988835068
1,1,3.45075886994551
1,1,0.2740478152560768
1,0,0.4308624191361191
1,1,0.5645402051357296
1,0,-0.2415971631200139
1,1,2.3442164115089605
0,0,1.334180527935945
0,0,-0.42874850838075074
1,0,1.769366208381423
1,1,0.6819132735553077
1,0,1.9345900542441181
1,1,2.684356819534203
1,1,2.574707041465002
0,0,-0.881241833187147
0,0,-0.5303051804640866
0,0,1.4114086227114266
1,1,2.6495119814115022
1,1,3.405222922599494
1,1,0.7895309415297629
0,0,-2.406773201411064
1,1,2.7624471873378518
0,1,3.6398023613642434
0,1,2.9220889860388484
1,0,0.6439849742906955
0,1,2.134644307100587
1,1,2.6003909449718465
0,1,2.391282269817234
1,0,2.918637511606419
1,0,-0.48016855936209757
1,1,0.5895226114863972
0,0,-0.5717897498196005
1,1,3.841717513414077
1,1,1.6193341429802177
0,0,-0.21584155156779194
1,1,2.182556104373515
0,1,1.6768069092196904
0,0,0.018302432169098104
1,1,6.140994594031664
0,1,3.81841336303316
0,0,1.4300697185737703
1,1,1.0166479371250134
0,1,2.8790402664801555
0,1,3.292745597516059
1,1,1.6577962693386108
1,0,-0.2823358252157404
1,1,1.8448797387978653
1,1,3.475777045909005
1,1,3.236545235590968
1,0,-1.088016879404693
0,0,0.27167196836894547
1,1,2.897516146185122
0,0,0.26988864889790654
1,0,1.1890242254842063
0,0,-1.3051557366833817
1,0,-1.867669207238409
1,1,1.8745341884344775
0,0,1.041447306867553
0,0,-0.271642240387332
1,1,1.7215122610383855
0,0,0.5269416958500566
1,1,3.555960191469216
1,1,2.4373038193311967
0,1,1.6769158686060366
1,1,3.2581569744473753
1,1,1.4915118342962121
1,1,1.167367215219626
0,1,3.678780740541086
1,1,6.54036412690934
0,0,1.569015250803944
0,1,2.789629759276429
0,0,0.7286435887403278
0,0,-2.6852405856258708
0,1,2.2778342747546327
1,1,3.2281978754078695
1,1,2.8957891755248992
1,1,0.8352199779238587
1,1,5.541475581121639
0,0,-1.5010990148260244
0,1,2.0837506576053277
0,0,-0.27915831844049477
1,1,4.244885288842542
1,0,-0.9196184954169087
0,0,2.473304685549458
0,1,1.5012859360112543
1,1,5.081195750768188
1,0,-0.5553175270105664
0,1,0.8447582188925523
1,1,3.7951214483827327
1,1,3.2762788692048135
1,0,1.1383890508298067
0,0,0.8857628863001311
0,1,1.9532936074772125
1,1,3.1267863927512334
0,1,4.766378007948482
0,0,1.158200711970901
0,0,0.8349751713864857
1,1,1.2417152758981418
1,1,2.0588452261539225
1,1,4.054884519441457
0,0,2.3235556250436282
0,0,0.5870548385139295
0,1,1.9336213065970849
1,1,2.995944326051082
1,1,5.681513619411373
0,0,1.3005179496868429
0,0,0.7932820031753396
0,1,2.678156905285092
0,0,-1.34063762311659
1,1,0.6667793655209961
0,1,2.0147492193920775
1,1,4.0591308389686755
0,1,0.8341260758465774
1,0,1.467177350905854
1,0,0.2323342801057151
0,0,-0.617273202655909
0,1,2.4821078722133283
0,0,-1.1740627513202266
0,0,0.009732238304246632
1,1,1.374415686185354
1,1,1.7728096164770983
1,1,2.734480601613885
0,0,-1.9020547871754891
1,1,1.588088624110351
0,1,0.9213327881924238
0,0,-0.9450143319781672
0,0,0.18418782225585528
0,0,-2.7413310254291314
0,0,-2.082859675474629
0,0,-1.0683407816197383
1,1,3.4083064766592033
0,0,0.23950524425523023
1,0,-2.5726425202211445
1,1,0.5103974949491774
0,1,3.6663188846004493
0,0,-0.10825878602662173
1,0,-0.8004793169809805
0,1,0.9232525149040653
0,1,-0.4925437460324451
0,0,2.8546243315909297
0,0,0.702807044196917
0,1,0.33710370864799244
0,0,0.04630023925039933
1,0,-0.547948354048318
0,0,0.6219034813660506
1,1,3.735301826303498
0,0,-0.6256032749564016
1,1,2.5169992070073874
0,0,1.1738881531971228
0,1,0.5753039574649983
1,1,3.1055261648217076
0,0,1.8328153645916898
1,1,1.5626756583708377
0,1,3.596714814062918
1,1,2.413734060864008
0,0,0.28772715915518254
1,1,0.6065238976351426
1,1,6.063709155917229
0,1,1.4526653594585912
0,0,2.8689113103443518
0,0,-0.3244557663347591
0,0,1.5999526432164237
0,1,1.68440455006725
1,1,3.085239880685383
0,1,2.6442123567899385
1,1,1.3774590906929471
0,1,3.8351153628119654
1,1,2.972772998692361
0,0,0.3198254727454403
0,1,-0.21661053874867564
1,1,3.435461184940468
1,0,0.3299694790909109
1,1,3.3334009957218522
0,0,-0.2010993602216291
0,0,-1.9404727760859544
1,1,1.279281763823455
0,1,1.7163051804351945
0,1,1.4694611525448797
0,1,2.2777192383922156
0,0,-2.8854737491653673
1,1,0.9857887141377364
1,1,2.6917889530390413
0,0,-0.1660402407176107
0,1,1.749715376137162
0,0,-0.8845777009848794
0,1,1.712125608218755
1,1,3.0069684222001825
0,1,4.9422195469498025
1,1,3.1785484292696577
0,1,1.889889372002386
0,0,1.787238507489594
1,0,-0.33238219022873694
1,1,3.107834897084461
0,0,0.24993629123586486
0,1,0.7745874314947304
0,1,1.561133030991471
0,1,0.19622343989606117
0,0,1.1427957566088298
1,1,3.143443009396027
0,0,1.4269248833930694
0,0,2.5933037807723487
0,0,-0.7761273793969552
0,0,-0.3410482186702224
1,1,5.457754145190148
1,1,1.8564923685040502
0,0,1.7529387175150466
0,0,-0.6119538592658735
1,1,1.2513789635893786
1,1,0.8117771519168394
1,1,4.220360553120872
0,1,2.0925351520486957
1,1,2.6768488663185144
0,0,0.9924869394638396
0,1,4.310306172981008
0,0,-1.2229618350156946
1,0,0.23763590708149007
1,0,1.2181231534833528
1,0,-0.2571105051714334
1,0,1.2080190560117015
1,1,3.3837480619534963
0,1,0.9793165896957565
0,1,3.1363864692832144
1,0,-0.9249565967038741
1,1,1.638319393036704
0,1,0.6573062596115071
1,1,2.220297918574185
1,1,2.9109767779637483
1,0,-0.41256125505493124
0,0,0.30502458947028455
0,0,0.8081092868816518
0,0,0.8585888452583537
0,0,3.0132871508286945
1,1,0.8216020065518626
1,1,2.921300259784927
0,0,1.2413428412405452
1,1,1.51682951520521
0,1,1.7366698930586284
0,0,1.0843448448556947
1,1,5.011184780881963
1,1,3.715814387314566
1,1,2.0131968376452702
0,0,0.26023449956844424
0,0,-1.631975608904599
1,0,0.44248522301163656
0,0,2.2369636539610314
0,0,-0.712883437328254
1,1,1.9938989702930436
0,1,3.7728270919198326
1,1,2.836484063614492
0,0,0.7287350399828769
1,1,3.276909016214125
0,0,-0.8985202013236409
0,1,2.228687586107002
1,1,1.151554512341527
1,1,3.40547597487123
1,1,2.881063398338717
0,0,-0.06303378514118996
1,1,3.305028956073295
1,1,3.4012882409771175
0,0,-0.6795225470062418
0,0,1.3788939309615116
1,1,1.4910738170326636
1,0,-1.0290266735000473
0,0,1.0119220832777884
0,0,1.3399167039683038
0,0,0.5887733973854143
0,1,4.259779203468606
1,1,2.9641843932012697
0,0,-0.7869010781991703
1,0,-0.7633857052618189
0,1,2.661358715921748
1,1,1.4771717792057448
1,0,0.013711265904054581
0,1,1.0640008471734337
1,1,2.983175772940776
1,0,0.6446462761538869
0,0,0.08836712192001017
1,1,2.701424274584653
0,0,0.11090657007129745
1,0,0.5141269985618427
0,0,-1.8800863082357682
1,0,1.146666467856797
0,1,3.9498358130558064
0,0,0.1964230249282426
0,1,2.1434879714816635
1,1,3.9279990960734867
1,0,0.5523551130467222
0,0,0.6325874392938218
0,0,-1.7665875992399793
0,1,1.2053769170756155
0,0,0.5067657352204961
0,0,-0.31316388614976265
0,1,2.119895441217155
0,0,1.5067193924197775
0,1,2.7653800043182533
0,0,-0.4862221962906833
1,1,3.0083519252804933
1,1,3.5479030230245687
0,1,2.6787324244046546
0,0,0.5532649011319013
1,0,0.5108773156588087
0,0,-0.055309690810585566
0,1,-0.5999567276775379
0,1,1.2289157799430594
0,0,0.8964684677459313
1,1,2.416571740281733
0,0,0.06573919176005194
0,0,1.2290046334131273
1,1,4.109690586678084
0,1,3.0349528153991194
1,1,3.53405624831859
1,1,1.9528924078698902
0,1,2.7092720823091354
0,1,2.917282857721514
0,1,1.1996931254015126
1,1,0.8502728342979382
0,1,3.2286850763626633
0,0,0.8399465726643418
1,0,0.8380510503278602
0,0,1.825194806617946
0,1,2.3721882280584916
1,0,-1.4767320570001503
0,1,0.28874161644309204
0,0,-0.43285345506494044
0,0,-1.4209965431615192
1,1,1.9270967645118402
0,0,-2.5204463677739684
0,0,0.8177836031541875
0,0,0.8548663802672128
0,1,3.1364207818711316
0,0,-0.8386898822141823
0,1,1.3569711524206087
1,0,0.0917753996081876
1,1,3.798563985326135
0,1,2.652791309435484
0,0,0.6849296128404394
1,1,2.4310614592493955
0,0,-2.00995778116741
0,0,1.6741804594457546
1,1,3.036419385209844
0,0,1.776575136968635
1,1,2.5783317988867225
1,1,3.7394266529342604
0,1,2.9901094708468032
0,0,-0.5860226334419664
0,0,-0.2266562696034704
1,1,4.374262303788576
1,1,2.8215473936287525
1,1,0.40316113741655446
1,0,2.793280265589694
1,1,1.0324916270625402
0,1,1.9112051022909984
0,0,-0.31485731014825286
0,1,2.746335603615784
1,1,1.41992277431479
0,1,3.8011475722546164
0,0,-0.5429617137504426
0,0,0.7028810018811547
0,0,0.7261967726827797
0,1,2.135941917997865
1,1,2.7843945090935787
0,0,1.013445710371131
1,1,7.10845167740392
0,1,2.4750393795655725
1,1,1.948450448462399
1,1,2.786233359482196
0,0,1.7253713820507484
1,1,1.4615425983293218
0,1,3.103534473594686
0,0,1.01084353488605
0,0,-0.6112045610473987
0,0,1.1824022117896547
0,0,-0.37116879270856856
0,0,0.5643472841418693
0,1,3.1515319139346554
1,1,2.5974795900801375
1,0,-0.9286076104144062
1,0,0.3401064218127049
0,0,0.0534817005528222
1,1,0.09633697954852627
0,0,1.1791654757718453
1,1,4.093798210240287
0,1,3.0544191622327497
1,1,0.22642534057307184
1,0,0.07418247653249321
0,1,2.664543883730534
1,1,2.04087979717038
1,1,-0.35240380937593474
1,1,1.2517491900862918
1,1,2.833757823456863
1,1,2.225938383173683
1,0,-1.1315984853044783
1,0,1.1774380934262294
1,1,3.2630613717773667
0,0,-1.0866002432378217
0,0,-3.3030896912414516
0,1,3.2183195522399464
1,1,3.078227239054108
1,0,2.6383459383485897
0,1,0.3859711611297876
1,0,1.8894883413617447
1,1,4.314845454649056
0,0,-3.5730790839650703
0,1,2.4887676387655757
1,1,0.6653478841775531
1,1,1.1230646966974318
1,1,4.016414664569327
0,0,-1.6473801528471281
0,1,1.1952890846091107
1,1,0.9717176263897344
1,1,0.7595041498268967
0,0,1.5106457001354907
1,0,2.6521912980438844
0,0,0.41567977989227656
0,0,1.0482089191029806
0,0,0.04244191442460388
0,1,2.68049204404939
1,1,1.7794874622048376
1,1,3.1654287831831587
0,0,0.5202895156134753
0,0,-2.71017520182379
0,1,2.407174375121814
1,1,3.5839513002567047
1,1,1.4457781776171652
0,1,1.7693675819520254
1,0,-0.03965643790130596
0,0,-0.054565990253957086
0,0,0.5184396365491254
0,0,1.4863308091502494
1,1,1.6085623627608987
0,1,1.7500871229440778
0,0,-0.8313515589139834
0,1,2.3494612887872774
1,1,2.9022949519049988
1,1,1.3101508786511638
1,1,3.5102752130668784
0,0,-0.6147084631200448
1,1,2.5683343261594804
1,1,2.8471939224642684
1,1,3.9551185755590437
0,0,0.05149253389987973
0,0,2.6710884135838553
1,0,0.9035165600110324
0,0,-1.7023540601664457
0,0,-0.6123386726160022
0,0,1.664533019379384
0,1,0.9848656147036445
0,1,0.6400092503084918
1,1,1.651061247453087
0,0,0.0007405290010676913
0,0,-0.20933106488537534
1,1,3.058242187339806
0,1,2.3280662061679656
0,1,2.263663028134646
0,1,2.726768482751945
0,0,-0.9238508985686567
1,1,2.4734236472353928
1,0,1.579160074557791
0,0,-0.9825013503336104
1,0,-1.8634410659111662
1,0,0.7092186402197693
1,1,3.268590875316799
1,1,3.099155389827967
1,1,3.2017586698924436
1,1,3.3487928755788374
0,0,0.371187889992925
0,0,2.124176950269182
0,1,2.432742723967452
0,1,1.8278514772953485
1,0,-0.8956859741238108
1,1,1.7167985449159162
0,0,0.05359202505742433
0,1,2.6938775759196956
0,0,-0.12140533580634938
0,1,-0.1718346431429456
0,1,0.8814909468611818
0,1,2.612613502688899
1,1,2.993118157764057
1,1,3.6111623156203483
1,1,2.517797921977382
0,0,0.5055055852824909
0,0,-0.21943173747096179
0,0,-1.6322586271097665
1,1,3.015125550610061
0,1,-0.22011623284764337
1,0,0.2692449424705319
0,0,0.2038719154194495
1,0,0.3608664125005119
1,1,1.0477109169427157
0,1,3.633122859770056
1,0,0.5343463825298704
0,0,0.7099266842386558
1,1,2.5040852259369606
1,0,0.7537956967717813
0,0,2.225733526983057
0,0,-2.2713395279508415
1,1,5.6327993650866786
0,0,1.6494731151134725
1,1,0.846138961212231
1,1,2.869674009406066
0,1,4.323010002591552
1,1,1.763857529347686
1,0,1.5902032149739744
0,0,0.42403260660349174
0,0,0.02229493916160452
0,1,5.158900377694775
0,1,1.1661924403243313
0,0,1.1082439771519792
0,1,2.9173929976948303
0,0,-0.28566387777472657
0,0,0.14295885061605162
0,0,-1.1296677606867858
1,1,1.7903519263370093
1,1,1.5822056258377308
1,0,1.1751388278179498
1,1,4.548837194861023
1,1,5.00493950165494
0,0,1.538242023175587
1,0,1.3684899369632655
0,0,3.5717858649214556
0,0,-1.877324880104645
0,0,2.3144425892758753
1,1,1.5124502183461148
1,0,0.0893717228785057
1,0,-1.1687338690639997
1,1,1.6241562537289294
0,0,3.5521158660484824
1,1,3.0846547825034367
0,0,0.8685133709443855
0,0,-2.0294756304055133
1,0,2.6504665400646426
1,1,0.18632507226146022
0,1,2.223271908430423
1,1,3.708194843894301
1,1,4.085049939418688
0,0,0.04558228427850813
1,1,5.0783137597534775
1,1,2.9834676061370806
1,1,2.82948118511486
1,0,0.6948242748596481
0,0,-0.6201037933769536
0,1,2.276351422994531
0,0,0.745920722773476
0,0,-0.5437657622890714
1,0,1.5883565734744336
1,0,1.9383185131368441
1,1,1.1009522396062323
1,0,0.5745444492155107
0,0,-0.06524989363191647
0,1,1.4842403265403867
0,0,-1.558302381080243
1,0,0.8080463450045657
0,0,-0.5128505753411792
0,1,4.451672288329849
0,1,3.273486986163621
1,1,5.300451009032936
1,0,0.919136714464329
1,1,0.7453933976402015
0,0,-0.35245834128390574
1,0,-0.28274923556750553
0,0,0.39862638106775833
1,1,2.5935989143101397
0,1,-0.38116103153082204
1,1,3.731311685018981
1,1,1.8056289812715023
0,1,0.6362583722516564
1,0,0.9126763824131107
1,0,0.15003419812952923
1,1,3.105880184128168
0,0,-1.1150258308815166
1,1,2.108033923764518
0,0,-0.41415020276811004
0,1,2.6111562506206534
0,1,1.1300319393303548
1,1,3.3701416718685735
0,1,3.519760703782102
0,0,1.9714747864807598
0,0,0.40967475310391627
1,1,1.3673033232301885
0,1,2.563953307125445
1,0,0.03916922949878032
1,0,0.7102153897595893
0,1,2.4070313850486746
1,1,2.3860335616027317
1,0,-0.8463830033048371
0,0,2.3153401823220956
0,1,1.1318546459809482
0,1,2.9431740733453857
0,1,2.730869652930293
1,1,2.4428233421014545
0,0,0.18626641640958286
0,1,1.6300313956345267
1,1,1.9585656782519463
0,0,-0.758736210183138
0,0,-0.7114173291516234
1,0,0.9838080901413954
0,1,0.5576881351226393
1,1,2.4498542987578182
1,1,-0.2901757434336014
0,0,3.0000469618048156
1,0,0.14679839687985693
1,1,2.7981988665151514
1,1,3.851913309032462
1,1,2.4190397634880423
0,1,3.5005685607094064
0,0,3.1056963219251372
1,0,0.35462587739646273
0,0,0.0654070112457591
0,1,1.7614563495294737
1,1,3.96853976007486
0,0,-1.060184521013655
0,0,2.6713530260471883
1,0,1.2314030281721862
1,0,-1.7753788452145947
1,1,1.8900182619586152
1,1,3.8130525034567917
0,0,0.37151595486361005
1,1,4.217919659151377
0,0,2.3326189156262496
0,0,1.109841732997647
0,1,2.4244599396836914
0,0,-0.8057962170121564
1,1,3.412186922438363
1,1,2.1844826574563436
1,0,1.8347654020660586
1,1,2.3676651640705426
1,1,1.185594494293651
1,1,3.2950221323376843
1,1,1.98266595880309
0,0,1.141819886654956
1,0,1.4017671855973257
0,1,2.896144151722554
0,1,1.7367706256852515
1,0,-2.108898517917715
0,0,0.7780847228148313
1,1,1.4112439724092125
0,0,1.0264867812472187
0,0,-1.3305235765665695
1,1,2.922262377893784
0,1,3.1179036185489912
1,1,2.736963846779754
1,0,1.279516468995637
0,0,0.22887490792064097
1,1,4.69927178443749
0,1,-0.102512689441419
1,1,3.5655739126844193
0,1,4.069423876272549
1,1,3.5769442039246013
1,1,3.8495636161105766
1,1,1.6734652903905816
0,0,0.4047685797275292
0,1,2.801821911671129
0,1,3.8950095839776457
1,1,0.03852260868021573
1,1,1.8699782622666685
1,1,5.254166797651081
0,0,1.6179166931862228
1,1,4.126815669541398
1,1,4.649339885143708
1,1,3.009173049677865
0,0,0.4936967514485645
1,1,6.583096171153169
1,0,2.1049048142441507
1,1,1.475333189295434
1,1,6.157403487018623
1,0,1.0582520944469977
0,0,-3.4619629866783654
0,0,-0.38433744487260124
0,0,1.1699065354215983
1,0,0.21135899500160105
0,0,0.34431824200883376
1,1,4.863700698242608
0,0,2.189130005623056
0,0,-0.6036195428530076
0,0,0.8647354438280094
0,0,-1.1068317944406714
0,0,0.8515556640900135
0,1,2.785008949667934
0,0,-0.4406370251120253
1,0,2.712598835180919
1,0,2.9886015585029906
0,0,0.45529542529056305
0,0,0.28167420838151436
1,1,1.4789121008291202
1,0,1.429244931225438
0,1,0.980936396273961
0,0,1.157290956585741
1,1,3.246286377454235
0,0,-1.5103246284977407
1,1,1.8650278901710102
0,0,0.0618467381035826
1,1,2.791716505989067
1,1,1.488920864019347
1,1,0.41260672993245895
0,0,-1.6000174553455033
1,1,4.421835728880783
0,0,1.000562553692667
0,1,1.996602165956069
1,0,0.9344016321372499
1,0,-2.0762326604557177
1,0,1.914473873883308
1,1,3.304473611024874
0,0,0.6424305935711854
0,0,-0.20965916561897507
1,1,1.8504029722112931
0,1,2.4247582887375776
1,1,4.916191179357109
0,0,0.7867872531820186
0,1,4.104134036924906
0,0,-0.9236225075076216
0,0,0.674239701123966
1,0,-0.5081083315324746
1,1,2.9011970869050234
1,1,3.739166667558455
1,1,3.6563792958620924
1,1,2.108432019713495
0,1,3.383341118469594
0,0,-2.2747797190410237
0,0,0.5676767803324727
0,0,-1.657182292157754
1,1,0.1832537216572332
1,0,-0.03925831826074616
1,1,2.2122420348720633
0,1,4.160410048316812
0,1,3.5942732819933942
0,1,4.4471220554816995
1,1,4.4159646713321115
1,1,1.4469337718797695
1,1,5.46013323087352
0,0,-1.654749314732864
1,0,-0.05822558361746899
1,1,5.019060278623197
0,0,-0.05345324146045638
1,1,3.522941825007042
0,0,-0.868732028910159
0,0,0.4759876338379374
1,0,2.596513333863104
0,1,2.6189552751192746
0,1,3.896329970026107
0,0,-1.528387398242777
0,0,-0.5189105390540656
1,0,2.134821755497753
1,1,2.6520132218798107
0,0,0.25631062228074786
0,1,0.6852336546317996
0,0,-2.300369763645645
1,1,4.816099864769916
1,1,3.2025834861673164
1,1,2.312564574072845
1,1,3.6724404638407013
1,1,2.0993361653521836
0,0,-0.8868891924807221
0,1,1.5369100771700446
1,0,0.6870841570864481
1,1,1.6056829737992906
1,0,1.5388474332880566
1,0,-0.40831766066286146
0,1,3.322806302300304
0,0,-0.7540147649538369
1,1,1.8399012279071154
0,0,-0.5494707033374235
0,0,1.637953086788583
0,0,-1.8523400091415818
0,0,-0.44676984708047024
1,1,2.0386371980406626
0,1,3.798397909512084
0,0,0.0941709464331548
1,1,3.625936321646302
0,1,2.4288185966125244
1,1,4.853553311481033
1,1,2.534949643624741
0,0,0.6933382501904277
1,1,-1.0637984823687865
1,0,0.08625793097965881
0,0,0.5521872219894739
1,1,-0.3411009268024803
0,0,-0.9658868842909345
0,1,2.1579984051871706
0,1,2.5696891374620225
1,0,1.4141445633906615
0,1,3.1245560312843845
1,0,2.0029718249355306
1,1,4.231063893882564
1,1,2.7593576004185083
1,0,0.739073676341927
1,1,5.551323517795128
1,1,4.86348956849832
0,0,-1.244176523465244
1,1,3.6737453400848583
1,1,2.4574908540901585
1,1,3.6225047652462057
1,1,4.691373446307077
0,0,1.5453848831933323
0,1,3.816547367223939
0,0,-0.274483051705806
1,0,0.43567649296641714
0,1,2.6550881557116153
0,0,0.7865648008972543
1,1,2.352575452489442
1,1,3.5142437980940624
1,1,2.936241256155388
1,0,0.3917964778169186
1,0,0.06756162912457925
1,1,2.0734877471732123
0,0,-1.400702911108384
0,1,3.1313888799945286
0,1,3.7382618246813326
1,1,4.434526923880382
0,1,0.8321945636283258
0,0,-0.6445161120964977
0,0,2.520317492663304
0,0,0.7035808666770775
1,0,-1.7677274176845132
0,0,-0.3958183941662163
0,0,-0.5981497519143082
0,0,2.1781155407276223
1,1,3.7469821148774436
0,1,0.829203236761825
1,0,-0.18488552731420682
1,1,2.3644685433737447
1,0,0.6283472403025544
1,1,2.7459714014164316
0,0,-0.6056607523995985
0,0,1.228097582243986
0,1,1.5071799008054276
1,1,1.7573268700167133
1,1,3.755378289303309
0,0,0.07249774839643253
1,1,1.5226502804633326
0,1,1.68215084918787
1,0,-0.01929073459266467
0,1,3.344194446273894
1,1,0.8151969825355609
0,0,-1.0520623009583936
1,1,2.773248220874936
0,1,2.9147609097969114
0,0,1.2180538078563479
0,1,4.025133746603102
0,0,2.483321926656978
0,1,1.2370181294792013
0,1,2.4488117353121472
0,0,0.21210874150047943
0,0,-0.21441674765471047
0,0,1.2247720983650656
0,0,0.4554476631670181
0,0,-1.9495673779497813
0,1,3.0188889075954544
1,0,-0.041316259583281334
0,0,1.9647732321345823
1,1,-0.309317585277729
0,1,3.1149670161222085
1,0,-0.7358141461732401
0,0,1.6819884283166004
1,1,1.7300788014957393
1,0,1.1766438552597638
0,1,2.594058974222954
0,1,1.758731654711725
1,1,2.846413730405768
0,1,3.4913659952081186
1,1,3.6009271829473635
0,1,2.5199449393486004
1,1,4.90068725871136
0,0,0.4386746970895299
1,1,1.951176350619824
1,1,3.765825083315241
0,1,0.02437405120061653
1,1,2.640277900505894
0,0,-1.389801026603662
0,1,4.673767815178993
0,1,2.255109784031553
1,1,4.619446289867314
1,1,3.7127243888871435
1,1,3.7539091749814175
0,0,1.872264866171743
0,0,0.5395375979218385
0,0,0.7284615531423024
1,1,4.727103346408416
0,0,-2.969651600619784
0,0,0.3613792428788136
0,0,-0.4773943680093555
1,0,0.393205680653831
1,1,1.201066098188714
1,0,1.4805191180260024
0,1,2.2542297482870852
1,1,2.0348078173885664
1,0,0.8969008769787474
1,1,4.824162646176442
1,1,2.022929625793063
1,1,3.449205023693184
0,0,-2.075890702902753
0,0,0.7439187517840804
1,0,0.4321209034897522
0,0,1.8698565766532795
0,1,5.102160164083618
1,1,5.923005286403515
0,0,0.34976252025618826
0,0,-0.07045767739619113
0,0,-1.433705338411361
1,1,3.0523671966123898
0,0,-0.039449610734653584
0,1,0.2648306901518106
0,0,-0.9132235547339937
0,0,-1.5006703191017277
1,0,0.27013963081165193
1,1,5.198216756647161
1,0,1.3820708818337786
1,1,3.475306007947376
1,1,2.234901481712213
1,1,1.0840730418400626
1,1,1.8832419295041074
1,0,-2.339777486172885
1,1,2.4083521071264506
0,0,1.0464352555874168
1,1,2.638099672947643
0,0,-2.953169717457384
0,1,1.7957581347543559
0,0,2.9064194151366
0,0,-0.05554983361835941
1,1,3.5661814372311853
1,1,0.5184799479382095
1,0,1.878418610219069
1,1,5.024875775411185
0,0,-2.2080837055726747
0,1,1.174166032204143
0,1,1.758030647505365
0,0,-0.48131083233188676
1,1,0.8254801668222995
0,0,-0.2363108831998897
1,0,1.3144763409346467
0,1,1.5396752463725913
1,1,5.493612214362706
0,1,0.6478313150153966
1,0,-0.13494065429410385
1,1,0.7120182825995665
1,1,3.045997929572536
1,0,0.9116086327477417
1,0,-1.3708487072743
0,0,-2.4312451436358007
0,0,1.6925021227448336
1,1,3.4480875851548443
1,1,1.3757063666863976
1,0,1.0405354072495863
0,0,0.06897473052860936
1,0,-2.067494003147044
0,1,1.5489743408855565
1,1,2.793234318009281
1,1,1.7722925466256625
0,1,1.9487798605007276
1,1,3.0473268226054193
0,0,-1.0109439800987854
1,0,1.8809269177944077
1,0,-0.22877006308509273
0,0,0.14361629582854674
1,1,2.5898867863500588
1,1,1.9412277935949533
1,1,4.05870143113566
0,0,0.12120958081841138
0,1,-0.0762001477008094
1,0,-0.34426892325013486
1,1,0.7928043300707699
1,1,3.7345423282781143
0,0,-1.7091279539395463
1,1,0.6895400075540302
1,1,3.8422245922908465
0,1,3.697652303106702
0,0,0.6115635039458305
1,1,1.2835053971396904
1,1,1.4879227988849442
1,1,1.8772039082086227
1,1,0.55442220052763
1,1,0.7053526608059069
0,1,1.0693140863531592
0,0,-0.48437686742939273
0,0,-1.0637090700864338
1,1,2.7996628529660206
1,0,0.054498508915227034
0,1,1.9756243148015575
0,0,-0.8144957859243839
0,0,1.979310010727775
1,1,4.520727993238752
0,1,3.675194130250054
0,1,1.0661886483296203
0,1,4.22857443413319
0,1,2.652528310233583
0,0,-2.067002649684508
0,1,1.225379807537864
0,0,0.782188791757636
0,0,-1.2796044260036221
1,0,0.1796002899216817
1,0,-0.37456667738240224
1,1,2.6619069279992025
1,1,1.8525964559978476
0,0,-0.06440314874003245
0,0,0.23684434797728704
0,0,2.174886715580203
0,0,1.1700578184804098
1,1,2.211536045271315
1,1,2.2728411358073792
0,0,-0.13752481361456317
1,0,0.8773758385874838
1,1,1.5914162225596804
1,1,3.293918657745369
1,1,3.7455431841955344
0,1,1.0234023444086633
1,1,2.9289970560224763
1,1,1.962005930181812
0,1,3.4255464968802523
0,1,3.0277758273742297
1,1,1.2470722670359473
0,1,3.391249178709809
0,1,2.1507823111672177
1,1,2.4471541538787065
0,0,0.5688759230128769
1,0,2.4814963823991594
0,0,2.5164933603765345
0,0,1.2621445041587116
1,1,0.3266086193600888
0,0,0.15058867273868468
1,0,1.2058948859594842
0,0,-0.6061565482636636
1,1,2.9356427498794693
1,1,3.0073506519424753
1,1,5.315840477162634
0,1,0.4942391682469499
1,1,3.7100379899977964
0,0,-1.4822184535938572
0,0,-1.1203373132973637
0,0,1.201103624390755
0,1,2.7731542856098415
1,1,3.212267401984613
1,1,0.6790419258506515
1,1,3.563492833779118
1,1,2.061694527535277
0,0,0.6930133843210694
0,1,5.185649469874164
0,0,0.3192891221601023
0,0,0.3676899106946322
0,0,0.920787248788254
1,0,0.026249659205124676
1,1,2.858731947763136
0,1,4.595485356603577
0,1,1.236605552848127
0,1,-0.6631168935649878
1,0,-1.3215217443925353
0,1,-0.4129028674667856
1,1,2.5291329374568634
0,1,4.066348917981019
0,1,0.8945470548962601
1,1,2.0526994090170376
0,0,0.23482586438477004
1,1,1.6857149610553386
1,0,-3.689430301577249
0,1,2.4094145792908033
0,0,0.5539438880361318
0,0,-1.69984714962639
0,0,-4.138313421593009
1,1,3.4584200754069614
0,0,0.33725638203680597
0,1,2.110933206682866
0,0,0.20456142855784015
0,0,-0.234572615262159
0,1,1.3736052187432368
0,0,1.3146894061933412
1,0,-1.256936087609556
1,0,1.1674423683095287
1,1,3.6391398432919657
1,1,4.3306379809603985
0,0,0.504716562690729
1,0,0.16570831094852198
1,0,-0.5473074872076857
1,1,3.1285044271279907
1,1,1.6071613044401083
0,0,-1.3081034600975234
1,1,1.870271866780227
1,1,2.0818536330742736
0,0,-0.05645102142993752
0,1,2.1805467481144514
1,0,0.19419938661304173
1,1,-0.917245380970924
1,1,1.065271907141157
0,0,-2.1361058981749523
0,0,2.871825511565526
1,0,0.16498605326332416
0,0,-0.10859769733235036
1,1,4.187338418144826
1,0,2.4150514620643966
0,1,2.3476654775807217
1,1,4.978240249845512
1,1,2.150808699992236
0,1,5.324613350413117
0,0,0.7984848258884654
1,0,0.7032243823879298
1,1,3.160007348680194
1,1,3.979838921083481
1,1,2.5426438508192137
0,0,-1.7587905025028698
0,0,0.8733569341841245
1,1,3.386105503934409
1,0,-0.27878008346194294
0,1,3.338444512278568
1,0,1.45943702948045
1,1,3.574130771535419
0,0,1.4931917719466652
0,0,-0.9435099860205718
1,1,1.0452533004599882
0,0,-1.656276634762574
1,0,-0.3552656190564435
1,1,2.486219512894395
0,0,2.120597023754987
1,0,2.722709684720922
1,1,4.179105468066124
0,1,3.2238635296917924
0,0,-1.286399203399064
0,1,1.8099956458186512
1,1,1.7954635895719502
0,0,-0.07726646800813797
0,0,-0.08173963808293627
1,1,4.541142089892608
1,0,-0.933984711194206
0,0,-1.39279501178089
1,0,1.6371172056985
0,0,1.1046511276784714
1,1,2.42555380340184
1,1,2.734066369490491
0,1,3.6686237597264677
1,0,-0.9964698620878287
1,1,3.7901828623640927
1,1,2.171178758085719
0,0,-0.34535358081126843
0,0,2.0944345576014647
1,1,3.320687983350327
1,1,3.2678982296632038
1,1,2.823145949847407
0,0,-1.1623905982277136
1,0,0.08959391547798634
1,1,4.067605845869523
1,1,2.0126434521731444
1,1,1.9412833814488277
0,1,1.5922495248242208
1,1,3.3552958358002956
1,1,1.271291740201273
1,1,2.18430403488696
1,1,4.6711263473182605
0,0,-0.8505864527902296
0,1,4.2745196317739875
1,0,0.948605054576755
0,1,1.6761692299553832
0,0,-0.7876510305026847
1,1,3.9469052637909874
0,0,1.6620133393053669
0,0,1.1721919083022614
1,1,3.3601787029795807
0,0,2.884138011278331
1,1,1.5340666993014886
0,1,3.3049083977598057
1,1,1.6781144935385908
0,0,0.6255750340341568
0,0,-1.2182639429275692
0,1,2.664557537769438
0,1,1.6589429942078309
0,1,1.0272897117477071
1,1,2.550651346131147
0,1,3.7346465014047667
0,1,1.544715727714408
0,0,1.6367829821251965
1,1,0.4046868463771196
1,1,3.5125265280489044
1,1,2.0426898143434906
0,0,1.2753346491587982
0,1,3.6045334215470954
1,0,-0.9716403451324365
0,0,0.3772727604392718
1,0,-0.19869655447716583
0,1,2.5165545687263577
0,1,0.7695452447131693
1,1,0.8400554550580571
0,0,-0.03611211508969192
0,0,2.1637865559075338
1,0,0.6592456800614535
0,0,0.5037226531921781
1,0,1.4532727696080943
1,1,5.182528102147392
1,1,1.6361357510289394
1,1,1.146007731614367
0,0,0.7985458841415706
0,0,1.0428241956342725
0,0,0.38766750677182693
1,1,4.805111553942061
1,1,3.115221875458163
0,0,-0.13494711753250155
0,0,-1.0532432760614485
1,1,0.4998411814134507
0,0,1.735952070622265
1,1,5.641217883995575
0,0,-0.3880440203535924
0,1,1.8057728221351805
0,1,1.6351686797978635
0,0,-0.4006978395359547
1,1,1.142352902653242
1,0,1.256944217758594
0,0,-0.4789559796141908
0,1,1.7391616636839553
0,1,2.9029851366950927
1,1,3.7522253821093448
0,0,0.654715510615367
0,1,2.9387755732548917
0,0,-1.749117071118969
1,0,1.138812554259121
1,1,0.9863216793860023
1,1,2.238225151280377
0,0,-3.1157344507099847
1,0,0.26855491146995814
0,0,-0.6550462261148942
0,0,-0.28909215846528513
1,1,2.2826727501425323
0,0,-0.28350615729538914
1,1,1.6457119075282798
0,0,-0.79156106197258
0,0,-0.34560284318148526
1,0,0.43110155169323067
0,0,0.4575937117457227
0,0,2.4843201455221697
0,1,2.808065067210141
0,0,-0.04158548146703253
1,0,1.911766327808008
0,0,1.8005446214581098
0,0,0.8312086070001339
1,0,-2.524427320065096
0,1,-0.1686070966703317
1,0,1.7422803343522875
0,0,1.3631068688908328
1,1,2.2950513363703884
1,1,3.5238293389016655
1,1,1.1987334177228455
0,1,4.517661010498597
1,1,1.3937745739733365
0,0,0.1583217614589686
1,0,0.14906241451076857
1,1,1.716650193090667
1,1,0.6840337007968749
0,1,2.2827093517625876
1,1,2.624041632360533
1,0,0.32804818492834986
1,1,1.1949457288205103
1,1,3.2068522832047637
1,1,3.1691806506997753
0,0,-2.1907338084185204
0,0,-0.09110638609210536
0,0,0.1082001352649597
0,0,1.1278597726655282
1,0,1.2069814692382774
0,0,0.7856327251363724
0,0,1.2731772280990263
0,1,1.2949408829060953
0,1,0.7971542477705431
0,0,0.9331547748442452
0,0,-0.48243643859606833
1,1,2.281005045557013
1,0,0.7347791597360961
1,1,5.386310464990405
0,0,-0.17527448989943606
1,1,2.037077471818671
0,0,1.0091235472990494
1,1,0.3633467273394174
0,0,1.683560642839783
0,0,0.20983015435913582
1,1,3.5811113452932464
0,0,1.3293633954013662
1,0,-0.48775811821802917
1,1,2.167261605892973
0,1,0.7617686954862707
0,1,1.2430370317112724
0,0,-0.4315169754929211
1,0,1.8620813111195875
0,0,1.49671920497733
0,0,-2.6018200047821303
1,1,4.532700465049652
1,0,0.2972936423196335
0,0,-1.2655056812835048
1,0,-0.6153071726545787
1,1,4.057182354492424
0,0,-1.0496024556948322
0,0,-2.0583612998495813
1,1,4.0704578043274555
0,0,2.1056860283404455
1,1,4.881677534434377
1,1,2.9056551367731407
0,1,5.306086474828395
1,1,2.609938732876235
0,0,0.9972877089801568
0,0,1.0585550565014672
1,1,2.5181908999234457
0,0,0.21952401621704937
0,0,0.36731923769062313
1,0,-0.9309187301447792
1,1,2.4068189291453685
1,1,3.9979246507102064
1,1,2.2220729754698647
0,0,0.3123334727442599
1,1,3.311279614202749
0,1,0.6134968963187095
1,1,0.790645833040264
0,0,-1.416860001783049
0,0,0.5318144308011453
0,0,0.19641757324459563
0,1,2.551035863468767
1,1,1.6340098439682025
1,1,2.0285052219818187
0,0,-1.1909815734255558
0,0,2.429488173341458
0,0,1.2391566964204768
1,1,-0.13489649366722078
1,1,1.224664616494337
0,0,0.13882889020364095
0,0,0.44867750813285046
0,0,0.6751934213313611
1,1,3.146132647433641
1,1,1.007243087305775
0,0,1.999913815010925
0,1,4.654588316890694
1,0,-1.3437021065026957
1,0,-0.5831119757857341
0,0,1.046897439061928
0,1,2.128778050603044
0,0,0.5453095734500768
0,0,-2.7753492224863403
0,1,2.172347867646426
1,1,4.156122769880523
0,0,0.07749785344996041
0,0,-1.7246756540267185
0,1,3.2199583163144325
1,0,0.2577263026701665
0,0,0.23212741300086595
0,0,-0.6780734977755143
0,1,1.6984658729880544
0,0,-0.6274370125620431
0,0,-1.0942763308475845
0,1,2.058488461284653
0,0,0.7654319147464594
1,1,2.2112626121975896
1,1,3.338419875554572
0,0,0.6700761838542693
0,1,3.3236582704372024
0,1,1.732412116051961
0,1,-0.32077871058592144
0,1,1.388967322292777
0,0,-2.1551059863447684
0,0,-0.8035217191062421
1,1,1.060656167033621
1,1,5.273651301609163
1,0,0.2994583369037904
1,1,3.288321621305279
1,1,1.6998125017412993
1,0,2.2605345627617908
1,1,0.3083971009312614
1,0,1.169373817519922
0,0,0.5985932702706658
0,1,1.2049389280627043
1,0,-0.5339420131070787
1,1,2.584297086522553
0,0,0.5456644341054142
0,0,1.8950614707205362
0,1,1.675214182875337
1,0,2.0389605117823635
0,0,2.1218031688890706
0,0,-0.9110251987554956
0,0,-2.05326015894709
0,0,-3.355813447094671
0,0,0.6147782612519463
0,1,2.7178395324231843
0,1,2.150879199971506
0,0,0.24016843940335686
1,1,3.423945390593108
1,1,1.748169938814545
0,1,1.0068616907386911
0,0,-0.044325222777615775
0,0,0.43116719752794963
1,1,3.201078946886723
0,0,0.8988172587820041
0,1,1.5626557999774247
0,0,1.0952151120936282
1,1,1.6222602083088924
0,0,1.4532501384524998
0,1,3.9316258194619795
1,1,2.260318549797832
1,1,4.026479847722388
0,1,2.6776637459904267
0,1,2.7304708189856735
1,1,2.9429744992991065
1,1,1.9107193920420071
1,1,2.308436734701356
1,1,5.285207680235866
0,1,2.372439877786057
1,0,0.2272602982871045
0,0,-0.1781695248199181
0,1,1.2832775828258116
0,0,-2.456781706501922
0,0,-0.3690119808143332
1,1,4.839016856579072
0,0,-0.22223069017809194
1,1,3.093151589244571
1,0,1.6555997806603244
1,1,5.347675176509965
1,1,1.6749039314354979
0,0,-1.557371992483315
1,0,1.2212029291978812
1,0,-1.5706374162299646
1,1,2.458817165021368
0,1,2.5288893911765746
0,1,2.221877035940712
1,0,1.351480161028273
0,0,1.3080216096234936
0,0,-0.7601556936794062
1,0,1.413865481285544
1,1,0.8029689156246584
1,1,5.841800237893728
0,0,0.6274709631414007
1,0,-0.6417538568543976
0,1,1.8928981213492748
0,0,1.5068026419747342
0,1,0.7287158484582135
0,0,-0.06978573435788749
1,1,1.795261001438129
1,0,-0.9410603356152553
0,0,1.865920527880895
1,1,-0.23453752838953124
1,0,-0.9040493514873893
1,0,-1.118271771765009
0,0,-0.6570958863786757
0,0,1.4531489122612935
0,1,3.1469413676082096
0,0,-0.368916920215002
0,0,-0.31506525418055104
1,1,3.347489133384139
1,1,0.5674551710909308
1,0,0.8240144537071473
0,1,2.46532033738255
1,1,3.289811742622091
0,0,1.1736774449928002
0,1,3.5531318278292017
1,1,4.025721240306011
1,0,-0.2991576795250476
0,1,0.4284221098106127
1,1,3.962858272505026
0,1,2.4626806535256076
0,0,2.0878344942657194
0,0,0.35351910089933547
1,1,2.5945335087250974
0,0,0.3112531706483976
0,0,-0.24755712937959096
1,1,4.141820322736127
1,0,0.9036782322852708
1,1,1.5110326707566892
0,0,-2.6320328045566868
1,1,2.5765330157709783
0,0,0.488961329769972
0,0,1.1183826706120703
0,0,1.6560895902164543
1,1,2.548164418570304
1,1,3.7890988252239257
0,0,1.4885748268176022
1,0,0.0945068567362547
0,0,1.4871356124537063
0,0,0.9740292241504943
0,0,1.5257963989434704
0,1,1.7050609160241097
1,0,1.3320337640042434
0,0,-1.1585484855174715
1,1,3.3917855326906055
1,0,1.993216414826422
0,0,-1.2419523697655663
1,0,2.6693978601714043
1,1,2.931867448230318
0,1,1.097061932787591
1,0,1.1046108325375337
0,1,0.5307519811299999
0,0,0.6946181536782807
1,1,4.048605194838833
0,0,-0.07998004430818215
0,0,-1.2169236133341026
0,0,1.2501748539439097
1,1,4.70422417546534
0,1,2.1610497631439274
0,0,-1.1172538483705095
1,1,-0.2701580437565454
0,1,2.362376022979407
1,0,2.1554204098771823
1,1,1.7108802648698649
0,1,2.95329103622596
1,1,2.168129540736609
0,1,2.6938077414374
1,1,0.9044233790357314
1,1,3.3495807146384826
0,0,0.6288890514167174
0,1,2.6758891012242296
0,1,6.101046911204097
0,0,-0.32647728115131974
0,1,2.1264899255058394
1,0,-2.1031101208907836
1,1,3.5006229133203477
0,0,-0.1636339526484356
0,0,-1.8819783969208754
0,0,1.1578601260087065
0,1,2.6515962798607893
1,0,0.82702152933306
1,1,3.405754400477719
1,1,1.3650880029936314
0,0,-1.1112958009316818
1,1,2.949837302425583
1,1,4.415143284304951
0,0,1.682949925070095
0,0,0.7094868776449814
0,0,-1.5571200155196707
1,0,0.07767457380721121
0,0,0.5095972665316679
0,1,1.0244204027663366
0,0,0.6982146197023569
0,0,0.8777895087015067
1,0,-0.44170413425424293
0,0,-0.17685271025546462
1,0,3.4928534837361465
0,0,1.330671707832947
1,1,2.0856039149848105
1,1,3.160416261386492
1,1,1.2826317137515943
0,1,2.5778092569423303
0,0,1.224395769410421
1,1,0.2791245534529698
1,1,5.210878938016336
1,1,5.996832033419368
0,1,-0.16231237216539096
0,0,1.5322532902424375
1,1,0.3393127575715855
0,0,1.6339813156097684
0,0,-1.4486672558674751
1,1,1.013229504724102
1,1,3.760371546862609
0,0,2.096423971139938
1,0,-0.27319319701861966
0,0,1.8970079609749577
0,0,2.034895294898155
1,0,-1.7881249861141877
0,1,3.261539493234718
1,1,3.907458298007211
0,0,0.26692762152758137
0,0,0.35312422296854545
0,0,-1.0028152529752068
0,0,-0.3428249892812776
0,0,-1.0328603408782588
0,0,-0.1534808823511865
1,1,2.8855884735148547
1,0,-0.7478432754431812
0,1,2.2421256115252026
1,1,2.6884056247668853
0,0,-2.8849148386990535
0,0,-0.7946757212371195
0,0,-1.1449122291566614
1,1,0.5681348923770785
0,0,-0.2038243656109524
0,0,1.2306779538800838
1,1,3.5308539018243152
1,1,1.001611054367638
1,1,1.666366930292338
0,0,0.43743995132536784
0,0,2.7072683603435337
0,0,-1.503559441259231
0,1,3.5896531992720506
0,0,0.22719195526487468
0,1,1.5851600869562512
0,1,1.5036374674807245
1,0,-0.9442364201363826
0,1,1.4592365547076191
0,0,0.6660268633822135
0,0,-2.219752806396893
1,0,0.9131776391881026
0,0,-2.8586476286458145
1,1,3.1459144593183037
1,1,2.372917655728525
1,0,-0.574878600937639
0,1,1.8379980629036474
0,0,0.07556054410871266
1,1,1.9876779907400843
1,1,2.167034718232101
0,0,0.6353533155243598
0,0,0.19456492169251421
1,1,2.048755986804075
0,0,0.3402537667829554
1,1,3.059244659372256
1,1,2.395057523010411
0,1,1.6066549502423582
0,0,-0.42169878258531424
0,0,-0.48457323696952054
0,0,-1.570798946623568
0,1,2.2884671370954797
1,1,3.110594829836366
0,0,0.44729783874884
1,1,1.3715464814527465
0,1,3.6197701893862213
0,1,2.002140081192742
0,1,3.115540144366431
0,0,1.8336129773994705
1,0,-2.5338400717859626
1,1,0.22530698884667943
1,0,-0.8372639337463612
1,0,-0.16324353991980212
1,1,5.524145348751867
0,1,4.8541551833822165
0,1,3.097640086139222
0,0,2.6272901045334747
1,0,-0.6137272373987105
1,0,1.3805565463459577
1,1,1.8935747781846874
0,0,-0.4098207693719602
1,1,4.849720905712927
1,1,1.1074918866743935
1,1,3.3598047431872096
1,1,4.838589418805514
1,1,2.5591326056851758
1,0,0.6392908755413207
0,0,-2.0440791819889848
0,1,1.9495238333279667
1,0,-1.0297051051354353
0,1,2.9876388968713297
0,0,-1.9941985405863432
0,0,0.32328927623493886
1,1,2.7206018627365225
0,1,3.4973460051785272
0,1,2.839109696742357
1,1,5.733214219497807
0,0,1.8263741041509371
1,1,2.013664778731019
1,1,0.6577826095524977
0,0,-0.9054377781086973
1,0,-1.2268467564475483
0,1,2.9807814106256223
1,1,1.8335508374591625
1,1,1.4933610116409874
1,0,1.1459062931042605
0,0,-0.3704180632684753
1,1,3.3067479196344647
0,0,0.22470153601431864
0,1,1.6248340146172429
1,0,1.3204167207108202
0,0,-0.8843843637694951
0,1,5.47994547058025
1,1,1.87417014500367
0,0,0.21417063601834535
0,0,0.6008746854743542
1,1,2.037952292562722
0,0,-0.4141698022820721
1,1,1.3311734212854973
0,0,-1.1868396631141889
1,0,1.0744579171187718
0,0,1.8029209798889165
0,1,2.44710168384564
1,1,5.159460728059141
0,0,-1.229051801350469
1,1,2.30418384398558
1,0,1.4808976042659023
0,1,0.7533929973812197
0,0,-2.6846031045439824
0,1,1.679439712125867
0,0,-1.1958077484416205
1,0,1.6685386837824847
1,0,-1.904009851913301
0,1,3.445236334663062
0,0,-0.09648499424524565
1,1,1.5538491606442115
0,0,0.029120144279630056
0,1,0.7378333789998508
0,0,0.08074710767691506
0,1,1.3330248004789187
0,1,2.3553483673193583
1,0,0.5928031838298664
0,0,0.8387746500796204
0,0,-0.12402990688312249
0,0,-0.9039037264169876
0,1,1.5053235867574248
1,0,-1.1555518217967724
1,0,0.714687156452067
0,0,3.0852552019034825
0,1,4.147332838095219
1,0,-1.395287597062357
1,1,1.5812679124707174
0,0,0.7150470240513107
1,0,0.264781046183858
1,1,2.4803321334699135
0,0,-1.792731766448819
0,1,3.236844638263732
1,1,4.586365788803791
1,1,4.876700268586848
1,0,0.03548729787578053
1,1,1.77393335173712
1,1,2.970899038989079
1,0,0.11275376524936898
0,1,4.115231848051595
0,1,1.1675607102828442
1,1,5.7609629570159075
1,0,1.3855884154161362
1,1,3.067458912750539
1,0,0.3523758222914697
0,0,-1.4557474230579408
0,0,0.33316430049961027
1,1,2.3326213561358564
0,0,1.6201744564901988
0,0,2.5461575539361836
1,0,0.9761969361585799
1,1,0.8842912392167618
1,1,4.399689278262886
1,1,2.2810494869622815
0,1,2.8783667519465204
1,0,-0.16785952759802636
0,1,1.2474207612175485
1,1,4.289318572564898
0,1,2.7229705802500552
0,1,3.078023686956884
0,0,0.7489165226233019
1,1,2.9451127432213604
1,0,0.9058105250906252
1,1,1.9977911823387502
1,1,0.4389322339182651
1,1,1.9183306249542709
1,1,0.5339342694978656
0,1,4.026975038055674
1,0,1.55502739136183
0,0,-1.3655390164261956
1,1,2.834585701742136
1,0,0.862333414049721
1,1,2.621456899038587
1,0,-0.2674125769634766
1,1,1.1021987646564138
0,0,0.2984094018897877
1,1,4.243945107755245
0,0,0.0844415487766621
0,1,3.9303052290607234
0,1,2.055018538343572
0,0,-1.233474915998408
0,0,0.9486453535724226
1,1,2.1029451837959807
1,0,3.028926750273675
1,0,0.50933600390387
0,0,-0.284974372277672
0,0,2.019479398525507
1,1,0.5100307967634912
0,1,3.4788969088487804
0,0,-0.8623661480039782
0,1,1.7449568588766509
1,1,1.5215620904749791
0,0,-0.12612456224083182
0,0,-3.1518903831556013
0,0,-0.7230538594360558
1,1,3.7532355295349014
1,0,-0.07933166874295047
0,1,0.8339439033994377
1,1,4.581399050146765
0,1,1.4749196799705504
1,0,0.5738637089595053
1,0,0.7766150056951796
1,1,3.337457288740331
0,0,0.7566105264533505
0,0,-0.0164894577212098
0,0,-1.501320772748195
0,0,-0.31872107918518966
0,0,-0.6174249642751776
1,1,3.3422232493440838
1,1,3.1210715698873974
1,1,1.1770365971986512
0,1,4.124303571996232
1,1,1.2598025918035867
1,1,4.394501253941367
1,1,3.501512484305519
0,0,-1.1469841950378499
0,0,0.4628288285404637
1,1,2.5598058346634716
0,0,3.3134801092467434
1,0,0.3690078457644162
1,1,4.16173305498563
1,1,3.631598958358837
0,0,-0.503090486310305
1,1,1.431821580442018
0,1,4.635281783846288
1,0,0.7925838483460119
0,0,0.2484086287974472
0,0,0.025047493778931007
0,0,-2.400628613454626
0,0,-0.671431019282364
0,1,3.137356456687246
0,0,0.15590101383685345
1,1,5.947195888285307
0,0,-0.24275190544739034
1,1,1.1887814314346334
0,0,-1.1493048163822566
0,1,0.9121522737667429
1,0,0.41221773816586005
0,0,0.8528892644803618
0,0,0.8798912505820269
1,1,2.184201856696845
1,1,2.3580837820507
0,0,-1.805601184348618
0,0,-1.3231396548197258
1,1,1.409713314245511
1,1,3.732933688917215
0,0,1.264242441802749
1,0,1.3072771324263806
0,1,1.439499802271908
0,1,2.266541301825781
0,1,1.4317646773551282
1,1,3.907626534052318
0,1,0.7079424414337161
1,1,2.7090218502483214
1,0,1.0040604738051577
0,0,1.768337875533386
1,1,0.9194112877006528
0,1,1.7637184328457471
1,1,0.2956520503552158
