true_tau,direct_effect_z_truth,exclusion_holds_truth,u_unobserved_truth
1.0,0.8,False,0.9741006060576053
1.0,0.8,False,0.073243367713677
1.0,0.8,False,-1.0369864621309786
1.0,0.8,False,0.8570880810761573
1.0,0.8,False,-0.3138935413665648
1.0,0.8,False,1.284181496793157
1.0,0.8,False,0.20799803325243355
1.0,0.8,False,0.6154682661409894
1.0,0.8,False,0.05543771834142992
1.0,0.8,False,1.5912056631557416
1.0,0.8,False,0.7315048012090901
1.0,0.8,False,3.236313995263297
1.0,0.8,False,0.49711227938668967
1.0,0.8,False,0.900579158854104
1.0,0.8,False,-0.5235380815280645
1.0,0.8,False,0.002658515627465192
1.0,0.8,False,0.0795696322203257
1.0,0.8,False,-1.7676728509607
1.0,0.8,False,-0.36748636034089177
1.0,0.8,False,-0.03778151719871069
1.0,0.8,False,0.017302998165175484
1.0,0.8,False,0.15120023219265186
1.0,0.8,False,0.1944158124242311
1.0,0.8,False,0.19740939796467208
1.0,0.8,False,0.07868265948978896
1.0,0.8,False,0.7026755073077919
1.0,0.8,False,-0.9804257012769941
1.0,0.8,False,1.2642556533327909
1.0,0.8,False,-0.735799368825027
1.0,0.8,False,-1.5968601655417238
1.0,0.8,False,-0.9328189258466579
1.0,0.8,False,-0.988679283081885
1.0,0.8,False,-1.1124893034469885
1.0,0.8,False,-1.0375054217236719
1.0,0.8,False,-0.48078188328223953
1.0,0.8,False,-0.6521824219355277
1.0,0.8,False,0.051700659804811935
1.0,0.8,False,1.2748483646543427
1.0,0.8,False,1.7086879721426607
1.0,0.8,False,-0.6302902491468853
1.0,0.8,False,0.2952458254769336
1.0,0.8,False,-0.01281715652479571
1.0,0.8,False,0.2460490932825166
1.0,0.8,False,0.3197723709110346
1.0,0.8,False,0.23934096985827144
1.0,0.8,False,0.822050700751128
1.0,0.8,False,-0.3150624918681952
1.0,0.8,False,0.13514545294948954
1.0,0.8,False,0.6721300859032424
1.0,0.8,False,-0.598395399797011
1.0,0.8,False,-0.14057546393624423
1.0,0.8,False,-0.5610524993447852
1.0,0.8,False,0.18171307521275284
1.0,0.8,False,-1.0972957016723754
1.0,0.8,False,0.5674902365747877
1.0,0.8,False,-0.4143626644387111
1.0,0.8,False,0.46650567134120635
1.0,0.8,False,-0.4362658647581183
1.0,0.8,False,0.8711205074093973
1.0,0.8,False,-0.12482876264066037
1.0,0.8,False,-0.6503050111167868
1.0,0.8,False,-1.0221388556621775
1.0,0.8,False,-0.10680780158526897
1.0,0.8,False,1.7203189343232967
1.0,0.8,False,-0.6064083063396956
1.0,0.8,False,-1.023244370223305
1.0,0.8,False,0.29644627940903195
1.0,0.8,False,-0.5796003092053144
1.0,0.8,False,-0.9126891034664741
1.0,0.8,False,-0.6012196703796483
1.0,0.8,False,-0.8183282199846917
1.0,0.8,False,-0.2042224890247394
1.0,0.8,False,1.2373583415596927
1.0,0.8,False,0.21646744645269467
1.0,0.8,False,-1.3285148874287558
1.0,0.8,False,1.5681055236760582
1.0,0.8,False,-0.38267730917276
1.0,0.8,False,-2.3406245936800545
1.0,0.8,False,-0.29713188346551567
1.0,0.8,False,2.1565660085159393
1.0,0.8,False,-0.15414239991814405
1.0,0.8,False,0.41690009089164237
1.0,0.8,False,0.05144394291391185
1.0,0.8,False,-1.445545994474217
1.0,0.8,False,2.5708796856742877
1.0,0.8,False,1.662446206631719
1.0,0.8,False,1.3320674924558862
1.0,0.8,False,-0.9132878922571164
1.0,0.8,False,0.3359759351889016
1.0,0.8,False,1.5328413384604478
1.0,0.8,False,-0.23506800674762326
1.0,0.8,False,-0.4956716886828278
1.0,0.8,False,-0.4982326616050985
1.0,0.8,False,-1.1630710255808705
1.0,0.8,False,-0.491019269975816
1.0,0.8,False,-0.6007489497300752
1.0,0.8,False,0.2958872161530478
1.0,0.8,False,-0.8299105377509007
1.0,0.8,False,-0.4984000198684222
1.0,0.8,False,0.2919591767079936
1.0,0.8,False,0.648564151018116
1.0,0.8,False,1.4830453893001059
1.0,0.8,False,-0.13208020129967837
1.0,0.8,False,0.7111635556980719
1.0,0.8,False,0.3139377193634401
1.0,0.8,False,-0.004375727808763379
1.0,0.8,False,0.7504358983224495
1.0,0.8,False,-0.7227465848943204
1.0,0.8,False,-0.4176190333108555
1.0,0.8,False,0.47434398598109423
1.0,0.8,False,1.0111973870838824
1.0,0.8,False,0.4459982123012856
1.0,0.8,False,0.3461426971279493
1.0,0.8,False,0.2552231446450488
1.0,0.8,False,1.0661384136216372
1.0,0.8,False,1.0339369044976823
1.0,0.8,False,-0.09148850715430783
1.0,0.8,False,0.6107600999485646
1.0,0.8,False,0.5710233086621814
1.0,0.8,False,-0.18665648582596336
1.0,0.8,False,-0.8266287678365403
1.0,0.8,False,-0.4315368945272821
1.0,0.8,False,-0.7514817573012529
1.0,0.8,False,-1.3457098179246407
1.0,0.8,False,1.0119038168503312
1.0,0.8,False,0.37786016135915806
1.0,0.8,False,0.08241142208865461
1.0,0.8,False,1.0128912445534186
1.0,0.8,False,0.8919271764912438
1.0,0.8,False,0.5785622561232284
1.0,0.8,False,0.6215390060091561
1.0,0.8,False,1.521775391819512
1.0,0.8,False,-0.8467815890553446
1.0,0.8,False,0.09690263539648888
1.0,0.8,False,0.20742587950262442
1.0,0.8,False,-0.6786087863981394
1.0,0.8,False,-0.2646447975491454
1.0,0.8,False,-1.5556655432700937
1.0,0.8,False,-0.44269269095260205
1.0,0.8,False,0.15748608275015205
1.0,0.8,False,-0.6196188908035053
1.0,0.8,False,-0.01012680130051576
1.0,0.8,False,-0.5359950032847218
1.0,0.8,False,1.2408063195384085
1.0,0.8,False,0.78892620481218
1.0,0.8,False,-1.1750217804063596
1.0,0.8,False,0.6508023683192454
1.0,0.8,False,-0.07435672837010382
1.0,0.8,False,0.7291728167401016
1.0,0.8,False,0.19900865027158396
1.0,0.8,False,-0.41385533155384546
1.0,0.8,False,-0.423538261146651
1.0,0.8,False,0.1677816729290966
1.0,0.8,False,-0.3015605394818249
1.0,0.8,False,0.44815780290386986
1.0,0.8,False,-0.4751981117087202
1.0,0.8,False,-1.3007823648547092
1.0,0.8,False,1.0684497244560855
1.0,0.8,False,0.7764971247595307
1.0,0.8,False,1.5118817882038649
1.0,0.8,False,-1.1015448960264962
1.0,0.8,False,-0.028531401410991065
1.0,0.8,False,-0.8002353030961196
1.0,0.8,False,-2.427359401639112
1.0,0.8,False,1.3873485155304057
1.0,0.8,False,-0.07807151917666126
1.0,0.8,False,-0.7217801417280705
1.0,0.8,False,0.6140484482305707
1.0,0.8,False,0.010439887670753113
1.0,0.8,False,0.8011514474190025
1.0,0.8,False,-0.5539451805703033
1.0,0.8,False,-0.2971776032760412
1.0,0.8,False,0.28874161292203127
1.0,0.8,False,0.6211197156171465
1.0,0.8,False,1.575121234474981
1.0,0.8,False,-0.8859031068449678
1.0,0.8,False,0.5065792478016098
1.0,0.8,False,0.13456230346742057
1.0,0.8,False,-1.6237474141822243
1.0,0.8,False,-1.710473010864982
1.0,0.8,False,-0.27265161343434996
1.0,0.8,False,0.7078407491173909
1.0,0.8,False,-0.3348901148448103
1.0,0.8,False,0.050595720671344026
1.0,0.8,False,1.3060960871933804
1.0,0.8,False,-0.04526490718238247
1.0,0.8,False,0.49399289407125463
1.0,0.8,False,-0.42708774404659167
1.0,0.8,False,0.7604096744722945
1.0,0.8,False,-1.1978423428780127
1.0,0.8,False,-1.3540518666043349
1.0,0.8,False,0.33993107894695346
1.0,0.8,False,1.8037990840753786
1.0,0.8,False,-0.9263272571939608
1.0,0.8,False,-3.1021063002408775
1.0,0.8,False,0.6340798193218111
1.0,0.8,False,1.66902217152873
1.0,0.8,False,1.1076314894746675
1.0,0.8,False,-1.2048411855915213
1.0,0.8,False,0.09099695142308278
1.0,0.8,False,0.1843119414497408
1.0,0.8,False,0.7569983420751988
1.0,0.8,False,1.5706239643673474
1.0,0.8,False,0.6005881408656679
1.0,0.8,False,0.598020938963935
1.0,0.8,False,0.6688862705281877
1.0,0.8,False,-0.07285722896292762
1.0,0.8,False,-1.8115012982898206
1.0,0.8,False,-0.4387191507614131
1.0,0.8,False,0.41355946684754574
1.0,0.8,False,0.6265142004024967
1.0,0.8,False,-1.2646502418251753
1.0,0.8,False,-0.9762443487058678
1.0,0.8,False,-0.2177693767737362
1.0,0.8,False,0.5058303160028429
1.0,0.8,False,0.5978863766476668
1.0,0.8,False,-0.3098985675130676
1.0,0.8,False,0.2290855629893518
1.0,0.8,False,-0.11370126068411843
1.0,0.8,False,0.45721952501528795
1.0,0.8,False,-1.5484502106470641
1.0,0.8,False,-0.061885473316579544
1.0,0.8,False,-0.08271582980330185
1.0,0.8,False,-0.21215134248275624
1.0,0.8,False,0.6675016297872554
1.0,0.8,False,1.8088433408200177
1.0,0.8,False,0.5829100466590406
1.0,0.8,False,-1.0337211728723137
1.0,0.8,False,-0.06676647936966866
1.0,0.8,False,0.8639474570647879
1.0,0.8,False,1.5799494158245655
1.0,0.8,False,-0.40135540330546915
1.0,0.8,False,0.42031200146301767
1.0,0.8,False,-0.026647110563906288
1.0,0.8,False,-0.6108585266837564
1.0,0.8,False,-0.9723675624459592
1.0,0.8,False,-0.7118163849311466
1.0,0.8,False,0.940135136697541
1.0,0.8,False,-0.018311172583784164
1.0,0.8,False,-0.7044311097747021
1.0,0.8,False,0.8537147065959928
1.0,0.8,False,-0.6801458744709343
1.0,0.8,False,-1.3322058970740145
1.0,0.8,False,-0.24013109413777872
1.0,0.8,False,-0.13855148627652586
1.0,0.8,False,0.8204573708107677
1.0,0.8,False,-1.9828661227914084
1.0,0.8,False,-1.3301611798621047
1.0,0.8,False,-0.8413651549605723
1.0,0.8,False,0.5405629497918293
1.0,0.8,False,-0.942229934344254
1.0,0.8,False,-0.6514804144890002
1.0,0.8,False,-2.14912790759058
1.0,0.8,False,0.08398315988180412
1.0,0.8,False,1.433125534167921
1.0,0.8,False,0.04680295490778085
1.0,0.8,False,2.030225540064397
1.0,0.8,False,1.7583845163720473
1.0,0.8,False,-0.5426655472586658
1.0,0.8,False,-1.4030029191839102
1.0,0.8,False,0.4777696618705447
1.0,0.8,False,2.564568883654443
1.0,0.8,False,0.4271843275246929
1.0,0.8,False,0.28150331749419233
1.0,0.8,False,-0.9878453775198321
1.0,0.8,False,0.007987322656584767
1.0,0.8,False,1.2603622578340676
1.0,0.8,False,-0.3387460006679689
1.0,0.8,False,-1.2350243696642684
1.0,0.8,False,0.9235810438831715
1.0,0.8,False,0.1101041613825734
1.0,0.8,False,-0.8663413512214249
1.0,0.8,False,-1.7298932446766122
1.0,0.8,False,0.4167383953206993
1.0,0.8,False,-0.16133280392391489
1.0,0.8,False,-0.18428566461228515
1.0,0.8,False,0.8014571575279937
1.0,0.8,False,-0.7088726276856461
1.0,0.8,False,0.13919434178785473
1.0,0.8,False,-0.3500118476458626
1.0,0.8,False,1.6907664865763454
1.0,0.8,False,0.7563697876912754
1.0,0.8,False,-1.7747331968851063
1.0,0.8,False,0.5024845509199137
1.0,0.8,False,-0.7082050642237255
1.0,0.8,False,-0.7047648589698566
1.0,0.8,False,0.2272676011315515
1.0,0.8,False,-0.20114420272221395
1.0,0.8,False,-0.2907745490293997
1.0,0.8,False,-0.9822210099614822
1.0,0.8,False,-1.162625963136199
1.0,0.8,False,-1.8843828630774282
1.0,0.8,False,0.8409510382388574
1.0,0.8,False,-0.9651803875500148
1.0,0.8,False,-1.0604862865140117
1.0,0.8,False,-0.6856830463202855
1.0,0.8,False,1.4200748254745539
1.0,0.8,False,2.222338582915254
1.0,0.8,False,1.889409796807918
1.0,0.8,False,-0.30279760277887935
1.0,0.8,False,-0.3199533016166824
1.0,0.8,False,-0.28356958193357046
1.0,0.8,False,-0.17623503664089235
1.0,0.8,False,-1.3816464748980766
1.0,0.8,False,1.382227926656774
1.0,0.8,False,2.0130643666418693
1.0,0.8,False,-0.7026067101982065
1.0,0.8,False,0.21710062000815933
1.0,0.8,False,0.1642020024231768
1.0,0.8,False,0.032771816723647505
1.0,0.8,False,1.3366589503284771
1.0,0.8,False,-3.0333376082554246
1.0,0.8,False,1.1336827262564841
1.0,0.8,False,-2.3142231139525036
1.0,0.8,False,-1.9460460708966587
1.0,0.8,False,-1.5546027590565503
1.0,0.8,False,0.13438554068118597
1.0,0.8,False,-0.9240970791219124
1.0,0.8,False,-0.22121264364619633
1.0,0.8,False,-0.7667545854497166
1.0,0.8,False,-1.1719066470011277
1.0,0.8,False,0.8854777493596713
1.0,0.8,False,1.1796848942907183
1.0,0.8,False,0.8562335170990648
1.0,0.8,False,-0.4893746885937105
1.0,0.8,False,-0.8536652461528615
1.0,0.8,False,-1.6637726795665753
1.0,0.8,False,0.6928375925017642
1.0,0.8,False,-1.733571874917473
1.0,0.8,False,-0.017024599989590185
1.0,0.8,False,-0.8476953336673878
1.0,0.8,False,-1.926718606258269
1.0,0.8,False,-0.420962300951649
1.0,0.8,False,0.2136174466689424
1.0,0.8,False,1.7364167116473614
1.0,0.8,False,0.5545236419646143
1.0,0.8,False,0.7186572887373676
1.0,0.8,False,1.3241030570127534
1.0,0.8,False,0.8837586326635433
1.0,0.8,False,-0.492833991904296
1.0,0.8,False,-0.1891481581788068
1.0,0.8,False,-2.0710704951020995
1.0,0.8,False,0.1649092731211194
1.0,0.8,False,-1.1024625680703153
1.0,0.8,False,-1.1209002759702245
1.0,0.8,False,-1.7443696914398654
1.0,0.8,False,-1.1915243296441242
1.0,0.8,False,-1.484713797597187
1.0,0.8,False,0.7074002687609053
1.0,0.8,False,-0.03891579569325829
1.0,0.8,False,-0.19122411769082556
1.0,0.8,False,-0.5756181119523707
1.0,0.8,False,0.21596941337435896
1.0,0.8,False,0.47195527341008014
1.0,0.8,False,1.0273013072754886
1.0,0.8,False,0.2762029638624148
1.0,0.8,False,-0.32496073370996886
1.0,0.8,False,0.4845314474586182
1.0,0.8,False,0.3467216732125505
1.0,0.8,False,-0.23515561514490071
1.0,0.8,False,-1.3874953486366755
1.0,0.8,False,-0.3135652408379829
1.0,0.8,False,0.8763620069410458
1.0,0.8,False,-0.45483951563377184
1.0,0.8,False,-0.2906424152348615
1.0,0.8,False,2.170570705672388
1.0,0.8,False,0.10074424436837202
1.0,0.8,False,0.6219246813809559
1.0,0.8,False,-0.11326040353802588
1.0,0.8,False,-1.0134800329666898
1.0,0.8,False,-0.20313711557081576
1.0,0.8,False,0.5064370769001382
1.0,0.8,False,-1.1690398492436953
1.0,0.8,False,-0.020350788950347507
1.0,0.8,False,-1.5560876829876504
1.0,0.8,False,0.9770266953875391
1.0,0.8,False,-1.1683283903431896
1.0,0.8,False,1.2799702277880243
1.0,0.8,False,-0.2994514355767439
1.0,0.8,False,-1.25174068590952
1.0,0.8,False,-0.10263766767551205
1.0,0.8,False,1.212014321660994
1.0,0.8,False,-1.0679759013585606
1.0,0.8,False,-0.2429038818833486
1.0,0.8,False,-1.1303900230506736
1.0,0.8,False,0.34072230468611386
1.0,0.8,False,1.5056031895558115
1.0,0.8,False,-0.5502436406163572
1.0,0.8,False,-0.1664347825782831
1.0,0.8,False,-0.9829516193576096
1.0,0.8,False,0.7155306290845362
1.0,0.8,False,2.0264876192835453
1.0,0.8,False,-0.16482336567150932
1.0,0.8,False,-0.9931780527403259
1.0,0.8,False,-1.2804676562453752
1.0,0.8,False,1.4536298308314273
1.0,0.8,False,0.9999224890827032
1.0,0.8,False,1.5696556453962336
1.0,0.8,False,0.4246493388443195
1.0,0.8,False,-0.37257236429731977
1.0,0.8,False,0.07470027069174888
1.0,0.8,False,0.2885005738054262
1.0,0.8,False,-1.1616749007308969
1.0,0.8,False,0.7333182447298592
1.0,0.8,False,-0.48441007403580827
1.0,0.8,False,-0.859362010289848
1.0,0.8,False,-0.0988087345362282
1.0,0.8,False,-0.3210709639741
1.0,0.8,False,-1.1173163969756161
1.0,0.8,False,-1.2002051996026317
1.0,0.8,False,0.5986125048851486
1.0,0.8,False,0.5141756040976939
1.0,0.8,False,2.0741328758961757
1.0,0.8,False,-0.38728022388148614
1.0,0.8,False,-0.544253623271933
1.0,0.8,False,0.8959972650389038
1.0,0.8,False,0.345794900207453
1.0,0.8,False,2.0413647000119433
1.0,0.8,False,0.4564240871321108
1.0,0.8,False,-0.26238801491965774
1.0,0.8,False,-1.3078003633169233
1.0,0.8,False,-0.4255312060222121
1.0,0.8,False,0.5371516612310723
1.0,0.8,False,0.16048526787344214
1.0,0.8,False,1.2933802323572403
1.0,0.8,False,-0.9700335767516362
1.0,0.8,False,-0.36499328970790335
1.0,0.8,False,-3.0413370970529585
1.0,0.8,False,-1.4580560698446832
1.0,0.8,False,-0.21783752311584714
1.0,0.8,False,-0.6892736537357853
1.0,0.8,False,1.5155274237517158
1.0,0.8,False,1.7042855072811693
1.0,0.8,False,1.1839100547950472
1.0,0.8,False,0.0890295957878434
1.0,0.8,False,-0.5609747135260008
1.0,0.8,False,0.953465981151188
1.0,0.8,False,-1.1369984733630236
1.0,0.8,False,0.5688496504586311
1.0,0.8,False,-0.8655181507701876
1.0,0.8,False,1.063832082740968
1.0,0.8,False,-0.8073631373233694
1.0,0.8,False,-0.4775208159715162
1.0,0.8,False,0.49087795864052275
1.0,0.8,False,0.04850995980179347
1.0,0.8,False,0.746199931231923
1.0,0.8,False,0.22542860190187872
1.0,0.8,False,0.7774810356587786
1.0,0.8,False,0.7133998564070192
1.0,0.8,False,-0.8880452784274369
1.0,0.8,False,1.0232814709925413
1.0,0.8,False,-0.49185659281012245
1.0,0.8,False,-0.9932032820370067
1.0,0.8,False,-0.6102475539669188
1.0,0.8,False,1.0639868630646252
1.0,0.8,False,0.3289770530383955
1.0,0.8,False,-0.6232141505753115
1.0,0.8,False,-0.15839853260832418
1.0,0.8,False,-0.32222912892787176
1.0,0.8,False,-1.2324184107391605
1.0,0.8,False,2.2058677103444153
1.0,0.8,False,0.671159406124989
1.0,0.8,False,0.17216905488926057
1.0,0.8,False,-0.4498379974424394
1.0,0.8,False,0.17294656218129908
1.0,0.8,False,-1.8346614288665182
1.0,0.8,False,2.4222591083274594
1.0,0.8,False,0.371020799436235
1.0,0.8,False,-1.3121066551361626
1.0,0.8,False,-2.3018471515205925
1.0,0.8,False,0.7484544905423471
1.0,0.8,False,0.5005926742997479
1.0,0.8,False,1.0605285200341779
1.0,0.8,False,1.3262138756492519
1.0,0.8,False,-0.2303320591096303
1.0,0.8,False,0.10143334362574849
1.0,0.8,False,1.1521022878592646
1.0,0.8,False,0.2644326362713338
1.0,0.8,False,-0.006787211661747046
1.0,0.8,False,0.2582052000050379
1.0,0.8,False,0.9900089637678852
1.0,0.8,False,0.48614529703273407
1.0,0.8,False,-1.175013471231376
1.0,0.8,False,-0.5443251836272957
1.0,0.8,False,1.1170923293751818
1.0,0.8,False,-1.4158486877034808
1.0,0.8,False,-1.0893347472028119
1.0,0.8,False,-1.8527944031696701
1.0,0.8,False,-2.0582912723171987
1.0,0.8,False,2.458051293476003
1.0,0.8,False,-0.18139662683634658
1.0,0.8,False,1.2904768755339093
1.0,0.8,False,0.2895492656673755
1.0,0.8,False,0.5545089447506729
1.0,0.8,False,1.3147988353324063
1.0,0.8,False,-2.1788539463877163
1.0,0.8,False,1.5364251312194657
1.0,0.8,False,0.2846701544096455
1.0,0.8,False,0.9276505755101059
1.0,0.8,False,0.12917677450656045
1.0,0.8,False,-0.17054280211226863
1.0,0.8,False,-1.795411612741735
1.0,0.8,False,-0.21411489726830893
1.0,0.8,False,-0.2254552893614106
1.0,0.8,False,-1.9074328454844436
1.0,0.8,False,-1.382569523832958
1.0,0.8,False,-0.38944755559717775
1.0,0.8,False,-0.054768335336209555
1.0,0.8,False,0.19038749556538556
1.0,0.8,False,0.7449208860170902
1.0,0.8,False,0.8625416891621114
1.0,0.8,False,-0.7356564675774327
1.0,0.8,False,0.8834676166865428
1.0,0.8,False,0.756584273584997
1.0,0.8,False,-0.003459004442554184
1.0,0.8,False,-0.7780157049049753
1.0,0.8,False,0.7519425229867515
1.0,0.8,False,-0.7861507049505129
1.0,0.8,False,0.6245034115467444
1.0,0.8,False,1.382210630704873
1.0,0.8,False,0.7347860908157724
1.0,0.8,False,-0.39422734363328443
1.0,0.8,False,-0.5239460868417982
1.0,0.8,False,0.29159594879757805
1.0,0.8,False,0.6405068108478733
1.0,0.8,False,0.32107673371460016
1.0,0.8,False,1.0539832054497134
1.0,0.8,False,2.279514480375703
1.0,0.8,False,-0.46177998864683156
1.0,0.8,False,1.197840158695328
1.0,0.8,False,1.2630761799434047
1.0,0.8,False,0.07781288927755767
1.0,0.8,False,-1.0930400604907256
1.0,0.8,False,0.2828327243084066
1.0,0.8,False,-2.2912860094863867
1.0,0.8,False,0.3180537871625126
1.0,0.8,False,0.8982062979766493
1.0,0.8,False,1.3521624949079338
1.0,0.8,False,-0.4474552471893057
1.0,0.8,False,0.010787629920649168
1.0,0.8,False,2.0454322892842733
1.0,0.8,False,-0.34710786169442187
1.0,0.8,False,1.0691693803178954
1.0,0.8,False,-1.685768987605271
1.0,0.8,False,-1.299292133032902
1.0,0.8,False,-0.3422861690071406
1.0,0.8,False,0.3984066804784544
1.0,0.8,False,-0.0300038230449214
1.0,0.8,False,0.5995313192194841
1.0,0.8,False,-0.5979109843949055
1.0,0.8,False,0.39545327121337603
1.0,0.8,False,0.06990443096645836
1.0,0.8,False,0.2552617647158822
1.0,0.8,False,0.8598967739765004
1.0,0.8,False,1.6522775857092593
1.0,0.8,False,-1.794051606653237
1.0,0.8,False,-1.34905969895693
1.0,0.8,False,-0.7078236888520653
1.0,0.8,False,0.22995562943720324
1.0,0.8,False,2.0568244774130227
1.0,0.8,False,-0.2222972667628612
1.0,0.8,False,-0.8276930471320686
1.0,0.8,False,-0.7437900967724804
1.0,0.8,False,0.28965806720547527
1.0,0.8,False,1.1593023647619562
1.0,0.8,False,1.32583495064119
1.0,0.8,False,-0.19600354319962945
1.0,0.8,False,1.267535216199549
1.0,0.8,False,-0.06661610253454164
1.0,0.8,False,0.4509159994671021
1.0,0.8,False,-0.4525624030372086
1.0,0.8,False,0.17812970573875597
1.0,0.8,False,0.16511966287725252
1.0,0.8,False,0.13440207178611496
1.0,0.8,False,0.6990015054694875
1.0,0.8,False,0.3543854543453495
1.0,0.8,False,0.7160814573939422
1.0,0.8,False,0.8531914132941815
1.0,0.8,False,-1.5956081247235279
1.0,0.8,False,-0.7768934678956736
1.0,0.8,False,-1.2813734643051973
1.0,0.8,False,-0.36466660991415567
1.0,0.8,False,0.20850185199143556
1.0,0.8,False,-0.48910365072376505
1.0,0.8,False,1.039373722945735
1.0,0.8,False,-0.46553564585940577
1.0,0.8,False,1.2101478954310707
1.0,0.8,False,-0.6209921309284687
1.0,0.8,False,-0.7549133496603242
1.0,0.8,False,0.05788462440748363
1.0,0.8,False,1.6411501048411108
1.0,0.8,False,0.2672890304563048
1.0,0.8,False,-0.9332095738184363
1.0,0.8,False,-0.3263162681186558
1.0,0.8,False,0.21725062472153764
1.0,0.8,False,-1.2397643835448406
1.0,0.8,False,-0.13899034499898882
1.0,0.8,False,0.01970094610529476
1.0,0.8,False,-0.8185414687035051
1.0,0.8,False,0.5817436106213094
1.0,0.8,False,-1.2012885948317926
1.0,0.8,False,-0.1839046814678553
1.0,0.8,False,-0.21154143344885457
1.0,0.8,False,0.47834586695537284
1.0,0.8,False,0.3624243099120979
1.0,0.8,False,-2.18203355369867
1.0,0.8,False,1.949998529109281
1.0,0.8,False,-0.9706168696316326
1.0,0.8,False,-0.45014935172464193
1.0,0.8,False,0.25052354269217664
1.0,0.8,False,0.4275579282206715
1.0,0.8,False,2.2082218784188083
1.0,0.8,False,-0.3936297561292252
1.0,0.8,False,-0.7275676126530093
1.0,0.8,False,-0.5626108931351641
1.0,0.8,False,0.6381811991699686
1.0,0.8,False,0.005983851014099068
1.0,0.8,False,-1.827213878569094
1.0,0.8,False,-0.5261136716845527
1.0,0.8,False,-0.8340989304357597
1.0,0.8,False,-0.49416459238347743
1.0,0.8,False,0.5023820891859895
1.0,0.8,False,-2.2329957045216764
1.0,0.8,False,0.25519348480745657
1.0,0.8,False,2.7162319350678827
1.0,0.8,False,-0.6278965131193852
1.0,0.8,False,0.0022073845325865436
1.0,0.8,False,1.5333689223184592
1.0,0.8,False,-0.8075634823491898
1.0,0.8,False,1.3297962072929148
1.0,0.8,False,-0.5131649634145029
1.0,0.8,False,1.0233849824693795
1.0,0.8,False,-0.4927518051699291
1.0,0.8,False,-1.3385102509148716
1.0,0.8,False,0.7371509934521717
1.0,0.8,False,1.3730585152516404
1.0,0.8,False,1.7493336606001755
1.0,0.8,False,1.2784987764777989
1.0,0.8,False,1.014030638707514
1.0,0.8,False,-0.10374067677169187
1.0,0.8,False,0.5846456352440824
1.0,0.8,False,-0.14409094630375638
1.0,0.8,False,-2.360073419194254
1.0,0.8,False,0.3513842813663164
1.0,0.8,False,-2.030874287266964
1.0,0.8,False,0.2770683250527682
1.0,0.8,False,1.1070537922948291
1.0,0.8,False,0.8535522857582919
1.0,0.8,False,-0.0969887883805703
1.0,0.8,False,1.1481690278380106
1.0,0.8,False,-0.1686736121474885
1.0,0.8,False,-0.041329012139904815
1.0,0.8,False,0.28933543523248734
1.0,0.8,False,0.2571162193861179
1.0,0.8,False,0.08716808738896957
1.0,0.8,False,2.237581132372583
1.0,0.8,False,-0.38318573919928084
1.0,0.8,False,1.295226906151058
1.0,0.8,False,1.2230476370045533
1.0,0.8,False,-2.3159261404655216
1.0,0.8,False,-0.5953643251546449
1.0,0.8,False,0.24664367545863292
1.0,0.8,False,-0.8043294989263512
1.0,0.8,False,0.34610478428526337
1.0,0.8,False,-0.01395006507492792
1.0,0.8,False,-2.122768703750727
1.0,0.8,False,2.005053066375826
1.0,0.8,False,1.3891177971650024
1.0,0.8,False,-0.5128548610517148
1.0,0.8,False,-1.084354106131119
1.0,0.8,False,-0.7716711506402876
1.0,0.8,False,-0.11855907565776799
1.0,0.8,False,0.2503864475440061
1.0,0.8,False,0.6328868847183213
1.0,0.8,False,-1.0418380683472255
1.0,0.8,False,2.6329184320674206
1.0,0.8,False,2.4114765489207572
1.0,0.8,False,-0.41281919352416463
1.0,0.8,False,-0.9134462222266916
1.0,0.8,False,-1.1304632125694203
1.0,0.8,False,0.598223963175052
1.0,0.8,False,0.3981410838513385
1.0,0.8,False,-0.5129093861527029
1.0,0.8,False,-0.7265615925156176
1.0,0.8,False,-0.9579003072830243
1.0,0.8,False,1.014857268150346
1.0,0.8,False,1.685333719893108
1.0,0.8,False,-0.701283482958361
1.0,0.8,False,-0.9352006062582883
1.0,0.8,False,-0.28208071720607286
1.0,0.8,False,-1.128626187449424
1.0,0.8,False,0.25462469648108316
1.0,0.8,False,-0.28425306781951953
1.0,0.8,False,-0.09322252381593751
1.0,0.8,False,0.43977122339784547
1.0,0.8,False,-0.9969429263117114
1.0,0.8,False,-1.429791235126389
1.0,0.8,False,0.9467025556373891
1.0,0.8,False,0.5676370559062441
1.0,0.8,False,-0.24295841864448087
1.0,0.8,False,-1.3065843640858352
1.0,0.8,False,0.6170724092769639
1.0,0.8,False,0.1583102824990974
1.0,0.8,False,1.1017986848856118
1.0,0.8,False,0.6050279563043239
1.0,0.8,False,-1.2538094388828906
1.0,0.8,False,1.4712152863948
1.0,0.8,False,2.5611502737958456
1.0,0.8,False,1.419043245388662
1.0,0.8,False,-0.13869830794689086
1.0,0.8,False,0.5342969279498483
1.0,0.8,False,0.27095962757522324
1.0,0.8,False,0.6900494859094158
1.0,0.8,False,-0.24019779343039704
1.0,0.8,False,-2.0336498133875907
1.0,0.8,False,-0.7042724198910959
1.0,0.8,False,0.49316757151991464
1.0,0.8,False,0.08826474595762367
1.0,0.8,False,0.3029390545557277
1.0,0.8,False,0.2117534787749814
1.0,0.8,False,0.5384907430368355
1.0,0.8,False,1.2367839303587889
1.0,0.8,False,0.7767939781474509
1.0,0.8,False,2.630953232726
1.0,0.8,False,0.9091902337795332
1.0,0.8,False,0.6446383237659994
1.0,0.8,False,-0.1382769245281977
1.0,0.8,False,1.4107856022274528
1.0,0.8,False,1.777182960420597
1.0,0.8,False,-0.3704452365350527
1.0,0.8,False,-0.7599757606509301
1.0,0.8,False,-0.10719028136061914
1.0,0.8,False,0.43885687332564877
1.0,0.8,False,0.44012785776857954
1.0,0.8,False,-1.0626420053090937
1.0,0.8,False,-0.7931506810996231
1.0,0.8,False,1.4468240728291792
1.0,0.8,False,0.029018545993583434
1.0,0.8,False,-1.8193373625169107
1.0,0.8,False,-0.011120147526351983
1.0,0.8,False,-1.9520272322707646
1.0,0.8,False,0.7997886312357314
1.0,0.8,False,-0.07400127629839627
1.0,0.8,False,-0.8011313218718292
1.0,0.8,False,-0.4614950075175442
1.0,0.8,False,0.8986634299292757
1.0,0.8,False,-0.41211974147797387
1.0,0.8,False,-0.1441946075139019
1.0,0.8,False,0.2625177071496646
1.0,0.8,False,-0.36526805640199556
1.0,0.8,False,0.34732229327624303
1.0,0.8,False,-0.20515869579752846
1.0,0.8,False,1.5157150997457225
1.0,0.8,False,3.284573649247493
1.0,0.8,False,0.4762596827118698
1.0,0.8,False,1.3546786723701503
1.0,0.8,False,0.34002512319927863
1.0,0.8,False,-2.199209821870703
1.0,0.8,False,1.5807661294907447
1.0,0.8,False,-0.28480489238114737
1.0,0.8,False,1.081951590864715
1.0,0.8,False,-0.6549537191230417
1.0,0.8,False,2.135479543848477
1.0,0.8,False,-1.3115294077813486
1.0,0.8,False,0.8875820071999274
1.0,0.8,False,-0.6345475422204451
1.0,0.8,False,-0.1045804852098523
1.0,0.8,False,-1.1614037205764625
1.0,0.8,False,0.9269084167411128
1.0,0.8,False,1.3872474487943651
1.0,0.8,False,1.365831105841402
1.0,0.8,False,-1.0855094807340429
1.0,0.8,False,0.21887831068084193
1.0,0.8,False,0.5598700005627653
1.0,0.8,False,0.3086050811800053
1.0,0.8,False,-1.2164905527350989
1.0,0.8,False,-0.7799849205359065
1.0,0.8,False,0.3105700847001705
1.0,0.8,False,-0.7714266887112076
1.0,0.8,False,1.6528871509934775
1.0,0.8,False,-0.06012898657327654
1.0,0.8,False,-0.8773480065552248
1.0,0.8,False,-0.6601156455159332
1.0,0.8,False,0.1485660576897229
1.0,0.8,False,1.1815630400113881
1.0,0.8,False,0.5689619243922981
1.0,0.8,False,-0.5126482600570931
1.0,0.8,False,0.3610939075437244
1.0,0.8,False,0.3197499028652151
1.0,0.8,False,2.22863695594342
1.0,0.8,False,-0.32655225358912726
1.0,0.8,False,-0.2442411889535842
1.0,0.8,False,1.5055816762448824
1.0,0.8,False,0.06596479847558588
1.0,0.8,False,-0.4185881060297603
1.0,0.8,False,0.21397103934470066
1.0,0.8,False,0.11821879303675185
1.0,0.8,False,-0.15662871096623118
1.0,0.8,False,-1.0800061559024599
1.0,0.8,False,-0.37885338278962966
1.0,0.8,False,-0.7333334724827305
1.0,0.8,False,0.46906745647913345
1.0,0.8,False,-0.9073314284742692
1.0,0.8,False,-1.7293045981632982
1.0,0.8,False,-0.9087444544365951
1.0,0.8,False,0.0990668547531319
1.0,0.8,False,0.1067306633786277
1.0,0.8,False,-1.9830639070596432
1.0,0.8,False,-0.41620160619470475
1.0,0.8,False,0.45662905081715954
1.0,0.8,False,-0.41715654083231185
1.0,0.8,False,-1.1164857518908662
1.0,0.8,False,-0.9552049801119602
1.0,0.8,False,-2.896994881767071
1.0,0.8,False,-0.3808414205621916
1.0,0.8,False,-0.22022976882186096
1.0,0.8,False,-0.5269280498441936
1.0,0.8,False,-1.0219597335467334
1.0,0.8,False,-0.1723492631009979
1.0,0.8,False,1.9144854359459633
1.0,0.8,False,-0.5773222409567307
1.0,0.8,False,-2.4911469305544998
1.0,0.8,False,-0.165087686535383
1.0,0.8,False,-0.06491573899340883
1.0,0.8,False,0.3347557798205463
1.0,0.8,False,0.6982971678742272
1.0,0.8,False,-0.4972131911105234
1.0,0.8,False,-0.7534681117082266
1.0,0.8,False,-2.5814971976982206
1.0,0.8,False,0.923608059600622
1.0,0.8,False,1.0458930474419208
1.0,0.8,False,-1.2558213262757176
1.0,0.8,False,-0.8913822057860855
1.0,0.8,False,-0.009670305213437152
1.0,0.8,False,-0.19405424045376843
1.0,0.8,False,-0.31752659666478755
1.0,0.8,False,0.8727716677156345
1.0,0.8,False,-0.0851655630073363
1.0,0.8,False,1.7419663874160014
1.0,0.8,False,-0.4017991622822208
1.0,0.8,False,-0.3822084999720136
1.0,0.8,False,-0.677897014636982
1.0,0.8,False,1.3173212309336804
1.0,0.8,False,0.36925552957397995
1.0,0.8,False,0.41107362507353684
1.0,0.8,False,-1.2261914297094652
1.0,0.8,False,0.04138724180310232
1.0,0.8,False,0.5021612808066818
1.0,0.8,False,1.0312222097325456
1.0,0.8,False,1.466786776839176
1.0,0.8,False,0.564500809832266
1.0,0.8,False,1.5407720305838954
1.0,0.8,False,0.6385812089987584
1.0,0.8,False,-0.622600670775873
1.0,0.8,False,-0.11160780962741695
1.0,0.8,False,1.3353348586860632
1.0,0.8,False,-1.4725511069798054
1.0,0.8,False,-0.45229560071831104
1.0,0.8,False,-0.4121617844337292
1.0,0.8,False,-0.6162309325098515
1.0,0.8,False,0.2722259417951246
1.0,0.8,False,1.1072410986002537
1.0,0.8,False,-0.5792524598335068
1.0,0.8,False,0.197731256778025
1.0,0.8,False,-1.8778677052479855
1.0,0.8,False,0.3495318316235857
1.0,0.8,False,0.8358818806784544
1.0,0.8,False,0.37603347537649423
1.0,0.8,False,0.5571727446441347
1.0,0.8,False,-1.0691661375958748
1.0,0.8,False,1.263068248910682
1.0,0.8,False,0.752488762251192
1.0,0.8,False,2.283528078351298
1.0,0.8,False,0.2050451921846063
1.0,0.8,False,0.6458820290361813
1.0,0.8,False,-0.4107478925479808
1.0,0.8,False,-1.9728910830081334
1.0,0.8,False,0.16404344766497195
1.0,0.8,False,-0.5294235808331654
1.0,0.8,False,0.12650409158273435
1.0,0.8,False,0.47810673397626263
1.0,0.8,False,0.5645483187014932
1.0,0.8,False,0.38915328562382884
1.0,0.8,False,0.6687803988638744
1.0,0.8,False,0.08599973436585613
1.0,0.8,False,0.20284613109248195
1.0,0.8,False,-0.4610004467041669
1.0,0.8,False,-0.8411539038389102
1.0,0.8,False,1.5105361843189544
1.0,0.8,False,0.5267333883640707
1.0,0.8,False,-1.071217590494302
1.0,0.8,False,0.3383624095383135
1.0,0.8,False,-0.5887252502360388
1.0,0.8,False,-0.7769529769456077
1.0,0.8,False,0.08695190301454188
1.0,0.8,False,1.0144554301485993
1.0,0.8,False,1.7450612887838859
1.0,0.8,False,0.26689372809725936
1.0,0.8,False,1.8340579531614059
1.0,0.8,False,-0.9874392456052171
1.0,0.8,False,-1.7656535698045035
1.0,0.8,False,-0.27589262212697974
1.0,0.8,False,-1.2195613463112904
1.0,0.8,False,-1.291114643405254
1.0,0.8,False,0.7360913456057018
1.0,0.8,False,0.6513303752980109
1.0,0.8,False,1.1308432500174095
1.0,0.8,False,-1.8994156367256911
1.0,0.8,False,0.9340742883612786
1.0,0.8,False,-0.2726429876591614
1.0,0.8,False,0.9591946547856017
1.0,0.8,False,1.3005783743740478
1.0,0.8,False,-0.9399307159212597
1.0,0.8,False,-1.3510974685324482
1.0,0.8,False,-0.035757307062398505
1.0,0.8,False,-0.19132544516600175
1.0,0.8,False,1.5063243844434193
1.0,0.8,False,-0.1305623673110593
1.0,0.8,False,-0.32579289025280345
1.0,0.8,False,0.7058301764960124
1.0,0.8,False,0.4727965477814566
1.0,0.8,False,0.042639059135691514
1.0,0.8,False,0.28525013980712693
1.0,0.8,False,1.2589552758431324
1.0,0.8,False,1.2500177009698967
1.0,0.8,False,-0.03182463368160498
1.0,0.8,False,-1.4002469092941523
1.0,0.8,False,-1.0610065072021495
1.0,0.8,False,-1.0310011053428312
1.0,0.8,False,0.3930798304546212
1.0,0.8,False,-1.3742050552028096
1.0,0.8,False,-1.074634277491891
1.0,0.8,False,2.136419304331433
1.0,0.8,False,0.6283846787965345
1.0,0.8,False,0.2666688154614245
1.0,0.8,False,0.6201378886072106
1.0,0.8,False,-0.027692193818838532
1.0,0.8,False,0.5146175181663744
1.0,0.8,False,0.390239530635179
1.0,0.8,False,0.262684332958112
1.0,0.8,False,0.4337335844667262
1.0,0.8,False,-0.20559240756693833
1.0,0.8,False,-0.6568623767968537
1.0,0.8,False,0.45311379501845284
1.0,0.8,False,0.2860989514567788
1.0,0.8,False,0.33554496790890526
1.0,0.8,False,-0.5300768060430144
1.0,0.8,False,-0.6809307119954257
1.0,0.8,False,0.6028422482323248
1.0,0.8,False,0.479524046302668
1.0,0.8,False,0.15652901698842056
1.0,0.8,False,1.1120239294407852
1.0,0.8,False,0.08156179664066406
1.0,0.8,False,0.2739883140166193
1.0,0.8,False,-0.8307625063344568
1.0,0.8,False,1.0792300877282803
1.0,0.8,False,-0.5210448180868518
1.0,0.8,False,-0.3758296666176215
1.0,0.8,False,0.5223215119232352
1.0,0.8,False,0.4600956418477089
1.0,0.8,False,-1.0254621916454836
1.0,0.8,False,0.23056622181494038
1.0,0.8,False,0.3281278849067831
1.0,0.8,False,0.824876568317812
1.0,0.8,False,-1.7374193975596741
1.0,0.8,False,-1.2545528578326177
1.0,0.8,False,-0.8668981572261527
1.0,0.8,False,0.3356655636863026
1.0,0.8,False,-0.8604141872198187
1.0,0.8,False,0.5839825919945056
1.0,0.8,False,0.4045555299928755
1.0,0.8,False,-1.035825120448965
1.0,0.8,False,-1.2586578404042035
1.0,0.8,False,-1.814029698028141
1.0,0.8,False,0.19649046832360298
1.0,0.8,False,0.9787819093901922
1.0,0.8,False,-0.7303378668314627
1.0,0.8,False,0.021283960338481844
1.0,0.8,False,-0.4505008625815484
1.0,0.8,False,1.555783597117063
1.0,0.8,False,-0.6244780605618367
1.0,0.8,False,-0.5273196366954117
1.0,0.8,False,1.6515376962492945
1.0,0.8,False,1.8709163547575243
1.0,0.8,False,-0.2682193616305533
1.0,0.8,False,-0.4549074389038381
1.0,0.8,False,-0.010340150541447234
1.0,0.8,False,-0.7739372099870402
1.0,0.8,False,0.21316319233653588
1.0,0.8,False,0.09258192734734602
1.0,0.8,False,0.3385544734066176
1.0,0.8,False,-1.0166869486642383
1.0,0.8,False,-0.3000381725813857
1.0,0.8,False,1.2381384726848046
1.0,0.8,False,0.8357912173273873
1.0,0.8,False,0.9753165263674943
1.0,0.8,False,0.11534325821579519
1.0,0.8,False,1.4289703707113934
1.0,0.8,False,0.23645740578380484
1.0,0.8,False,0.4267658838534642
1.0,0.8,False,1.380473701259841
1.0,0.8,False,0.0057140789697245715
1.0,0.8,False,-0.7749902456758293
1.0,0.8,False,0.11027831766797776
1.0,0.8,False,0.33651232186011815
1.0,0.8,False,-0.13891592035957057
1.0,0.8,False,-1.4448097813577754
1.0,0.8,False,0.2648386633837146
1.0,0.8,False,-0.43116668645266987
1.0,0.8,False,-1.1396340727402352
1.0,0.8,False,-0.0024524017139230876
1.0,0.8,False,-3.355998977610058
1.0,0.8,False,-0.16199685502638916
1.0,0.8,False,0.2908753701223258
1.0,0.8,False,1.2897373042693379
1.0,0.8,False,0.3978276311220802
1.0,0.8,False,0.4296746969679642
1.0,0.8,False,-1.2416752843357364
1.0,0.8,False,2.730782118023601
1.0,0.8,False,0.20198857841566775
1.0,0.8,False,0.667940981293085
1.0,0.8,False,1.5173697763197316
1.0,0.8,False,-1.0383764908177946
1.0,0.8,False,0.015498499513281931
1.0,0.8,False,-0.27249584912661157
1.0,0.8,False,0.9405358878116017
1.0,0.8,False,0.4319576809010481
1.0,0.8,False,1.4771436189731708
1.0,0.8,False,1.6098269543516739
1.0,0.8,False,-0.80637186232842
1.0,0.8,False,0.7537747596287959
1.0,0.8,False,2.0522143791235026
1.0,0.8,False,0.2048393106105189
1.0,0.8,False,-0.5746886903946373
1.0,0.8,False,-0.0651000178982278
1.0,0.8,False,0.008643992391541068
1.0,0.8,False,0.8485027697590679
1.0,0.8,False,-1.095586990600458
1.0,0.8,False,0.47326927051261664
1.0,0.8,False,0.5531336978240112
1.0,0.8,False,0.9573163490567727
1.0,0.8,False,-0.7548383459440161
1.0,0.8,False,-0.25832147284027734
1.0,0.8,False,-0.35439282769288505
1.0,0.8,False,1.1009945284242961
1.0,0.8,False,-0.14267849228282656
1.0,0.8,False,-0.36208680153501377
1.0,0.8,False,3.5336677440210833
1.0,0.8,False,1.201141127016155
1.0,0.8,False,0.332942515465959
1.0,0.8,False,-0.3397363572819656
1.0,0.8,False,-0.47285819309076144
1.0,0.8,False,0.24702380809256722
1.0,0.8,False,0.8974975989724698
1.0,0.8,False,-0.21981282658712112
1.0,0.8,False,-0.13319917765424213
1.0,0.8,False,0.6466835349381603
1.0,0.8,False,-0.676790520680107
1.0,0.8,False,-0.7658115140237575
1.0,0.8,False,0.8402249785568123
1.0,0.8,False,0.5170527897225153
1.0,0.8,False,-0.9284194827569324
1.0,0.8,False,-0.30549558505457286
1.0,0.8,False,-0.020662568330187144
1.0,0.8,False,0.2515086975128898
1.0,0.8,False,-0.20938928002774523
1.0,0.8,False,2.2687971314847837
1.0,0.8,False,0.20866965534990822
1.0,0.8,False,-0.31173757189733586
1.0,0.8,False,-0.5595521508465257
1.0,0.8,False,0.8167514815862911
1.0,0.8,False,-0.6725855475362693
1.0,0.8,False,-0.16671591961571913
1.0,0.8,False,-0.1496489794246978
1.0,0.8,False,0.5274558714797843
1.0,0.8,False,0.030564226181492342
1.0,0.8,False,-1.3488574308087875
1.0,0.8,False,-1.1256366056754816
1.0,0.8,False,0.27346243618531396
1.0,0.8,False,-1.2734496663560182
1.0,0.8,False,-1.5727197648723614
1.0,0.8,False,0.45661274149457953
1.0,0.8,False,0.7727223406931757
1.0,0.8,False,-0.034366247484480444
1.0,0.8,False,-0.39348888526325654
1.0,0.8,False,-0.011851130276109977
1.0,0.8,False,0.9877223396477072
1.0,0.8,False,-1.044936725389188
1.0,0.8,False,0.6845752355239969
1.0,0.8,False,0.43745544410066717
1.0,0.8,False,-0.592938577318415
1.0,0.8,False,0.9412993953671839
1.0,0.8,False,-0.8369962553448151
1.0,0.8,False,0.8254489466470595
1.0,0.8,False,-0.9403223580941228
1.0,0.8,False,-1.348693558425625
1.0,0.8,False,-0.5725601324189938
1.0,0.8,False,-0.5610317213048608
1.0,0.8,False,0.673634497573448
1.0,0.8,False,0.419380708239874
1.0,0.8,False,-0.1405723936862949
1.0,0.8,False,1.0831059721463363
1.0,0.8,False,0.28444486559420484
1.0,0.8,False,-0.26976437580035784
1.0,0.8,False,-1.0119105865949432
1.0,0.8,False,-2.240846538156469
1.0,0.8,False,0.8951457315908965
1.0,0.8,False,-0.3878003204860572
1.0,0.8,False,-0.3797442020064809
1.0,0.8,False,0.6479827498223256
1.0,0.8,False,-1.0834522057614913
1.0,0.8,False,-0.20388579459350062
1.0,0.8,False,-0.7361275324397059
1.0,0.8,False,0.5527528225147502
1.0,0.8,False,-0.30487346630584555
1.0,0.8,False,0.4720521689694083
1.0,0.8,False,-0.6128490899182093
1.0,0.8,False,1.0476245235507289
1.0,0.8,False,0.930417426800727
1.0,0.8,False,-0.15276742329738877
1.0,0.8,False,1.805356866122872
1.0,0.8,False,-0.9154452389452473
1.0,0.8,False,0.800300176317273
1.0,0.8,False,0.7109338230984397
1.0,0.8,False,0.15425995387925243
1.0,0.8,False,0.8917740485918458
1.0,0.8,False,-0.014316662227506093
1.0,0.8,False,-0.9396990423094119
1.0,0.8,False,-1.3125143162657804
1.0,0.8,False,-1.0777599495675934
1.0,0.8,False,-0.15966139264029855
1.0,0.8,False,0.7441396978272844
1.0,0.8,False,0.22751649616543054
1.0,0.8,False,-1.0975383534096954
1.0,0.8,False,-0.3172966027462459
1.0,0.8,False,0.2109041331403072
1.0,0.8,False,1.1819842507387286
1.0,0.8,False,0.4934845881691545
1.0,0.8,False,0.30787896375221846
1.0,0.8,False,0.7737505698106942
1.0,0.8,False,0.4964310830628225
1.0,0.8,False,1.0784210371198595
1.0,0.8,False,-0.7603876741522998
1.0,0.8,False,-0.6726498142115488
1.0,0.8,False,-1.9626235145517237
1.0,0.8,False,-0.8865566369606287
1.0,0.8,False,0.60953771347305
1.0,0.8,False,0.656070418871361
1.0,0.8,False,0.7681008952783884
1.0,0.8,False,-0.4153984358980769
1.0,0.8,False,-0.22571544736870447
1.0,0.8,False,0.18767279426454145
1.0,0.8,False,2.1493438794242614
1.0,0.8,False,0.7820310087604447
1.0,0.8,False,-1.6755579949128219
1.0,0.8,False,0.3592048942467541
1.0,0.8,False,0.34980179501264924
1.0,0.8,False,0.8545405153886332
1.0,0.8,False,0.5552921249454731
1.0,0.8,False,0.3302147707042508
1.0,0.8,False,0.3886932165233071
1.0,0.8,False,-0.39069538555398364
1.0,0.8,False,-0.7666955424761068
1.0,0.8,False,-0.08145836896070005
1.0,0.8,False,1.5367570149585572
1.0,0.8,False,0.031176954831725386
1.0,0.8,False,-0.41064369862999744
1.0,0.8,False,-1.02921796097961
1.0,0.8,False,0.9978134899969315
1.0,0.8,False,-0.3537065445458171
1.0,0.8,False,0.0010476540245418183
1.0,0.8,False,-0.8513942948602001
1.0,0.8,False,-1.6767211893807512
1.0,0.8,False,-0.68214713419655
1.0,0.8,False,1.8742284495648875
1.0,0.8,False,-1.0450156436506512
1.0,0.8,False,0.28152322983070693
1.0,0.8,False,0.32496208261237575
1.0,0.8,False,-1.1698992500328738
1.0,0.8,False,-0.28641995427744815
1.0,0.8,False,-1.8194987275924939
1.0,0.8,False,1.2117075254828606
1.0,0.8,False,0.9158070534416254
1.0,0.8,False,0.5590068259277625
1.0,0.8,False,0.2185272927913141
1.0,0.8,False,0.37507272874523434
1.0,0.8,False,0.4433276249630077
1.0,0.8,False,-0.8265275956835919
1.0,0.8,False,-0.6670175555378118
1.0,0.8,False,-1.2053891177434721
1.0,0.8,False,3.3107568175571873
1.0,0.8,False,0.5843480293866613
1.0,0.8,False,-0.11651976060336333
1.0,0.8,False,1.4050430249385497
1.0,0.8,False,0.21387928332160888
1.0,0.8,False,0.3466959774185192
1.0,0.8,False,-0.9838218942123618
1.0,0.8,False,0.31618827393200116
1.0,0.8,False,-0.8230367158069716
1.0,0.8,False,-0.7181047864407516
1.0,0.8,False,1.8232815192674638
1.0,0.8,False,1.1612621882216174
1.0,0.8,False,0.7753453228121496
1.0,0.8,False,-0.2436511648902655
1.0,0.8,False,0.8347944909924735
1.0,0.8,False,-1.6043747412363132
1.0,0.8,False,0.5939516751788986
1.0,0.8,False,-0.28736200030861714
1.0,0.8,False,-0.42246487379368
1.0,0.8,False,-1.3456831509757234
1.0,0.8,False,0.8914710269927768
1.0,0.8,False,0.7856850919697138
1.0,0.8,False,1.3624567041449265
1.0,0.8,False,-0.0675496975527916
1.0,0.8,False,-0.5586793419820199
1.0,0.8,False,-0.6633776442688916
1.0,0.8,False,-1.1059571861896667
1.0,0.8,False,-0.03913001570917032
1.0,0.8,False,1.5447437611726857
1.0,0.8,False,0.3327372720830389
1.0,0.8,False,-0.5104344214503128
1.0,0.8,False,1.8925972751937994
1.0,0.8,False,0.5186665677157728
1.0,0.8,False,0.8592061864348891
1.0,0.8,False,0.025764468330900847
1.0,0.8,False,-0.2993469796459235
1.0,0.8,False,1.5490535936805516
1.0,0.8,False,-0.940856905228893
1.0,0.8,False,-1.1040145747012595
1.0,0.8,False,-0.8174392292917403
1.0,0.8,False,-0.530375149429825
1.0,0.8,False,-0.6833117759188333
1.0,0.8,False,-1.6527386980655996
1.0,0.8,False,-1.090203054070715
1.0,0.8,False,1.3525626199980616
1.0,0.8,False,-1.0222315446744052
1.0,0.8,False,-0.725423074947215
1.0,0.8,False,-0.5677281688993878
1.0,0.8,False,2.0338757168011186
1.0,0.8,False,0.9421379826358651
1.0,0.8,False,1.7548710370836622
1.0,0.8,False,-0.47128278255920625
1.0,0.8,False,-0.9517757944264855
1.0,0.8,False,-1.1426041780085947
1.0,0.8,False,-1.918017381370879
1.0,0.8,False,-0.5439829623699474
1.0,0.8,False,0.23409066810558807
1.0,0.8,False,-1.0625420319551881
1.0,0.8,False,0.46447244314854436
1.0,0.8,False,1.2460361770465445
1.0,0.8,False,0.30327953195753515
1.0,0.8,False,-1.137902793684047
1.0,0.8,False,-1.0820994992799202
1.0,0.8,False,1.2237821648667715
1.0,0.8,False,-1.020924805653707
1.0,0.8,False,-0.06243203008104112
1.0,0.8,False,-0.3901287007087872
1.0,0.8,False,1.196268391933504
1.0,0.8,False,1.2379034077875115
1.0,0.8,False,-0.35009497639597276
1.0,0.8,False,0.3131259293478644
1.0,0.8,False,-1.027547559467227
1.0,0.8,False,-0.16503450687550655
1.0,0.8,False,-0.6557847952612534
1.0,0.8,False,0.8681310504413217
1.0,0.8,False,-0.379441028110487
1.0,0.8,False,-0.9692319509541677
1.0,0.8,False,0.9535280356900367
1.0,0.8,False,0.28439361137297803
1.0,0.8,False,-1.3233874491008422
1.0,0.8,False,1.012751057414686
1.0,0.8,False,-0.19670565995468725
1.0,0.8,False,0.9433400013920274
1.0,0.8,False,1.783297249099041
1.0,0.8,False,0.09427161564106679
1.0,0.8,False,0.2471852523869819
1.0,0.8,False,1.2638688633719801
1.0,0.8,False,0.5592319089556221
1.0,0.8,False,-1.1418786057837556
1.0,0.8,False,-1.4324008943612787
1.0,0.8,False,-0.2914560801461394
1.0,0.8,False,0.06426008110594464
1.0,0.8,False,-0.3580056115670789
1.0,0.8,False,-0.08149778456843894
1.0,0.8,False,0.41561887630885075
1.0,0.8,False,-1.0765517312513158
1.0,0.8,False,1.1878205345118225
1.0,0.8,False,0.7479706600885161
1.0,0.8,False,0.17183592083597277
1.0,0.8,False,1.8531910963685074
1.0,0.8,False,1.1602630644371443
1.0,0.8,False,-0.4559055913549148
1.0,0.8,False,-0.8549030383197936
1.0,0.8,False,0.7373510869865635
1.0,0.8,False,1.0840384649198302
1.0,0.8,False,-1.0247902002646285
1.0,0.8,False,-0.3923214853747583
1.0,0.8,False,-0.8140428765303473
1.0,0.8,False,-2.7830677029854836
1.0,0.8,False,0.5526823104478262
1.0,0.8,False,0.9508933614837716
1.0,0.8,False,-0.24109731680009103
1.0,0.8,False,0.732502847841706
1.0,0.8,False,0.6435274324951478
1.0,0.8,False,0.01783455210341622
1.0,0.8,False,1.1499785002998384
1.0,0.8,False,0.1038654838270641
1.0,0.8,False,0.5015428096881256
1.0,0.8,False,-0.17673894376038518
1.0,0.8,False,-0.7423568801129904
1.0,0.8,False,-1.1010765232094606
1.0,0.8,False,0.5416044371972555
1.0,0.8,False,1.1189278858403577
1.0,0.8,False,0.8596185016307395
1.0,0.8,False,1.0994689818057777
1.0,0.8,False,-0.5009700806228966
1.0,0.8,False,0.38820131265103514
1.0,0.8,False,1.5590930855174516
1.0,0.8,False,-0.4728542725199892
1.0,0.8,False,-0.5952701079391437
1.0,0.8,False,-0.5771762813803984
1.0,0.8,False,0.6373613332871874
1.0,0.8,False,-1.503206207692563
1.0,0.8,False,0.11884497593405248
1.0,0.8,False,1.1306074767852399
1.0,0.8,False,0.20533737427666973
1.0,0.8,False,-0.14349359295456118
1.0,0.8,False,-0.17231441005534195
1.0,0.8,False,1.121294816536424
1.0,0.8,False,-0.14425623373344812
1.0,0.8,False,0.3515959439951804
1.0,0.8,False,1.1295316151204
1.0,0.8,False,-0.5946915062271708
1.0,0.8,False,0.07686989148946448
1.0,0.8,False,-1.143092133081008
1.0,0.8,False,-0.6717788951299206
1.0,0.8,False,-0.27761613813125013
1.0,0.8,False,1.2643373663326545
1.0,0.8,False,-0.647637881808973
1.0,0.8,False,-0.5813692852997238
1.0,0.8,False,1.1550891658788471
1.0,0.8,False,-0.045477249106970714
1.0,0.8,False,1.1343464229113214
1.0,0.8,False,2.0583442850962808
1.0,0.8,False,-0.11547347785144212
1.0,0.8,False,-0.7970472968942559
1.0,0.8,False,1.4651214941840498
1.0,0.8,False,0.644390873079441
1.0,0.8,False,-0.03983762559958641
1.0,0.8,False,2.0016798820300887
1.0,0.8,False,0.04639737454403358
1.0,0.8,False,-0.26398290877887465
1.0,0.8,False,-0.2760279835902314
1.0,0.8,False,-0.1705848417962527
1.0,0.8,False,-0.5751845653068779
1.0,0.8,False,-0.721704085172337
1.0,0.8,False,1.9086138901734249
1.0,0.8,False,0.5210482277763745
1.0,0.8,False,-0.8073114535402182
1.0,0.8,False,-0.0045428313685956295
1.0,0.8,False,-1.3027251031759681
1.0,0.8,False,-0.0679354694247186
1.0,0.8,False,0.6979125383868465
1.0,0.8,False,-0.6151675352138334
1.0,0.8,False,-0.18821791621754835
1.0,0.8,False,0.32383405730990616
1.0,0.8,False,-0.3501898600219253
1.0,0.8,False,-0.8432843123535485
1.0,0.8,False,0.6823783603775508
1.0,0.8,False,-0.2795362799332525
1.0,0.8,False,0.5307477045230784
1.0,0.8,False,0.8460794779560612
1.0,0.8,False,1.0556491009975142
1.0,0.8,False,-2.0766592130358967
1.0,0.8,False,-0.9621796623767357
1.0,0.8,False,-0.031151351287573917
1.0,0.8,False,-0.3385837593208927
1.0,0.8,False,-1.089509202317272
1.0,0.8,False,0.09397932533703517
1.0,0.8,False,-1.392929518947647
1.0,0.8,False,1.4211983881324926
1.0,0.8,False,-1.345163706404629
1.0,0.8,False,1.4389566010991066
1.0,0.8,False,-1.2487734180831849
1.0,0.8,False,-1.6799385499478043
1.0,0.8,False,-0.8898332813889364
1.0,0.8,False,0.5480569373724937
1.0,0.8,False,-0.3526814945958442
1.0,0.8,False,-0.6662769691352081
1.0,0.8,False,0.3216122675567187
1.0,0.8,False,1.1253228155506334
1.0,0.8,False,0.40789274547765036
1.0,0.8,False,0.7588579886087372
1.0,0.8,False,1.3331176716603184
1.0,0.8,False,-1.0477400474933984
1.0,0.8,False,0.21887910057388554
1.0,0.8,False,-0.6121496973617722
1.0,0.8,False,1.7894401247602283
1.0,0.8,False,0.32234108320333177
1.0,0.8,False,2.0468777536321854
1.0,0.8,False,-0.05166574747899438
1.0,0.8,False,0.9198579309749554
1.0,0.8,False,-1.5547321522942508
1.0,0.8,False,-0.2939833954233059
1.0,0.8,False,-1.429668798297781
1.0,0.8,False,-0.23997081282948585
1.0,0.8,False,-1.752041019721159
1.0,0.8,False,1.0300023289179405
1.0,0.8,False,1.5426369522453258
1.0,0.8,False,1.6064864287228278
1.0,0.8,False,1.4259061643466646
1.0,0.8,False,-0.4616147394544996
1.0,0.8,False,-1.0269654257477134
1.0,0.8,False,1.2296762335902132
1.0,0.8,False,-0.23430669874896373
1.0,0.8,False,-0.8152901087991345
1.0,0.8,False,1.3149292974578646
1.0,0.8,False,-0.04494530756479266
1.0,0.8,False,2.3679460160754155
1.0,0.8,False,-1.6576310723671486
1.0,0.8,False,0.6737127698983936
1.0,0.8,False,-0.18907104510091866
1.0,0.8,False,0.7462817219842937
1.0,0.8,False,1.0517123574355782
1.0,0.8,False,-2.050571946019152
1.0,0.8,False,0.022634352938194765
1.0,0.8,False,-0.8249289602390443
1.0,0.8,False,-0.6485923418736566
1.0,0.8,False,-0.7195434104683613
1.0,0.8,False,0.08074856632712504
1.0,0.8,False,-3.1407157263797854
1.0,0.8,False,1.7051347078979466
1.0,0.8,False,0.6532513325061583
1.0,0.8,False,-0.8099195916121058
1.0,0.8,False,1.6453984840945712
1.0,0.8,False,-1.0536097454186244
1.0,0.8,False,0.26587667658169595
1.0,0.8,False,0.4962340714255175
1.0,0.8,False,-0.6787429854987191
1.0,0.8,False,-0.22020526729530795
1.0,0.8,False,-0.48731830772218976
1.0,0.8,False,-1.1187712817884594
1.0,0.8,False,0.8877525776039245
1.0,0.8,False,0.015484191608154951
1.0,0.8,False,0.1093352644595196
1.0,0.8,False,-0.5480916013541677
1.0,0.8,False,0.9423236712584316
1.0,0.8,False,-1.1855964163503108
1.0,0.8,False,-0.6092874660214305
1.0,0.8,False,0.568311431410842
1.0,0.8,False,1.268325141273189
1.0,0.8,False,-0.5324110855707536
1.0,0.8,False,1.798129821925327
1.0,0.8,False,1.2627485808168175
1.0,0.8,False,0.941951805816984
1.0,0.8,False,0.27736897301481145
1.0,0.8,False,-0.7159548654258242
1.0,0.8,False,-0.9391717796597685
1.0,0.8,False,-1.0259458853214003
1.0,0.8,False,0.7266953747866227
1.0,0.8,False,-1.2377182887582183
1.0,0.8,False,-1.623685442097471
1.0,0.8,False,1.770973008707283
1.0,0.8,False,0.28415274172933686
1.0,0.8,False,-0.8745754294276691
1.0,0.8,False,2.151838601522157
1.0,0.8,False,-0.9093735921146456
1.0,0.8,False,1.8968277647045209
1.0,0.8,False,-1.0373565739112283
1.0,0.8,False,-1.7220132016892937
1.0,0.8,False,0.9429129512081275
1.0,0.8,False,0.721948818129446
1.0,0.8,False,-1.8013487946731064
1.0,0.8,False,0.4053707074891283
1.0,0.8,False,-0.02528758633061474
1.0,0.8,False,1.1919364933246754
1.0,0.8,False,1.1708837507390013
1.0,0.8,False,0.5549988321004292
1.0,0.8,False,2.6159332651398173
1.0,0.8,False,0.2516123275318022
1.0,0.8,False,-0.7821581506907039
1.0,0.8,False,0.11720387595747811
1.0,0.8,False,0.10383179879704382
1.0,0.8,False,0.5354793132724618
1.0,0.8,False,0.5512972313030808
1.0,0.8,False,0.8647232407873318
1.0,0.8,False,-1.022866795069317
1.0,0.8,False,-1.712061031944631
1.0,0.8,False,-0.9873020093595823
1.0,0.8,False,-0.8401851135824783
1.0,0.8,False,1.115551862628878
1.0,0.8,False,2.1383887597291675
1.0,0.8,False,1.1542191018708186
1.0,0.8,False,-0.20101733279079306
1.0,0.8,False,0.29257544535124574
1.0,0.8,False,1.0817819955804346
1.0,0.8,False,-0.6618664666925717
1.0,0.8,False,-1.681790055496369
1.0,0.8,False,-1.232094112725445
1.0,0.8,False,0.5099663481111557
1.0,0.8,False,0.7095624768262376
1.0,0.8,False,1.5948387026055513
1.0,0.8,False,0.43683478021806105
1.0,0.8,False,-2.2159864242459513
1.0,0.8,False,-0.18049456200894123
1.0,0.8,False,-0.0824538583519457
1.0,0.8,False,0.04774747167087528
1.0,0.8,False,-1.1273445682409962
1.0,0.8,False,0.22658744041653917
1.0,0.8,False,0.5254313204489258
1.0,0.8,False,0.12480316748620357
1.0,0.8,False,0.6548779298252475
1.0,0.8,False,0.5290410151167951
1.0,0.8,False,-0.904726551567794
1.0,0.8,False,0.6831809444664253
1.0,0.8,False,-1.0063252321302532
1.0,0.8,False,2.1358052464698773
1.0,0.8,False,-0.4538746362535681
1.0,0.8,False,-0.9113588633178278
1.0,0.8,False,-0.3324095167743367
1.0,0.8,False,0.6023633778723301
1.0,0.8,False,-0.8015228046703947
1.0,0.8,False,2.0079806584027122
1.0,0.8,False,0.7675574236002687
1.0,0.8,False,1.5017917177569347
1.0,0.8,False,0.3260020969006317
1.0,0.8,False,-1.1481982645067343
1.0,0.8,False,-0.9790298662422517
1.0,0.8,False,-0.17067721523931542
1.0,0.8,False,-0.5784595665520814
1.0,0.8,False,-2.3179634105133435
1.0,0.8,False,1.0011349724834564
1.0,0.8,False,-0.6014459620536352
1.0,0.8,False,-0.9277919192037336
1.0,0.8,False,-0.9603046474357285
1.0,0.8,False,0.8095127703803571
1.0,0.8,False,-0.9002363931873685
1.0,0.8,False,0.5222234117850013
1.0,0.8,False,-0.5645414713489902
1.0,0.8,False,-0.0763578528695497
1.0,0.8,False,0.2169049818122375
1.0,0.8,False,-0.3959044432021641
1.0,0.8,False,0.2699453162638729
1.0,0.8,False,1.1396104921742944
1.0,0.8,False,0.3189796631577445
1.0,0.8,False,0.9768782196341246
1.0,0.8,False,1.3522405039432066
1.0,0.8,False,1.5143952383775707
1.0,0.8,False,-0.057382542380730664
1.0,0.8,False,0.5337312674944357
1.0,0.8,False,0.8718537242142327
1.0,0.8,False,1.3155573375653167
1.0,0.8,False,-1.0014572334103549
1.0,0.8,False,1.6758560825970454
1.0,0.8,False,1.6321918039555183
1.0,0.8,False,1.438881027115808
1.0,0.8,False,1.6672514333244957
1.0,0.8,False,1.0992641193342123
1.0,0.8,False,0.2355703692244975
1.0,0.8,False,0.2546540428990607
1.0,0.8,False,0.24687866785896223
1.0,0.8,False,0.6533621437234534
1.0,0.8,False,-3.3509613342878173
1.0,0.8,False,0.26928232749355097
1.0,0.8,False,-0.534974963843598
1.0,0.8,False,-1.3544541725364285
1.0,0.8,False,-0.5644653664739531
1.0,0.8,False,-0.6381896788238121
1.0,0.8,False,0.5195321353186168
1.0,0.8,False,0.024555889397392866
1.0,0.8,False,-1.4085504640135937
1.0,0.8,False,1.4201529996868951
1.0,0.8,False,0.535194895162929
1.0,0.8,False,1.8968161561429833
1.0,0.8,False,-1.4521247637036505
1.0,0.8,False,-0.21219576019699996
1.0,0.8,False,-1.6909389772004881
1.0,0.8,False,0.055764329763979124
1.0,0.8,False,2.389873300604791
1.0,0.8,False,0.800234647195812
1.0,0.8,False,-1.4248709610069588
1.0,0.8,False,0.5056558559853259
1.0,0.8,False,-0.851156992076589
1.0,0.8,False,0.504192606921479
1.0,0.8,False,0.049910688672285014
1.0,0.8,False,0.07664335003560843
1.0,0.8,False,-0.5205023272558779
1.0,0.8,False,-1.087631998445986
1.0,0.8,False,-1.3554997309036243
1.0,0.8,False,1.1213829372289572
1.0,0.8,False,-0.7960290433013341
1.0,0.8,False,1.4476982157373377
1.0,0.8,False,0.638722368281452
1.0,0.8,False,0.17820958062794667
1.0,0.8,False,-0.5103522469060328
1.0,0.8,False,-2.6087197278753558
1.0,0.8,False,0.4496127488902934
1.0,0.8,False,-0.410509348695061
1.0,0.8,False,0.29089715317707526
1.0,0.8,False,-2.6567974474029117
1.0,0.8,False,0.25276666169628204
1.0,0.8,False,-0.23596340264034457
1.0,0.8,False,-1.2700289551074486
1.0,0.8,False,1.044366334572711
1.0,0.8,False,-1.1860749619745226
1.0,0.8,False,-0.9806041704018559
1.0,0.8,False,2.0604848601553125
1.0,0.8,False,-1.0434393010513874
1.0,0.8,False,-0.4019432616217508
1.0,0.8,False,-0.33878886773876216
1.0,0.8,False,-0.4055588815119162
1.0,0.8,False,-0.6309030656719494
1.0,0.8,False,0.33721985196390997
1.0,0.8,False,-0.6394291010485319
1.0,0.8,False,0.6214044287661
1.0,0.8,False,1.7046567984391783
1.0,0.8,False,0.2409820204351335
1.0,0.8,False,-1.2264178532693881
1.0,0.8,False,-0.16052589973602074
1.0,0.8,False,1.3459285135442867
1.0,0.8,False,-0.7817538025611056
1.0,0.8,False,-2.183997186772208
1.0,0.8,False,-2.404917766842951
1.0,0.8,False,0.6637208198935671
1.0,0.8,False,1.5184606761181647
1.0,0.8,False,0.3770173000545648
1.0,0.8,False,0.022471978621162465
1.0,0.8,False,0.4920216050984621
1.0,0.8,False,-2.446403533513093
1.0,0.8,False,-0.014980796251615903
1.0,0.8,False,1.4285625178422932
1.0,0.8,False,-0.7354808293677956
1.0,0.8,False,2.2017727269535428
1.0,0.8,False,0.4315640991579295
1.0,0.8,False,-0.27752537940144395
1.0,0.8,False,-1.1664562480781158
1.0,0.8,False,-0.8986198749187905
1.0,0.8,False,-1.374860651095528
1.0,0.8,False,0.7574935426740718
1.0,0.8,False,0.3374269689835533
1.0,0.8,False,0.9281476212214933
1.0,0.8,False,-0.6404166176397251
1.0,0.8,False,0.7435262231271736
1.0,0.8,False,-1.312799105584138
1.0,0.8,False,-0.3229397778744065
1.0,0.8,False,0.18601975086735534
1.0,0.8,False,-0.28818991713300696
1.0,0.8,False,-0.7666861422772349
1.0,0.8,False,1.7126602080597564
1.0,0.8,False,1.0946081240186691
1.0,0.8,False,0.6678561077940998
1.0,0.8,False,-1.0925577377664077
1.0,0.8,False,0.9896599988072068
1.0,0.8,False,-0.4926969193519198
1.0,0.8,False,0.06497189729196157
1.0,0.8,False,0.2838394793358179
1.0,0.8,False,0.24597203491687825
1.0,0.8,False,-0.3165081170422975
1.0,0.8,False,-1.3625172329002777
1.0,0.8,False,1.3829608005483534
1.0,0.8,False,-1.1755416709914024
1.0,0.8,False,-0.474935169731953
1.0,0.8,False,-1.2158895909571616
1.0,0.8,False,0.8281469291495953
1.0,0.8,False,1.7548913603855256
1.0,0.8,False,2.156272257614924
1.0,0.8,False,0.4083632360918126
1.0,0.8,False,2.352454605001984
1.0,0.8,False,0.4067303127578731
1.0,0.8,False,-3.023613401538541
1.0,0.8,False,0.10323700176779808
1.0,0.8,False,0.4748150381494
1.0,0.8,False,-0.22085561031149673
1.0,0.8,False,-1.1731216036175551
1.0,0.8,False,-2.0073240619827835
1.0,0.8,False,-0.028582695713183868
1.0,0.8,False,-1.1795831293998047
1.0,0.8,False,-0.9767770245368426
1.0,0.8,False,0.410802685500629
1.0,0.8,False,0.9453221084861556
1.0,0.8,False,-1.1826896262578814
1.0,0.8,False,0.4185731731323526
1.0,0.8,False,0.360615682261386
1.0,0.8,False,-0.45714898006153243
1.0,0.8,False,-0.460215641231315
1.0,0.8,False,-0.919738848126389
1.0,0.8,False,1.4146614806493374
1.0,0.8,False,1.2570041567371877
1.0,0.8,False,0.34644721558892805
1.0,0.8,False,1.847765334420102
1.0,0.8,False,0.5943974114154077
1.0,0.8,False,1.5896471830519767
1.0,0.8,False,1.08492989835171
1.0,0.8,False,-0.633750607596536
1.0,0.8,False,2.1661538227688286
1.0,0.8,False,0.6105784456001598
1.0,0.8,False,0.21617539339835934
1.0,0.8,False,-0.8160717689010878
1.0,0.8,False,-0.30910660279424707
1.0,0.8,False,0.6888387833555786
1.0,0.8,False,0.22981654367357252
1.0,0.8,False,-0.2905139940401033
1.0,0.8,False,-0.2370019289115027
1.0,0.8,False,-0.9676275825387746
1.0,0.8,False,0.07398868862699502
1.0,0.8,False,0.68656593294137
1.0,0.8,False,0.3863533438043097
1.0,0.8,False,2.5892374460383225
1.0,0.8,False,0.2943882815805442
1.0,0.8,False,-0.035955900984016985
1.0,0.8,False,-1.6399565754871475
1.0,0.8,False,-1.5478674819058207
1.0,0.8,False,0.4573196669732985
1.0,0.8,False,1.199131018463912
1.0,0.8,False,0.7750647209609909
1.0,0.8,False,-0.4163296263785829
1.0,0.8,False,1.474727377245419
1.0,0.8,False,-0.16064326239452148
1.0,0.8,False,-0.15705148473604968
1.0,0.8,False,1.7436416836337552
1.0,0.8,False,-0.7662893291969716
1.0,0.8,False,-0.2705955684702307
1.0,0.8,False,-1.315659225747311
1.0,0.8,False,-0.6080062793550697
1.0,0.8,False,0.24798258058784955
1.0,0.8,False,2.43025233518084
1.0,0.8,False,-0.061128049288694156
1.0,0.8,False,-0.23064836566297062
1.0,0.8,False,-1.8357221058070803
1.0,0.8,False,0.3271201163137605
1.0,0.8,False,0.5941489167188311
1.0,0.8,False,1.1205115942233754
1.0,0.8,False,0.33484215851459675
1.0,0.8,False,-0.09597392569934028
1.0,0.8,False,-1.1740337121594266
1.0,0.8,False,-0.10937651698383632
1.0,0.8,False,-2.844756896793657
1.0,0.8,False,1.9270212630771284
1.0,0.8,False,0.7447399215486771
1.0,0.8,False,-0.7378896344211429
1.0,0.8,False,-1.8268064598539555
1.0,0.8,False,-0.08141897851287333
1.0,0.8,False,-0.7781533220117033
1.0,0.8,False,0.8457245780732401
1.0,0.8,False,0.05245003524400048
1.0,0.8,False,0.19827905237797375
1.0,0.8,False,0.9663662069530796
1.0,0.8,False,-0.31310874798405397
1.0,0.8,False,-1.9493041636601163
1.0,0.8,False,-0.6624375376250646
1.0,0.8,False,1.2020182245861657
1.0,0.8,False,-0.86905737112184
1.0,0.8,False,-0.5591995825417275
1.0,0.8,False,-1.029012446860947
1.0,0.8,False,0.1714714177689636
1.0,0.8,False,0.7316669041534692
1.0,0.8,False,-0.38933060469913816
1.0,0.8,False,-0.445579723012352
1.0,0.8,False,-0.4417388175580286
1.0,0.8,False,-0.10342523868451953
1.0,0.8,False,0.2027374926391862
1.0,0.8,False,1.7120093986574887
1.0,0.8,False,-1.233369148419836
1.0,0.8,False,-1.531880502929595
1.0,0.8,False,-0.7967291918285611
1.0,0.8,False,-0.7967442724034565
1.0,0.8,False,-0.0865844681304762
1.0,0.8,False,-1.1978288971930433
1.0,0.8,False,-0.028767042421236053
1.0,0.8,False,0.9510025307770784
1.0,0.8,False,-0.49106988353179803
1.0,0.8,False,0.9445381396090714
1.0,0.8,False,0.9355453466566859
1.0,0.8,False,0.4101058754395592
1.0,0.8,False,1.8435843906464786
1.0,0.8,False,-0.7663903590399148
1.0,0.8,False,-0.5514999170131419
1.0,0.8,False,0.22584597783735294
1.0,0.8,False,1.1322062604145975
1.0,0.8,False,1.1794329841617481
1.0,0.8,False,-0.685580971191171
1.0,0.8,False,0.19543145873927828
1.0,0.8,False,0.627381180169911
1.0,0.8,False,-1.0006817975252529
1.0,0.8,False,1.8101796055945771
1.0,0.8,False,-0.46620237021626704
1.0,0.8,False,0.52963819760035
1.0,0.8,False,0.8584482222380322
1.0,0.8,False,-0.7103184136314722
1.0,0.8,False,-0.7365813755134306
1.0,0.8,False,-2.073838111439047
1.0,0.8,False,-0.4251545075227351
1.0,0.8,False,0.43334750147663953
1.0,0.8,False,-0.3539700350201283
1.0,0.8,False,-0.754161442316597
1.0,0.8,False,0.8667766499209651
1.0,0.8,False,0.7862724707884955
1.0,0.8,False,0.2885339966746674
1.0,0.8,False,-0.27614029231117576
1.0,0.8,False,0.2521315740016247
1.0,0.8,False,0.057093485590784365
1.0,0.8,False,-0.9183651082317378
1.0,0.8,False,2.2409187717732264
1.0,0.8,False,-0.9788373708044321
1.0,0.8,False,-0.1483264761613197
1.0,0.8,False,-0.026001965712731792
1.0,0.8,False,-0.6857504862323557
1.0,0.8,False,0.5113811477526591
1.0,0.8,False,-0.5434245280331472
1.0,0.8,False,1.2737282143238577
1.0,0.8,False,-2.144012834261012
1.0,0.8,False,0.025846503713944924
1.0,0.8,False,0.04610053385116777
1.0,0.8,False,-1.7058578668806392
1.0,0.8,False,1.2879758200214175
1.0,0.8,False,-0.7905375535071163
1.0,0.8,False,-0.3122933034457933
1.0,0.8,False,0.13638426218385336
1.0,0.8,False,-1.4870879802821828
1.0,0.8,False,-0.17345670458122434
1.0,0.8,False,0.9701445527488018
1.0,0.8,False,-0.008234639642726731
1.0,0.8,False,-0.730990249162768
1.0,0.8,False,0.4211062656082078
1.0,0.8,False,-0.5395692986657803
1.0,0.8,False,-1.3342661315357143
1.0,0.8,False,0.4517276454412073
1.0,0.8,False,2.4402694131783798
1.0,0.8,False,-0.2782299103426733
1.0,0.8,False,2.0441666660029236
1.0,0.8,False,-1.7245669315724848
1.0,0.8,False,0.20398028256899592
1.0,0.8,False,-0.8661208898257372
1.0,0.8,False,0.7077424024103898
1.0,0.8,False,-0.6060287627423923
1.0,0.8,False,-0.06612479553372068
1.0,0.8,False,-0.0017009321189325002
1.0,0.8,False,-0.48235894514761357
1.0,0.8,False,0.015064718151025306
1.0,0.8,False,1.0372000312647098
1.0,0.8,False,-0.5866705919298794
1.0,0.8,False,-0.7814132622313568
1.0,0.8,False,-1.4081431293850175
1.0,0.8,False,1.3165073338333808
1.0,0.8,False,-0.09437185132001347
1.0,0.8,False,0.5869237842555084
1.0,0.8,False,-0.36562443691861757
1.0,0.8,False,1.758712592416963
1.0,0.8,False,0.8958670403506528
1.0,0.8,False,0.33766975843349145
1.0,0.8,False,-0.5808423516751238
1.0,0.8,False,0.17388047486314628
1.0,0.8,False,-0.21144817620933212
1.0,0.8,False,0.4685491570723206
1.0,0.8,False,0.9479034551546505
1.0,0.8,False,-1.3748486129142499
1.0,0.8,False,-0.8301602137796954
1.0,0.8,False,-1.0365203053756158
1.0,0.8,False,0.9978547685914341
1.0,0.8,False,-0.7507166661657533
1.0,0.8,False,-0.7700875977085143
1.0,0.8,False,-0.09498441346112207
1.0,0.8,False,1.1113745339378531
1.0,0.8,False,-1.013875576264065
1.0,0.8,False,-0.2843092888301679
1.0,0.8,False,-0.88274080776742
1.0,0.8,False,1.3804288303434178
1.0,0.8,False,-0.29430775113895175
1.0,0.8,False,0.18736243240226866
1.0,0.8,False,0.689372681239088
1.0,0.8,False,-0.24831370153903154
1.0,0.8,False,0.2277862577868671
1.0,0.8,False,1.8231929006377672
1.0,0.8,False,1.7481566065407013
1.0,0.8,False,-0.2379843022842004
1.0,0.8,False,-1.8568949415278198
1.0,0.8,False,-0.3872342591308143
1.0,0.8,False,2.143899549291267
1.0,0.8,False,0.9841064699068689
1.0,0.8,False,0.092277000019572
1.0,0.8,False,0.3361856482915962
1.0,0.8,False,1.3783222845318954
1.0,0.8,False,-0.9696076739703581
1.0,0.8,False,0.7827592890052284
1.0,0.8,False,-0.9467222822739827
1.0,0.8,False,-1.820003728750786
1.0,0.8,False,1.2809963863356009
1.0,0.8,False,1.6099420385499978
1.0,0.8,False,0.9490822003780002
1.0,0.8,False,-0.5113283860579759
1.0,0.8,False,0.5939757592540003
1.0,0.8,False,-1.421589017249347
1.0,0.8,False,-0.433936903771096
1.0,0.8,False,0.8853952790774201
1.0,0.8,False,0.3622794396138692
1.0,0.8,False,-2.752181113371202
1.0,0.8,False,-1.828973859548039
1.0,0.8,False,-0.2858229676750861
1.0,0.8,False,-0.38095545226534555
1.0,0.8,False,-0.41494085269566106
1.0,0.8,False,-0.3839809614900107
1.0,0.8,False,0.4574918624569217
1.0,0.8,False,0.3706626668343923
1.0,0.8,False,0.24478238315481304
1.0,0.8,False,-1.3581019206445892
1.0,0.8,False,-1.2374382352694446
1.0,0.8,False,-0.2990972111064323
1.0,0.8,False,1.1184431277471698
1.0,0.8,False,-0.6682833729898411
1.0,0.8,False,-0.23992185657600634
1.0,0.8,False,0.14994133056384354
1.0,0.8,False,-0.5278918407111232
1.0,0.8,False,-1.3665389059316506
1.0,0.8,False,-0.14302628162291947
1.0,0.8,False,-0.5905565867355154
1.0,0.8,False,0.3937973773072912
1.0,0.8,False,0.12777434134678645
1.0,0.8,False,0.601990707110839
1.0,0.8,False,-0.96989041716863
1.0,0.8,False,1.0934751895496784
1.0,0.8,False,0.16762267284322704
1.0,0.8,False,0.20794770219561337
1.0,0.8,False,-1.4704969211706729
1.0,0.8,False,-0.017362797251908178
1.0,0.8,False,0.02009485348261641
1.0,0.8,False,1.6085675518351374
1.0,0.8,False,-0.05768837464948951
1.0,0.8,False,-0.4952967791242652
1.0,0.8,False,0.0018597699584000018
1.0,0.8,False,1.0806986123164044
1.0,0.8,False,-0.3465827571850342
1.0,0.8,False,-0.9417515928919159
1.0,0.8,False,-0.7701848201242262
1.0,0.8,False,-0.3695221833677298
1.0,0.8,False,0.1387001718442245
1.0,0.8,False,-0.8743632187176448
1.0,0.8,False,0.3480718333646211
1.0,0.8,False,0.48747725722824986
1.0,0.8,False,0.2584432953099784
1.0,0.8,False,0.3953189593965285
1.0,0.8,False,-1.635852208521758
1.0,0.8,False,0.15226905596339177
1.0,0.8,False,0.6421495053896126
1.0,0.8,False,-1.2399578574269134
1.0,0.8,False,1.9237435807868222
1.0,0.8,False,-1.9775287524841914
1.0,0.8,False,-0.5738278991585164
1.0,0.8,False,0.2742843171021316
1.0,0.8,False,-1.261898399723747
1.0,0.8,False,0.8810069282659506
1.0,0.8,False,-0.5947216775039348
1.0,0.8,False,0.28438025156992447
1.0,0.8,False,-0.41821881848553394
1.0,0.8,False,-1.1864442994314408
1.0,0.8,False,-0.07953620081850346
1.0,0.8,False,0.030690633526705934
1.0,0.8,False,0.21389685010021736
1.0,0.8,False,0.41549999794708076
1.0,0.8,False,0.20616131544987149
1.0,0.8,False,0.40169158953063877
1.0,0.8,False,-1.9738300911158044
1.0,0.8,False,1.0801317065662792
1.0,0.8,False,-0.14387418220988973
1.0,0.8,False,-1.3050438444255106
1.0,0.8,False,-1.2712907536966518
1.0,0.8,False,1.4253511985534009
1.0,0.8,False,-1.1180355470431926
1.0,0.8,False,-1.2305882141347089
1.0,0.8,False,1.006191037738239
1.0,0.8,False,0.7595535903639551
1.0,0.8,False,1.2690139491020525
1.0,0.8,False,0.3586419519437585
1.0,0.8,False,1.9315001734028778
1.0,0.8,False,0.5174052071722393
1.0,0.8,False,0.9554024397869046
1.0,0.8,False,0.28664148606956763
1.0,0.8,False,-0.4907856083775277
1.0,0.8,False,-0.41875357798808277
1.0,0.8,False,-0.3030979304141104
1.0,0.8,False,-1.1953154274948727
1.0,0.8,False,0.460767664305539
1.0,0.8,False,0.6984824168817365
1.0,0.8,False,0.4127697253328209
1.0,0.8,False,0.008560877817797295
1.0,0.8,False,1.0191249961345223
1.0,0.8,False,0.5650690750025547
1.0,0.8,False,-1.345587896501298
1.0,0.8,False,-0.13548018149909247
1.0,0.8,False,-0.4861616435008138
1.0,0.8,False,0.3279293841914858
1.0,0.8,False,1.5604054435736856
1.0,0.8,False,1.0806577690019326
1.0,0.8,False,-0.3057401449548794
1.0,0.8,False,-0.744165605137866
1.0,0.8,False,1.0756157243216222
1.0,0.8,False,-0.1385161928072942
1.0,0.8,False,-0.25334717980548027
1.0,0.8,False,-0.2654560778428087
1.0,0.8,False,-0.5210197906795316
1.0,0.8,False,-1.4810107274665965
1.0,0.8,False,-1.2444838657786559
1.0,0.8,False,0.4501309075520922
1.0,0.8,False,-0.6103032641065306
1.0,0.8,False,0.08966342257772536
1.0,0.8,False,0.9297860429069899
1.0,0.8,False,-2.430032400823932
1.0,0.8,False,-1.5251185189011598
1.0,0.8,False,0.2190007965243498
1.0,0.8,False,1.146259637429629
1.0,0.8,False,0.14331257982859627
1.0,0.8,False,-1.332478501846456
1.0,0.8,False,0.3596717773230621
1.0,0.8,False,-0.6645873569724039
1.0,0.8,False,-0.28609977282375443
1.0,0.8,False,-0.32498092916136867
1.0,0.8,False,0.14923514941415758
1.0,0.8,False,-0.7811697419165772
1.0,0.8,False,-0.06432111507151307
1.0,0.8,False,-0.487034679617873
1.0,0.8,False,0.08908766139600321
1.0,0.8,False,0.0933158997608398
1.0,0.8,False,-0.25136477327831225
1.0,0.8,False,0.7882492264231159
1.0,0.8,False,0.3556848980197975
1.0,0.8,False,-0.018945878681652706
1.0,0.8,False,0.42257383177387586
1.0,0.8,False,-1.4071009539228034
1.0,0.8,False,1.4640343160790268
1.0,0.8,False,0.396888355865087
1.0,0.8,False,-0.6814601792545875
1.0,0.8,False,-0.3405524240759924
1.0,0.8,False,-0.8493272979202628
1.0,0.8,False,-0.2644295472594086
1.0,0.8,False,-0.26233721301846175
1.0,0.8,False,1.0424051851670784
1.0,0.8,False,0.03716079347978097
1.0,0.8,False,0.8576488347206476
1.0,0.8,False,-0.5021734959462948
1.0,0.8,False,-0.7544798842723415
1.0,0.8,False,-0.18253185997967034
1.0,0.8,False,-0.1867015580172744
1.0,0.8,False,0.7869714998573517
1.0,0.8,False,0.6649110470030054
1.0,0.8,False,-0.3665667869896099
1.0,0.8,False,-0.2276779866142811
1.0,0.8,False,0.7200514476068274
1.0,0.8,False,0.31530765951446593
1.0,0.8,False,0.9090552972473807
1.0,0.8,False,-0.6451370723239374
1.0,0.8,False,1.5790564467026809
1.0,0.8,False,-0.9212833656437676
1.0,0.8,False,-0.6970312251256595
1.0,0.8,False,-1.230604817810427
1.0,0.8,False,0.14040475702435878
1.0,0.8,False,0.682235533834526
1.0,0.8,False,0.7331286691496247
1.0,0.8,False,0.4262086964720394
1.0,0.8,False,0.5197636068644365
1.0,0.8,False,0.3044590282348135
1.0,0.8,False,0.35888251883690103
1.0,0.8,False,-0.6221106944969729
1.0,0.8,False,1.1293269339222185
1.0,0.8,False,0.7131489109826635
1.0,0.8,False,-0.5130429142918113
1.0,0.8,False,-0.3171965611332482
1.0,0.8,False,0.02693184651470697
1.0,0.8,False,0.9970394400866743
1.0,0.8,False,0.1293496422951607
1.0,0.8,False,1.130934084880678
1.0,0.8,False,1.3583501283507584
1.0,0.8,False,0.3011143742604876
1.0,0.8,False,1.0641461443377385
1.0,0.8,False,1.0310744121202748
1.0,0.8,False,0.9814354155729819
1.0,0.8,False,0.3271246848266576
1.0,0.8,False,1.24827700876856
1.0,0.8,False,2.407457534406104
1.0,0.8,False,0.32586064144838817
1.0,0.8,False,-1.2889292952981146
1.0,0.8,False,-0.07603890822061686
1.0,0.8,False,-0.4394695667877523
1.0,0.8,False,-0.9408527933488021
1.0,0.8,False,-0.06425154836725099
1.0,0.8,False,0.2508416440198551
1.0,0.8,False,-0.7173044985807612
1.0,0.8,False,0.17260274591027816
1.0,0.8,False,-0.4299278205981885
1.0,0.8,False,1.704233832226106
1.0,0.8,False,-0.00039170946138810395
1.0,0.8,False,-1.4369284789564345
1.0,0.8,False,-1.0705834644688623
1.0,0.8,False,-1.8373788027497986
1.0,0.8,False,0.5270050855911372
1.0,0.8,False,0.9246866714700112
1.0,0.8,False,0.5329138704332856
1.0,0.8,False,-0.1631106053840108
1.0,0.8,False,0.10825027977631685
1.0,0.8,False,-0.9319139681248828
1.0,0.8,False,-0.033311099250857214
1.0,0.8,False,0.10696044127843266
1.0,0.8,False,1.7281975870878867
1.0,0.8,False,0.3517575981796304
1.0,0.8,False,-1.0306025219037143
1.0,0.8,False,0.8131229103505261
1.0,0.8,False,1.472783499204769
1.0,0.8,False,0.7252798396565401
1.0,0.8,False,0.00454073470215395
1.0,0.8,False,1.119759976488083
1.0,0.8,False,-1.723592606705344
1.0,0.8,False,0.19289640477977643
1.0,0.8,False,-2.014151589003337
1.0,0.8,False,-1.7261674600201502
1.0,0.8,False,-2.0146539365059257
1.0,0.8,False,-0.9261017960926973
1.0,0.8,False,1.0232034348182766
1.0,0.8,False,1.08898709106482
1.0,0.8,False,-0.1937765675993315
1.0,0.8,False,-0.8039442410139102
1.0,0.8,False,0.6149046723272326
1.0,0.8,False,-0.18382328245059562
1.0,0.8,False,-0.5970709836264373
1.0,0.8,False,1.2435913915400418
1.0,0.8,False,1.210130844377631
1.0,0.8,False,1.139963905915237
1.0,0.8,False,1.2598937597491022
1.0,0.8,False,2.308035553411627
1.0,0.8,False,-1.6310759902900394
1.0,0.8,False,0.8373002189169421
1.0,0.8,False,0.1708112287989296
1.0,0.8,False,1.9106055266079727
1.0,0.8,False,0.7912052290960727
1.0,0.8,False,0.5109933528569527
1.0,0.8,False,1.0821441473805133
1.0,0.8,False,-0.41177735389146736
1.0,0.8,False,-1.1377916642873178
1.0,0.8,False,1.4455970857711857
1.0,0.8,False,-0.8785808827606597
1.0,0.8,False,-0.22982334726916412
1.0,0.8,False,-2.6555502122082606
1.0,0.8,False,-0.32619086617901305
1.0,0.8,False,0.5057271673661415
1.0,0.8,False,-0.5338148645214184
1.0,0.8,False,-0.21841467550144492
1.0,0.8,False,0.7822255798440417
1.0,0.8,False,-0.001033416091460496
1.0,0.8,False,0.8774988912935898
1.0,0.8,False,-0.43160854392337084
1.0,0.8,False,0.3505171764877715
1.0,0.8,False,-0.5892533571737318
1.0,0.8,False,0.38760532686595683
1.0,0.8,False,0.11837568531537102
1.0,0.8,False,-0.9264878236314927
1.0,0.8,False,-1.5501398222229803
1.0,0.8,False,1.264306640244854
1.0,0.8,False,-0.27562871934678174
1.0,0.8,False,-0.6091741932811228
1.0,0.8,False,0.0799308976330698
1.0,0.8,False,0.35276424049880534
1.0,0.8,False,0.921808837889186
1.0,0.8,False,-0.70134827460515
1.0,0.8,False,0.7262486407907202
1.0,0.8,False,-0.16573570187611042
1.0,0.8,False,1.3090202981191774
1.0,0.8,False,-0.6181388627262506
1.0,0.8,False,-1.9151963677967416
1.0,0.8,False,-1.0747856943215526
1.0,0.8,False,1.5678887599837321
1.0,0.8,False,1.246821139268196
1.0,0.8,False,-1.1516873143300668
1.0,0.8,False,-0.20008835426758764
1.0,0.8,False,0.9065590725551544
1.0,0.8,False,-0.2549594856803848
1.0,0.8,False,-0.39295439030048107
1.0,0.8,False,0.5330167431792799
1.0,0.8,False,0.26011579320098266
1.0,0.8,False,0.7821279431298852
1.0,0.8,False,-0.6561289498559603
1.0,0.8,False,1.4105280747344542
1.0,0.8,False,-0.32706174964738555
1.0,0.8,False,0.8508479661616343
1.0,0.8,False,2.1121337213564737
1.0,0.8,False,-0.799956228727228
1.0,0.8,False,0.42565890596402695
1.0,0.8,False,-2.4899201692869215
1.0,0.8,False,1.8366815761626372
1.0,0.8,False,-1.567920588020431
1.0,0.8,False,-1.3382432178464037
1.0,0.8,False,0.23496294807425686
1.0,0.8,False,1.2792295376073575
1.0,0.8,False,-1.0704011718233752
1.0,0.8,False,0.7826328800646968
1.0,0.8,False,0.18190065225822216
1.0,0.8,False,-1.0421829258878257
1.0,0.8,False,0.00392440996866485
1.0,0.8,False,1.5598466994109819
1.0,0.8,False,-0.4496970701433827
1.0,0.8,False,-0.1272190311709626
1.0,0.8,False,-0.5882886209960817
1.0,0.8,False,-0.9085906045735971
1.0,0.8,False,-0.8306173558074338
1.0,0.8,False,1.4680742168084078
1.0,0.8,False,-0.18653212292087729
1.0,0.8,False,-0.13366714248118847
1.0,0.8,False,-0.3576520816190705
1.0,0.8,False,-0.7383519691546169
1.0,0.8,False,0.5555499634189367
1.0,0.8,False,0.6477846032244672
1.0,0.8,False,0.6742460974681195
1.0,0.8,False,0.4180709148351418
1.0,0.8,False,0.7335608595917505
1.0,0.8,False,0.8380244703168485
1.0,0.8,False,0.12677454189178566
1.0,0.8,False,0.022296440622596947
1.0,0.8,False,1.7082681669815984
1.0,0.8,False,1.945542336859379
1.0,0.8,False,0.21710230006827802
1.0,0.8,False,0.16773025220074442
1.0,0.8,False,-1.3651578271594371
1.0,0.8,False,-1.2962749886305938
1.0,0.8,False,-1.6485057765401994
1.0,0.8,False,-0.5385706829538288
1.0,0.8,False,0.1876373669784834
1.0,0.8,False,-0.29911139952675314
1.0,0.8,False,-0.25059189154897615
1.0,0.8,False,0.5583963133995183
1.0,0.8,False,0.18902285212553604
1.0,0.8,False,-1.9834185031725928
1.0,0.8,False,1.5849356787297777
1.0,0.8,False,0.354339701087774
1.0,0.8,False,-0.4680490771537621
1.0,0.8,False,-0.19807666849201866
1.0,0.8,False,-0.9491520265618305
1.0,0.8,False,-1.0646984880588362
1.0,0.8,False,-0.30652537704223787
1.0,0.8,False,0.04567387005498796
1.0,0.8,False,0.036655809891983394
1.0,0.8,False,-0.3319099469497862
1.0,0.8,False,1.0638906360670322
1.0,0.8,False,1.018336145589923
1.0,0.8,False,-1.5275333090165455
1.0,0.8,False,-0.572036981433739
1.0,0.8,False,-0.9269530361524884
1.0,0.8,False,-0.6071806407522783
1.0,0.8,False,0.0557484429774818
1.0,0.8,False,-0.8523920118476511
1.0,0.8,False,1.0644970089621504
1.0,0.8,False,-0.25669478921131367
1.0,0.8,False,-0.3218671874861094
1.0,0.8,False,0.07837971577228973
1.0,0.8,False,0.9702533466584006
1.0,0.8,False,-0.9966015677285229
1.0,0.8,False,0.11662239793800967
1.0,0.8,False,-1.2703439671656687
1.0,0.8,False,-0.04743018187986207
1.0,0.8,False,0.7149348814516124
1.0,0.8,False,-1.2276692917319023
1.0,0.8,False,0.9118915395350053
1.0,0.8,False,-0.4060044551408705
1.0,0.8,False,-0.39281994052254154
1.0,0.8,False,0.23513470946013637
1.0,0.8,False,-1.724640977692813
1.0,0.8,False,0.6016534252154425
1.0,0.8,False,0.03627892231512924
1.0,0.8,False,-1.4341057722294919
1.0,0.8,False,1.2607804247622834
1.0,0.8,False,-0.11711129641997627
1.0,0.8,False,0.015803519399845468
1.0,0.8,False,-0.6761100737875589
1.0,0.8,False,0.029370385305990055
1.0,0.8,False,-0.6119829204746664
1.0,0.8,False,-0.004484067442319967
1.0,0.8,False,0.16585595552680912
1.0,0.8,False,0.48225278755833023
1.0,0.8,False,-0.8746825775152371
1.0,0.8,False,-0.42834025441329454
1.0,0.8,False,-2.172978630021958
1.0,0.8,False,-0.4058659749706999
1.0,0.8,False,-1.1210013519146629
1.0,0.8,False,2.4273754664577747
1.0,0.8,False,0.4042475063159313
1.0,0.8,False,1.217969265555468
1.0,0.8,False,-0.2239073962840342
1.0,0.8,False,1.0050049833510448
1.0,0.8,False,0.954554686685949
1.0,0.8,False,1.3210062609915423
1.0,0.8,False,0.7213642685927438
1.0,0.8,False,-1.276321689375985
1.0,0.8,False,-1.2521606433275323
1.0,0.8,False,-0.8468864819066075
1.0,0.8,False,-0.7365746682652595
1.0,0.8,False,0.5665827074593897
1.0,0.8,False,2.4603589326964137
1.0,0.8,False,1.0628711456783444
1.0,0.8,False,0.1596568210300206
1.0,0.8,False,-2.389628015310306
1.0,0.8,False,-0.9815875526399221
1.0,0.8,False,0.5763639303219383
1.0,0.8,False,0.1472972315938841
1.0,0.8,False,1.7330998633466443
1.0,0.8,False,0.006704200246056361
1.0,0.8,False,0.2684172372115355
1.0,0.8,False,1.6088947239461857
1.0,0.8,False,0.7817845032905982
1.0,0.8,False,-0.5077826887816707
1.0,0.8,False,-3.2836034579588214
1.0,0.8,False,1.2816432325808875
1.0,0.8,False,-1.452443433939791
1.0,0.8,False,1.5067127680301917
1.0,0.8,False,-2.5502917458779844
1.0,0.8,False,0.7709656259789465
1.0,0.8,False,0.22097889691912564
1.0,0.8,False,0.46997350148197864
1.0,0.8,False,3.1825613436791214
1.0,0.8,False,2.591470341101164
1.0,0.8,False,0.6670096002527501
1.0,0.8,False,0.3589826430784076
1.0,0.8,False,-0.13188130056066164
1.0,0.8,False,-0.9272496699416859
1.0,0.8,False,-3.3487319827596296
1.0,0.8,False,1.4678647097647937
1.0,0.8,False,0.7582935031452372
1.0,0.8,False,-0.5881608797553131
1.0,0.8,False,-0.42822499384038376
1.0,0.8,False,-0.4099293466585475
1.0,0.8,False,0.56504124196369
1.0,0.8,False,-0.8805819467358011
1.0,0.8,False,1.95217755921237
1.0,0.8,False,-1.0100330576452452
1.0,0.8,False,-0.8672592784486425
1.0,0.8,False,1.4450698604680488
1.0,0.8,False,-0.5973313881396795
1.0,0.8,False,-0.023099783741479158
1.0,0.8,False,-0.11496710319825079
1.0,0.8,False,0.5670403271629417
1.0,0.8,False,-1.4960722175263008
1.0,0.8,False,-0.054549681755741264
1.0,0.8,False,-0.04971967989330786
1.0,0.8,False,-0.3740320830452073
1.0,0.8,False,0.4803861861027409
1.0,0.8,False,0.4904778213806969
1.0,0.8,False,2.164061478724571
1.0,0.8,False,-1.2213539481264464
1.0,0.8,False,0.5624002177751503
1.0,0.8,False,-0.9976943876126715
1.0,0.8,False,0.45524633566032396
1.0,0.8,False,-1.2266845614974609
1.0,0.8,False,0.833979794143877
1.0,0.8,False,-0.4464159695609219
1.0,0.8,False,-0.7317961331725267
1.0,0.8,False,-1.2901888363657854
1.0,0.8,False,1.2827755210667522
1.0,0.8,False,-0.3249394688500257
1.0,0.8,False,0.5990716046533835
1.0,0.8,False,0.4142885387739497
1.0,0.8,False,-0.013520405267879291
1.0,0.8,False,0.047870039570160845
1.0,0.8,False,1.3875458862218903
1.0,0.8,False,0.8356278670424616
1.0,0.8,False,-1.0413695946274333
1.0,0.8,False,-0.6278010976591754
1.0,0.8,False,-0.34935673578746596
1.0,0.8,False,-0.07971133171518383
1.0,0.8,False,1.9472351074331142
1.0,0.8,False,-1.0961069869206759
1.0,0.8,False,-1.3204365770500452
1.0,0.8,False,-0.17919725902552228
1.0,0.8,False,2.191468819969473
1.0,0.8,False,-1.934037191374974
1.0,0.8,False,-1.0479985174341397
1.0,0.8,False,-1.438311554654352
1.0,0.8,False,-1.5431541641756623
1.0,0.8,False,0.5676430441820315
1.0,0.8,False,-0.9819504171469958
1.0,0.8,False,1.6687804869595364
1.0,0.8,False,1.2612062660305694
1.0,0.8,False,1.5018837153013864
1.0,0.8,False,-0.9437271539466267
1.0,0.8,False,0.17978260360701012
1.0,0.8,False,0.672871563786222
1.0,0.8,False,-1.055664590189791
1.0,0.8,False,2.2475680465791816
1.0,0.8,False,0.6354337916719068
1.0,0.8,False,3.000740359701318
1.0,0.8,False,-0.09003769225143024
1.0,0.8,False,-0.8273374695862145
1.0,0.8,False,-0.761144950049968
1.0,0.8,False,-0.510317799071003
1.0,0.8,False,-0.008193780836182876
1.0,0.8,False,-0.11024497670645288
1.0,0.8,False,0.15517954131019104
1.0,0.8,False,-0.012531854347039075
1.0,0.8,False,-1.1156830684362955
1.0,0.8,False,-0.8792900521827577
1.0,0.8,False,1.3958667541521448
1.0,0.8,False,-0.7862761448805018
1.0,0.8,False,0.49230601085564046
1.0,0.8,False,-2.244108645408661
1.0,0.8,False,0.661964953783857
1.0,0.8,False,1.4428399062108745
1.0,0.8,False,1.4109508304316127
1.0,0.8,False,0.2523156309093163
1.0,0.8,False,-0.7030780369102054
1.0,0.8,False,-0.013671942463528637
1.0,0.8,False,-0.7317990233386789
1.0,0.8,False,-0.5874426868907714
1.0,0.8,False,-0.5367825386738914
1.0,0.8,False,-0.12456147225157292
1.0,0.8,False,-0.7872366609732618
1.0,0.8,False,1.9144490866795978
1.0,0.8,False,-0.5275384142294077
1.0,0.8,False,-1.3670193855932518
1.0,0.8,False,-0.30640244110497344
1.0,0.8,False,-0.9116699514109683
1.0,0.8,False,-0.41549752529412787
1.0,0.8,False,-1.1299925049166155
1.0,0.8,False,-0.44394249030430233
1.0,0.8,False,-0.31043861431695713
1.0,0.8,False,1.476162352324557
1.0,0.8,False,-0.6333496810715028
1.0,0.8,False,2.1207937935116874
1.0,0.8,False,0.8312145215406215
1.0,0.8,False,-0.9958015130103787
1.0,0.8,False,-1.0073716396340815
1.0,0.8,False,0.3457186174345636
1.0,0.8,False,0.1976404875907624
1.0,0.8,False,-0.21831440270824704
1.0,0.8,False,0.08985964031182783
1.0,0.8,False,1.0978355526772647
1.0,0.8,False,-0.1115903599443813
1.0,0.8,False,1.9330826975282813
1.0,0.8,False,-0.5456969774241123
1.0,0.8,False,-0.2828589606802434
1.0,0.8,False,0.40703369714413784
1.0,0.8,False,-0.83263065537514
1.0,0.8,False,-2.675193058723111
1.0,0.8,False,-1.5944287053749586
1.0,0.8,False,0.11190778306613212
1.0,0.8,False,-1.575559065726552
1.0,0.8,False,0.18655725727647568
1.0,0.8,False,0.2642729336226985
1.0,0.8,False,1.8418165751532811
1.0,0.8,False,-0.6695731291398193
1.0,0.8,False,-1.28886779213498
1.0,0.8,False,2.139301487089276
1.0,0.8,False,-0.7417474939370099
1.0,0.8,False,-0.635867701145984
1.0,0.8,False,-1.558101202088938
1.0,0.8,False,-0.6216015173838509
1.0,0.8,False,-2.067414488326911
1.0,0.8,False,-0.6935332023638515
1.0,0.8,False,0.6564526981687011
1.0,0.8,False,-0.3985696889648969
1.0,0.8,False,1.854414064863394
1.0,0.8,False,0.5696903466123876
1.0,0.8,False,1.1256154260755886
1.0,0.8,False,0.5291674596748852
1.0,0.8,False,-1.2804982820771738
1.0,0.8,False,-0.19628538858890288
1.0,0.8,False,0.5804861056127542
1.0,0.8,False,1.494422326590442
1.0,0.8,False,-0.5061427835308216
1.0,0.8,False,0.5190292684165374
1.0,0.8,False,0.7107686441645087
1.0,0.8,False,-0.4403763774843163
1.0,0.8,False,-0.34376068146029254
1.0,0.8,False,2.9217263796723385
1.0,0.8,False,-2.2521334399265083
1.0,0.8,False,-0.43916334493147785
1.0,0.8,False,-0.06945165016042427
1.0,0.8,False,-2.2289456489560777
1.0,0.8,False,-0.04312743928029715
1.0,0.8,False,0.4145484190476973
1.0,0.8,False,0.14251933511383386
1.0,0.8,False,3.720841543590085
1.0,0.8,False,-0.623909943588451
1.0,0.8,False,0.9899978374614489
1.0,0.8,False,-0.9802543495398996
1.0,0.8,False,0.07770926992066707
1.0,0.8,False,-0.5896790765382441
1.0,0.8,False,-0.48183262891001793
1.0,0.8,False,0.7787754013533851
1.0,0.8,False,-0.21909166307156988
1.0,0.8,False,0.1562838794178332
1.0,0.8,False,-0.8118243254310313
1.0,0.8,False,-1.3265181820433967
1.0,0.8,False,-0.2866101101799447
1.0,0.8,False,0.5479537020804168
1.0,0.8,False,0.5674313977274213
1.0,0.8,False,0.3185554213892857
1.0,0.8,False,0.27773577142657513
1.0,0.8,False,0.46149230710094824
1.0,0.8,False,-0.5496256624187665
1.0,0.8,False,1.5747391720649007
1.0,0.8,False,1.469874085557551
1.0,0.8,False,-0.18218699719592035
1.0,0.8,False,-0.704902124728106
1.0,0.8,False,0.7414733459012026
1.0,0.8,False,-0.8850510150875247
1.0,0.8,False,0.9119720318571374
1.0,0.8,False,-0.7250397562727604
