treatment,x_baseline,y_outcome,observed_outcome
1,0.5706560135801596,0.0034873169928024694,0.0034873169928024694
0,1.3826081419979863,,
1,0.23885375802866166,0.0836358646983012,0.0836358646983012
0,-1.519366234849682,-0.6185454845944146,-0.6185454845944146
1,0.12016342330057792,0.5845804111955251,0.5845804111955251
1,0.10904085180674628,,
1,-0.5880047304878186,,
0,-1.6378478153894873,-0.3942905591672031,-0.3942905591672031
1,-0.07022033568558819,,
1,-1.916230725399971,0.2846561036412629,0.2846561036412629
1,-0.16797497525754362,,
0,-0.016111082805851815,,
1,2.4387058312696266,,
1,1.0948981886035902,2.094649422367537,2.094649422367537
0,0.8904387141346845,-1.2341547848977648,-1.2341547848977648
0,0.5024721669981611,2.245193496822981,2.245193496822981
0,-0.233435260229981,1.2558918459498454,1.2558918459498454
0,-0.2831370029594785,-0.19807633040414768,-0.19807633040414768
0,-0.545842977489812,,
0,0.8160870408747694,,
1,1.39831438274304,,
0,-0.31626708479437887,-1.0830303689613878,-1.0830303689613878
0,-0.08780224754323758,-0.5696129547381793,-0.5696129547381793
0,0.7272231502471338,,
1,1.456685244498161,,
0,1.5286335388537755,1.1336081319648712,1.1336081319648712
0,2.2018273556190704,1.5287663266704583,1.5287663266704583
0,0.7260894458715481,,
0,0.7856793607175923,,
1,1.272185823954233,,
1,-0.7130930096213817,,
1,0.8431618257115855,,
0,0.14356995315210516,0.5838819324494532,0.5838819324494532
0,0.936055045706174,1.4410783812540444,1.4410783812540444
0,-0.02711459657363347,,
0,0.08299394173219582,-0.8428311354595224,-0.8428311354595224
0,-0.5909144739023078,0.7856704052937248,0.7856704052937248
0,1.2280497542542907,0.08222997999128312,0.08222997999128312
1,0.7354525436093464,,
0,0.72016979266223,,
0,-0.7695621767590748,-1.3014839697941012,-1.3014839697941012
1,0.028200886145966535,,
0,1.271315789421178,-1.5165187034829466,-1.5165187034829466
1,1.6304569029861569,,
0,0.9315651360026318,,
0,-0.4193762533777111,,
0,0.887879708656262,,
1,1.072016532698274,,
0,-0.4867110061770132,,
0,-0.05214578686459005,-1.3246453226321986,-1.3246453226321986
1,0.5710790388018392,1.2843017974434834,1.2843017974434834
0,1.243420484277689,-0.8333911595523331,-0.8333911595523331
1,0.15806939702648864,3.5446982640204805,3.5446982640204805
0,-1.5011839453849813,-0.04752419653557055,-0.04752419653557055
0,-0.2507298469522728,-1.1153916211380444,-1.1153916211380444
1,0.9481362646129654,,
0,-0.18800324497196888,,
0,-0.4060840281880714,-0.5759262077560449,-0.5759262077560449
1,-0.64625980542014,-1.4294614305934306,-1.4294614305934306
1,-0.4250345021009369,1.5527553326195989,1.5527553326195989
0,-0.26638038545051895,0.43980369867216673,0.43980369867216673
0,0.41025678045663705,,
0,-1.404899312473052,-0.06718858922729645,-0.06718858922729645
1,-1.3996603503602687,,
1,-1.5022419896998378,,
1,0.34548004799669235,,
1,-0.01698420217357539,,
0,-0.843130519234745,,
1,1.159532042690163,,
0,1.1284797595630207,,
1,0.7809567510593616,,
1,0.21367287756692635,,
1,-1.6672275872884776,,
1,0.885415815176194,,
0,0.7878546947794064,,
0,-0.3932988876202551,0.262777241488792,0.262777241488792
1,-0.9983927726793266,-0.7571392137879263,-0.7571392137879263
0,0.9483963308142062,,
0,0.02797789697376364,,
0,1.8354499954113224,,
0,-1.012226301454062,1.2567995577605156,1.2567995577605156
0,-0.2509854736414276,1.2913555248938433,1.2913555248938433
1,-0.16579526227178762,,
1,-0.1641410880617615,,
0,-0.21823675791204294,0.0578567066589295,0.0578567066589295
0,-0.26491674850468744,-1.677165368416783,-1.677165368416783
1,-0.6381690670614347,,
0,-2.836835822331176,-2.3933908641669555,-2.3933908641669555
0,0.10162922053081291,,
1,0.42033031514446717,-0.27309140689704603,-0.27309140689704603
1,0.33349284502978976,,
1,-0.9533444191752722,1.4984729869868356,1.4984729869868356
1,0.7687605467238576,,
0,2.1253256670927567,,
0,1.3581983873683239,,
1,-1.1473383419793863,0.7347040364288342,0.7347040364288342
0,-0.34528814755435405,,
0,-0.6303655399291236,0.9351927693659434,0.9351927693659434
0,0.8348942262059649,-1.4478325994366885,-1.4478325994366885
1,0.060364872577369805,,
1,0.046811079772208296,0.5199933243783148,0.5199933243783148
1,1.4254175039594867,2.6872582160835714,2.6872582160835714
0,0.9547348223056393,,
1,-0.028814741575883856,,
0,1.419109143724677,0.03513746601295353,0.03513746601295353
1,-1.0467009630450197,,
0,1.167488935985168,0.8321267015317098,0.8321267015317098
1,-1.0772634145399123,-0.44642135436524866,-0.44642135436524866
1,1.8115357985144722,,
0,0.545741077582189,,
0,-0.33120386057340084,,
0,-0.18146689639029365,,
1,-0.7410525117767586,-0.8630315396011425,-0.8630315396011425
1,-0.2929132382792652,,
0,0.392585658326399,2.0769232468000425,2.0769232468000425
1,-0.35312954685521963,0.17888486464571363,0.17888486464571363
0,0.748705717006488,,
0,0.006176318882912518,,
1,-0.6409035671267781,,
0,0.35259408411462406,,
1,-0.7383107580880798,-0.2657100492297957,-0.2657100492297957
0,-0.7236371967141627,,
1,-1.720664403806088,0.6608277629982726,0.6608277629982726
1,0.43502390846881483,,
1,-1.8950205183445883,0.05515742825305425,0.05515742825305425
0,1.9373037759489582,,
1,-0.09556339065721547,0.9920862107723263,0.9920862107723263
0,0.8475062154607643,,
0,1.485326724818594,,
1,-0.34787558100837773,,
0,0.2840153693013765,-0.786045464929435,-0.786045464929435
1,-1.455032133380695,-0.037207726561924614,-0.037207726561924614
1,-0.11538113368776275,,
0,1.7338223971851423,1.3928360103599182,1.3928360103599182
0,-0.4604392489658683,,
1,-0.2937078430807758,,
1,0.6240009379092281,0.6372555274684211,0.6372555274684211
1,-1.52786572355188,-0.6497169798874689,-0.6497169798874689
0,-0.3608759193441175,-1.1333236110083553,-1.1333236110083553
0,-0.04938814305245684,-0.5383773802838823,-0.5383773802838823
0,1.5300756696331397,2.085812685725962,2.085812685725962
1,0.1488517831150954,0.10243274717607531,0.10243274717607531
1,1.769999375426257,2.1037073682615306,2.1037073682615306
1,-0.23345293991690771,,
1,0.7151262027806086,,
0,-0.08036789397927432,0.5314560985697688,0.5314560985697688
1,1.0341014533713255,1.5408521842822602,1.5408521842822602
0,-0.4234909016476201,,
1,-1.2789901357675115,-1.3355788759533134,-1.3355788759533134
0,0.3339581827988248,,
1,-0.6772328155064848,,
0,-0.5714536041039905,0.6234366023393549,0.6234366023393549
0,0.6514048682206427,,
0,-1.2343139998284107,,
1,-1.3595242017096252,,
0,-0.5915837126869178,,
0,1.220947389364214,,
0,-0.8852436597736789,,
1,2.350412781298758,,
1,-0.04089690923859172,,
0,-1.229785449196641,-0.6297871622039096,-0.6297871622039096
1,-0.959434230743865,0.2893222461511935,0.2893222461511935
1,-0.18243081932639055,1.8355393102173279,1.8355393102173279
0,0.003943037903729969,0.5161590654698265,0.5161590654698265
0,-0.22696298314060803,0.5141875635503914,0.5141875635503914
1,-1.874455059081573,0.08271294236390325,0.08271294236390325
0,1.5107332934151305,0.9633890919604495,0.9633890919604495
0,-0.24412199080131688,,
1,-0.45232644684068923,1.1708606406973316,1.1708606406973316
1,2.000127508528579,1.5866995594710995,1.5866995594710995
1,0.6089857537114585,,
0,-0.7359957629569309,-0.07934232570173116,-0.07934232570173116
0,0.9489352745776066,0.06320314712566555,0.06320314712566555
0,0.9192221145834392,,
1,-0.010629823770031363,,
1,-0.015760923980717986,,
0,0.7948534014169854,-0.2967251083616962,-0.2967251083616962
1,-0.6910112216513888,0.42531948234258077,0.42531948234258077
0,1.3496280880237215,,
0,0.5820667003727158,-0.6662821082851661,-0.6662821082851661
1,-0.549142506157202,3.6554902078464058,3.6554902078464058
1,0.9301758527485864,,
0,0.6719406856800725,,
1,0.9873378878242736,,
1,-2.974210310966816,-2.107078364785803,-2.107078364785803
1,1.0596859503868812,,
0,1.3288921392326736,1.6816023563527511,1.6816023563527511
1,0.08910877035419898,1.0731896616338388,1.0731896616338388
1,2.378439541281356,,
1,-1.3952384644808322,,
1,-1.9314479337404027,0.7138089728549757,0.7138089728549757
0,-0.9470268866063862,,
1,-0.3882112888238297,,
1,0.9708506479336038,,
0,1.592024932597398,,
0,-0.7837496533199657,-0.393940877867457,-0.393940877867457
1,2.021637152075948,,
1,-0.5572069408628546,2.208512959096331,2.208512959096331
0,1.2045990258032215,,
1,1.752612202965559,,
1,-0.5935641696488039,,
1,-0.954253017657833,,
0,-0.7649706926853129,,
0,-0.25291069454012555,-0.5694001406339807,-0.5694001406339807
0,-0.7182832601902881,0.09657124203881431,0.09657124203881431
1,0.2149283918078227,,
1,-1.5252969571009323,,
1,2.2894007639002525,,
0,-1.1363301895693274,1.0590078929225042,1.0590078929225042
0,-0.6894913059197362,-0.6926631620812209,-0.6926631620812209
0,0.06556772664379251,1.3909381481748517,1.3909381481748517
1,0.26467410955616333,1.916424207557546,1.916424207557546
1,0.9473267685221003,,
0,-1.6384500752097915,-0.6364666543842641,-0.6364666543842641
0,1.2669223191407104,,
0,0.23901383053287834,-1.2807068292321495,-1.2807068292321495
1,1.6804779227540902,0.7212664942978206,0.7212664942978206
0,-1.0379960219118827,1.1527125353796412,1.1527125353796412
0,-0.17830323124270675,0.9585611636980247,0.9585611636980247
0,0.469371760259023,,
0,3.2216404843045297,,
1,0.42538155759480817,,
0,2.213710394837668,0.16452278207379423,0.16452278207379423
1,-0.014881981271248788,,
1,1.760265905399215,,
1,-0.0076348315770733395,1.720403110705051,1.720403110705051
0,-0.8172651685600011,,
1,-0.4815128741716952,,
0,-0.037523288614511534,1.7710876631466024,1.7710876631466024
0,-0.8381302817371791,-0.08107253342073995,-0.08107253342073995
1,0.46552478553014576,,
1,-0.626834759869328,1.5094413961137114,1.5094413961137114
0,-0.8429528439330687,,
1,0.2510382082011117,,
0,-0.22561534861043706,-1.4146795168182873,-1.4146795168182873
0,-0.6061619089276851,-0.42853753360199764,-0.42853753360199764
0,-0.018802502660605156,,
0,-0.2763991765683803,,
0,-0.16280597325743765,0.8812985936556448,0.8812985936556448
0,1.3599660728676652,,
0,1.458473123892557,,
0,-0.2974369053542935,,
1,0.20925017158599324,1.8189597865140297,1.8189597865140297
0,-0.9737386217178752,,
0,0.7381236462609313,0.6837423323606392,0.6837423323606392
1,-1.135420268296021,,
0,-0.6601905225406314,0.09908185574860617,0.09908185574860617
1,-0.25781511646462324,2.166960254075668,2.166960254075668
1,-1.2466490029836306,,
0,0.17765344334913868,,
0,-0.07462960942140495,0.07913511279641616,0.07913511279641616
0,-0.9028261965037481,,
0,0.7451939002618125,,
0,0.31556184864514775,,
1,0.24092893677044264,1.7652526056041529,1.7652526056041529
0,0.21249108602758218,0.020099243199987904,0.020099243199987904
0,-1.5309743487831213,-1.4523227883898286,-1.4523227883898286
1,1.3664702422135344,,
0,-2.167784739348412,0.07612003931697109,0.07612003931697109
0,1.0346724087929124,1.19966429409883,1.19966429409883
1,0.6803121993958497,-0.769798485350671,-0.769798485350671
0,0.3301552071481302,,
0,-0.762173684853124,-0.7255977444854917,-0.7255977444854917
1,0.12167654260215888,0.536946143555545,0.536946143555545
1,-0.0021585271803503635,1.7564112006804118,1.7564112006804118
0,1.7737639500644484,,
1,1.8611693418757302,,
1,0.2670643008393404,2.299829076737762,2.299829076737762
1,-1.4639314077835983,,
0,0.9172484437296725,,
1,1.998838707995916,,
1,1.1709110395071165,,
0,0.9821271454114694,,
0,-0.23909373559639582,2.7972013132275437,2.7972013132275437
0,-0.6495222364350123,,
0,-0.14303810786825585,-0.1906552835050116,-0.1906552835050116
1,0.016136504725082886,0.8083434346067282,0.8083434346067282
0,0.12950070177062048,,
1,-0.4794506336072209,0.8562189614923683,0.8562189614923683
1,-1.1555435859930066,,
0,0.10526500023541377,0.9754198956909588,0.9754198956909588
1,-1.1289102704200542,1.038627072177301,1.038627072177301
0,-0.7949102770751018,,
0,-0.08010077046349866,0.6896291723126494,0.6896291723126494
0,1.6446720630520917,0.45294351405810385,0.45294351405810385
0,0.9035384238561908,,
0,0.5028645544974555,0.34261567830933914,0.34261567830933914
0,1.216638387770831,,
0,-0.3469168210201602,-0.32594572418474926,-0.32594572418474926
0,0.5315013565494843,,
0,1.3203940315902918,2.083562687547196,2.083562687547196
1,0.4388288591075755,,
0,-1.104727542699563,,
0,0.9992466386302352,,
0,-0.22218644635360854,-1.45002521382939,-1.45002521382939
0,0.21133607503430596,-0.10653655736670697,-0.10653655736670697
0,-1.303284891512392,-1.7423026696465362,-1.7423026696465362
0,1.3861817718530698,2.147921632219023,2.147921632219023
0,-0.5279404855620967,-0.37463600646794776,-0.37463600646794776
1,-0.2220870105039941,1.4009594817990478,1.4009594817990478
1,-1.4907965699200543,0.3602080941972865,0.3602080941972865
0,-0.14644269954790337,,
1,-0.42149827969096026,,
0,-0.6704496660496666,0.5100103900809154,0.5100103900809154
0,1.8285722504268191,,
1,1.4363599380608558,1.525499369381991,1.525499369381991
1,-0.8761551633293154,1.6481459822042444,1.6481459822042444
0,1.6411592843406404,1.6731135394041616,1.6731135394041616
0,-0.6618381657004435,,
1,-1.5544014411766798,-1.7806145180319715,-1.7806145180319715
1,-0.6532672821311057,,
1,0.8258951932124324,,
0,0.6686026279285755,1.753862617904378,1.753862617904378
0,-1.102950742848909,0.09385963283202642,0.09385963283202642
1,-0.3277694219680794,-0.16583308100435623,-0.16583308100435623
0,0.6708307678889889,,
1,-1.6294335925562191,0.8220355347493318,0.8220355347493318
1,-0.018446461023718837,,
0,-0.05930087009216662,,
1,0.32590455403684204,1.9040786392890783,1.9040786392890783
1,0.5959687612442697,1.502178383803944,1.502178383803944
1,-0.20291597150426052,-0.4317721034094164,-0.4317721034094164
1,-0.7305097354890256,0.5579962115232451,0.5579962115232451
0,1.325162882859657,-0.4924046511588198,-0.4924046511588198
0,-2.379039509113186,-1.8572728163629888,-1.8572728163629888
0,0.18443897863415337,-0.4408680608697544,-0.4408680608697544
1,0.8494759855361466,,
0,1.2183019765368945,,
0,0.18120932196238076,0.3995835033308994,0.3995835033308994
1,1.9364175710925995,,
0,-1.4447005902330599,,
0,1.528609973113995,,
1,-0.29524472814089886,,
1,1.6289494983863007,0.34249633275922764,0.34249633275922764
1,-0.7729920796584252,,
1,-1.0553528963197407,1.0601793866038849,1.0601793866038849
0,-0.28605648318467947,,
0,1.0635329358825845,0.8955099079427608,0.8955099079427608
1,-1.1428053110380034,,
1,-0.29061162723486134,,
1,-0.4332310580251285,,
1,1.7908862440653863,,
1,-1.5350043045245023,1.0472465670923832,1.0472465670923832
0,-0.6627323191125646,0.7249193154017024,0.7249193154017024
1,-0.6321080081228716,,
1,0.9648525248699992,,
0,0.1251222840184651,-0.24527771710623847,-0.24527771710623847
0,0.4307933152467291,0.12958143187346927,0.12958143187346927
1,0.05953824452787747,1.9064665015452407,1.9064665015452407
1,0.11789585783821203,,
0,0.9402446724565671,2.1675445668739806,2.1675445668739806
1,-0.8689664078624609,,
0,0.05501704281063585,,
0,0.9381365594685714,,
1,-0.867953387421123,,
1,-1.310328887552476,,
0,1.0681668787231504,,
0,-1.4148712429773669,,
1,0.7427603861490266,,
0,0.0650081397820958,0.20618697512494177,0.20618697512494177
0,-2.0218073546610817,-1.2456997016355504,-1.2456997016355504
0,0.866148048239395,0.1620873420543968,0.1620873420543968
0,1.3654035795550188,0.44646508858774114,0.44646508858774114
1,0.7688775052837916,,
0,-0.8876855524775676,,
0,-1.6340707017686862,-1.510945239611703,-1.510945239611703
0,-1.694395533404133,,
1,-0.1679604585395951,,
1,0.45987998634453453,,
0,0.7668712978768174,-0.4988495360469365,-0.4988495360469365
0,-0.6152319738179204,,
0,1.4493053209987476,1.2824778516532531,1.2824778516532531
1,-1.0845297395741897,2.26157645601634,2.26157645601634
0,1.503587418373053,,
1,-1.7161158014445517,-0.3161434803725349,-0.3161434803725349
0,1.0483374433543715,-0.002365994002325289,-0.002365994002325289
1,-0.6306700602266813,,
1,0.189885653256932,,
1,0.7774846703506608,-0.03998320577758152,-0.03998320577758152
0,0.5718989331207879,,
0,-1.053025917987319,,
1,-0.8654079839148202,,
0,0.6798181370453475,,
1,-1.1594447889178048,1.053411341657653,1.053411341657653
1,-0.3948069271150346,,
1,1.6749849390628593,,
1,0.23321742442126966,2.1953774364223806,2.1953774364223806
1,0.6384033574006152,,
0,0.734327264527473,0.5085285407241199,0.5085285407241199
1,0.15562739662958672,-0.07910379095785647,-0.07910379095785647
0,-0.4727292523752241,-1.0996991978226274,-1.0996991978226274
1,0.12763790980725426,0.7112890744654551,0.7112890744654551
1,0.49145523404947317,,
1,-0.6562344284420573,1.2200033545364664,1.2200033545364664
0,-0.2696519100631273,-0.08755249444918445,-0.08755249444918445
0,0.047657642579409513,0.7820079048029597,0.7820079048029597
1,0.1455673943257648,2.9405741556852085,2.9405741556852085
1,-1.6989559869136477,-0.4687867265017527,-0.4687867265017527
0,-0.00570867104790008,-0.1670767331183322,-0.1670767331183322
1,0.2197881096195942,,
0,0.39876440481560504,,
1,-0.5527578929682632,2.5487024137569456,2.5487024137569456
1,0.16799267427658968,,
0,0.6607114036325463,-0.8668153012385506,-0.8668153012385506
0,1.3183338333742456,,
1,1.1580077567497384,,
0,-0.01094950757820663,-0.18912496037604798,-0.18912496037604798
1,-0.8225278546268943,1.083815618701569,1.083815618701569
0,1.2450138536830024,,
0,-0.5170811181133991,-1.0943998302134967,-1.0943998302134967
1,-0.3907114172308851,,
0,0.707778837499774,1.1155988349752493,1.1155988349752493
0,-0.024543181398998103,,
1,-0.03626623498363035,,
0,0.6714087920561831,,
1,0.9657058668936571,,
0,-0.9307165709886347,,
0,0.15911733103459894,,
0,-0.8317416378269848,0.17000811031428226,0.17000811031428226
0,-0.16932250111079697,2.5599792295799957,2.5599792295799957
0,1.8285725874347993,,
1,0.17688361664921365,0.892462571404969,0.892462571404969
1,0.29840794184716574,,
1,-1.631831481469805,,
0,1.284763765530177,,
0,-1.1670444398142101,0.1616231158723294,0.1616231158723294
1,2.3133527056446814,,
1,0.033810356134037316,,
1,0.47066109874741036,-1.4982770130429515,-1.4982770130429515
0,0.8932277693311084,,
1,0.0040363077251719965,0.7173473215534739,0.7173473215534739
1,-0.558445508754796,0.318766135427222,0.318766135427222
1,0.44914800648640907,,
0,-0.3013358783622236,,
1,-0.8661235136701246,,
0,-0.05574806422578877,1.2822119729553711,1.2822119729553711
0,0.8534678536136868,,
1,0.39833370736992574,3.3788631812909697,3.3788631812909697
1,1.1779947738092413,3.415508903212958,3.415508903212958
0,0.5032439425237804,,
0,0.4300178472213786,,
1,-0.6361807847041163,,
1,0.5567726536967973,1.1302125977453819,1.1302125977453819
0,1.0639872262603889,,
0,0.9248370461614901,,
1,-0.7633337807718371,,
0,0.13847850146850635,,
0,-0.2972941807614346,-0.042467051094489505,-0.042467051094489505
1,0.34639729029841504,,
0,0.6539751288062723,,
0,0.032404617685568335,-0.39982851797704533,-0.39982851797704533
0,1.303410497348792,0.47852195978860745,0.47852195978860745
0,-0.42138282442469993,0.6561455736392443,0.6561455736392443
0,0.0335288270820866,,
0,0.10482451750637477,,
0,1.0111740974569665,0.1962347353129481,0.1962347353129481
1,1.4729304825950629,,
0,0.33760644084186847,0.1601699350331104,0.1601699350331104
1,-0.3106518726485471,,
1,-1.9656131026695471,,
0,1.378308387523164,,
1,-1.4305120705670176,0.056581501009726476,0.056581501009726476
0,0.14209208724733915,-0.6363312999188763,-0.6363312999188763
0,0.24805428835568963,0.9032705354152573,0.9032705354152573
0,0.793568748346893,,
1,-0.6303629986253558,,
1,-1.0540591681158877,,
0,-0.12059699169008625,,
0,1.2233521065726505,,
1,-0.28970824127850603,,
1,1.300896962548103,,
0,1.284364112386333,,
1,-0.9305509493959382,1.8307809041356122,1.8307809041356122
0,-0.7787552081429139,,
1,-0.17503190455090814,,
1,0.37666859688490295,,
1,0.46621955053714503,1.3391964500564488,1.3391964500564488
0,0.5110965682270302,,
0,-0.4010839239680503,,
0,0.20375275676390311,-0.7264343559645868,-0.7264343559645868
1,-1.3290783314573364,,
1,1.4449000616640983,1.1576343373904425,1.1576343373904425
0,-0.027292627461104346,,
1,-0.2565936072541718,,
1,-0.29878037678197117,,
1,-0.8038286898941015,2.245862762216107,2.245862762216107
0,1.5847752262208779,1.887454688177688,1.887454688177688
1,0.6159628078355865,,
1,1.2460635618013136,1.6782526845511314,1.6782526845511314
0,0.06516356349871254,-1.493939470627704,-1.493939470627704
1,0.7604654554934916,,
0,-1.1624157439792862,0.6870548490285234,0.6870548490285234
1,-0.5731546587179814,,
1,-0.22134991427237674,2.026552485018943,2.026552485018943
0,-0.6786971973317555,0.36479457690492156,0.36479457690492156
0,-0.6138927507864106,0.014017329851395866,0.014017329851395866
0,-0.003937037773065557,,
0,0.1925282674873701,,
0,-0.17158072809690864,,
1,-0.7298610566462248,,
0,0.6166931130320662,,
0,-1.911350794307996,,
0,-0.41205293355011047,,
1,1.4378535650579172,2.0256233174357146,2.0256233174357146
1,-1.0787223771262748,,
1,2.1199036677783454,,
0,-0.29732461883917394,,
1,1.5542191901886426,,
1,-0.23488667201762548,1.5790716680029697,1.5790716680029697
0,-1.2215987622583184,,
1,0.7518216060747938,2.310230746342038,2.310230746342038
1,0.9752878523204207,,
0,0.1764175239087245,,
1,1.3598049333892148,,
1,1.3092839156606817,0.8775376062277707,0.8775376062277707
1,-0.18723895071511037,,
0,1.0488235364942664,-0.6168503206989258,-0.6168503206989258
0,0.8470142540584722,,
0,0.7497959807553302,,
0,0.4860504865368351,,
0,0.09655521074919995,,
1,-0.46476964983598595,0.3163613390284421,0.3163613390284421
0,0.9137940653716635,1.1557818203028107,1.1557818203028107
0,0.8419615048751481,,
1,1.5044678723574936,,
1,-0.08231178826105832,-0.059089466046545525,-0.059089466046545525
1,1.209560345536579,,
0,-0.38865947086784935,,
0,-0.6123884539407518,,
0,-1.2787690003970236,0.1157285965904093,0.1157285965904093
1,0.7077852229745737,,
0,1.1716776579521504,,
1,-0.8514290347212891,-0.3792138162591532,-0.3792138162591532
1,-0.7318167310005641,,
0,-0.9057868684398316,0.6425817866327489,0.6425817866327489
0,0.24276412285617072,,
0,-1.7873925787126428,,
1,1.1550052589575994,,
0,-0.9259487009550064,,
0,-0.3980882246470539,,
0,-1.0236425965980804,,
1,0.3098969417267099,0.924717924745796,0.924717924745796
1,1.0292286731554454,,
0,0.9895130218127481,,
0,0.36729062172142596,-0.3433536503202874,-0.3433536503202874
1,0.6314130918078547,1.7785017312368185,1.7785017312368185
1,0.353017875044807,0.18796332404372162,0.18796332404372162
0,0.6339959728773558,0.22171278648469273,0.22171278648469273
1,0.7751324038810181,2.340460758766625,2.340460758766625
0,-1.3589537501760642,-0.526559803037856,-0.526559803037856
1,0.7926012074199114,,
0,-0.6604744362314927,-1.085344034064296,-1.085344034064296
1,0.16560894499064477,,
1,0.66808573990412,,
0,-0.2839184348831628,0.4388917948232355,0.4388917948232355
0,0.6652497007974075,1.4322167331832092,1.4322167331832092
0,0.0923468330231829,,
1,-1.3727332902779104,0.8444327169665782,0.8444327169665782
0,-0.2988315309172139,,
0,-0.18922030729300987,1.6632404724896772,1.6632404724896772
0,-0.48483289395476425,-0.008525837213399445,-0.008525837213399445
1,0.6589212417001533,1.5279630454195368,1.5279630454195368
0,-0.9402136623621027,-1.0213712953490126,-1.0213712953490126
0,-0.6934888636983008,,
0,0.27966219869256603,-0.8670543460310194,-0.8670543460310194
0,0.6982916537857685,0.036189386449710925,0.036189386449710925
1,1.2702107000363438,1.78352334361101,1.78352334361101
1,-0.46108937645651615,,
0,-1.9770739777551765,0.1555439754818988,0.1555439754818988
0,1.4350177049000066,,
1,-0.22728985785232483,,
0,1.1942150887700325,0.43278739452064263,0.43278739452064263
0,0.9982630286421769,,
0,-0.772447907130724,,
1,-0.7898295624883034,1.2777063629562853,1.2777063629562853
1,-0.22328582569905145,2.079565137942316,2.079565137942316
0,-0.6299608392961054,,
0,1.8735629662329407,,
1,-0.7362766216505504,,
1,1.9261932606282204,2.3908795808409633,2.3908795808409633
1,-0.6851854423998639,-2.1485661410788515,-2.1485661410788515
0,-1.6526588976518441,,
0,-1.6012212623093425,-0.6215559766024601,-0.6215559766024601
1,-0.4987329433149449,,
1,-1.6754085738612805,-0.22247038355255477,-0.22247038355255477
1,-1.8390820325798778,,
1,-1.3092421423912652,0.4690262676790422,0.4690262676790422
1,1.2063011294616148,1.652901654323661,1.652901654323661
0,-0.5283047496578543,-0.0736920530801653,-0.0736920530801653
1,0.7153338636614451,2.996681710940022,2.996681710940022
1,-1.2989762463541483,-0.6402497813659167,-0.6402497813659167
0,1.042945214964931,,
1,-0.8063881643333304,,
1,-0.2734667394739068,,
1,0.07878906648766841,,
0,0.008107701609836203,,
0,0.16159586089883252,,
0,0.7915275675876787,-0.2611480463734649,-0.2611480463734649
0,-0.8299316544838818,-0.03966855891185439,-0.03966855891185439
1,-0.7526080299511161,,
1,0.05509889883791814,2.579034706943512,2.579034706943512
0,-0.10900952543087042,-1.4320895649248209,-1.4320895649248209
0,-1.22357094904961,-0.31678200536726353,-0.31678200536726353
1,1.6978315277445413,-0.6155828285902407,-0.6155828285902407
1,-1.8764685834056658,-2.152699710211261,-2.152699710211261
1,0.5088634188203341,,
0,-0.08288142616256841,-0.2934840755908565,-0.2934840755908565
1,-0.5667645678960342,,
0,-0.8997726731999458,0.6819903145565614,0.6819903145565614
0,0.8349486611970024,,
1,2.3216951139586004,,
0,0.46472466124556366,,
1,1.0165588332387487,,
1,-1.8760735291378139,-0.07889706581984779,-0.07889706581984779
0,-0.17141698848917714,-1.797363203776309,-1.797363203776309
1,0.6725458531289258,,
1,0.11824447311822152,,
0,1.084935113456427,1.458351495929584,1.458351495929584
1,1.0482383127564223,,
1,0.5147033588826306,1.3964002618452462,1.3964002618452462
0,-0.48239935804400325,-0.18856064453085974,-0.18856064453085974
1,-0.5591258782712444,,
1,-1.7711960843806183,-0.6261354558012713,-0.6261354558012713
1,0.24255924428143577,,
1,0.5135796267869672,1.3514248755398923,1.3514248755398923
1,0.676796404213639,,
0,1.2799863979964548,,
1,0.4459280679140104,1.2836167344131804,1.2836167344131804
1,-1.3199983378809816,1.6479050744100843,1.6479050744100843
1,1.3917712246166742,,
0,-0.6636161391378904,,
0,-2.0264445211706583,-2.003354409640041,-2.003354409640041
1,0.8141285715781835,,
1,-0.3116359854688828,,
1,0.09568211808073616,,
1,0.6833802567787846,0.42977222713292074,0.42977222713292074
0,1.7833459237235347,,
0,-1.78674284934108,,
0,-0.360161172977214,-1.3427778836768627,-1.3427778836768627
1,0.26996615692132797,,
1,-1.5935075873253628,0.32601549691650644,0.32601549691650644
0,1.0924234724519932,-0.12744448610500791,-0.12744448610500791
0,1.0536849603013905,,
0,1.7697347297671138,1.5494659536627755,1.5494659536627755
1,-0.6318581165727379,,
1,-1.231552153558904,0.6904012307106958,0.6904012307106958
0,-0.5338959530820048,,
0,-0.2792327328394913,,
0,1.3623958828487048,,
1,0.8444134594407612,2.287792002203836,2.287792002203836
0,-1.0947142228690299,0.8486439186136271,0.8486439186136271
1,1.6237821769151706,1.6085465602599438,1.6085465602599438
1,-0.1267590855307461,-0.23724555846448148,-0.23724555846448148
0,-0.923766420073323,-1.307974003453662,-1.307974003453662
1,-0.4180789679842831,2.626485204332181,2.626485204332181
0,0.39245191742422325,,
0,-0.32720997548243175,0.5037247205434493,0.5037247205434493
0,-1.4310965264044462,0.19383623142693235,0.19383623142693235
1,1.789682393328182,,
1,-0.041649554361954215,1.5114750993413426,1.5114750993413426
0,-0.6762534376475239,-0.42200469896119647,-0.42200469896119647
1,0.15513056725206917,,
0,0.5006692865429628,-0.6951973956270714,-0.6951973956270714
0,-1.056606151671182,1.2286595486124066,1.2286595486124066
1,-1.4575956262336875,,
1,-1.752293180696175,2.1855785166701636,2.1855785166701636
0,0.8457452000298241,,
1,0.37030263530390134,1.4030615074493435,1.4030615074493435
0,1.1636005934467402,0.6447270991510983,0.6447270991510983
0,0.3392264116441825,0.3548716956464549,0.3548716956464549
1,1.6873606298749737,2.8230944561081515,2.8230944561081515
0,0.7088073015713188,1.3602708767118197,1.3602708767118197
0,-0.1757455010522678,-0.2394073328861543,-0.2394073328861543
1,-1.705856726720222,-0.5707916279870078,-0.5707916279870078
1,-0.5203379780667751,1.6421052756724508,1.6421052756724508
0,-0.6126443359597676,-1.8605762263828984,-1.8605762263828984
0,-1.1144374310888354,,
0,1.268809098594135,,
1,-0.1690142040645441,,
0,0.026654273102709056,,
0,0.05915520317326765,-0.4816731728621466,-0.4816731728621466
1,-0.9359626453483231,,
1,0.6728757310757635,1.03957976869928,1.03957976869928
0,-1.0524728131911147,0.9134738643029713,0.9134738643029713
0,0.13787633265631713,-0.5570951060652289,-0.5570951060652289
0,0.44230465416609865,-0.5211964423585831,-0.5211964423585831
1,-0.7450127095788309,,
1,-1.5901523005895095,,
0,-0.9303865791671005,,
0,-0.5676478134960458,0.7194771660602577,0.7194771660602577
1,-0.7431069219536599,,
0,-1.4006085354307298,-2.2736381112991424,-2.2736381112991424
1,-1.2126866653970474,,
1,2.302373652942909,2.9891126028390107,2.9891126028390107
1,1.2703365886566638,,
0,1.1127313656174254,0.9467032317704389,0.9467032317704389
0,-0.16742682792393232,-1.1718966875207233,-1.1718966875207233
0,0.841852729041385,-0.048476349436481936,-0.048476349436481936
1,-0.4790986564026407,0.14299613358740437,0.14299613358740437
0,1.0924874568454113,,
1,-1.0727889475799823,,
1,0.6775999716118464,2.171374835176029,2.171374835176029
0,0.672831182239864,,
1,0.32772373936158805,-1.5917871228832032,-1.5917871228832032
0,-0.31374191853275435,-1.4244751192254301,-1.4244751192254301
1,0.6251329178154763,,
1,0.08616042265206841,2.52894823993926,2.52894823993926
0,3.8628075529323413,0.751174221025636,0.751174221025636
1,-1.320567465276388,-0.4284146091741361,-0.4284146091741361
1,1.173894635267212,,
1,1.7060928205162882,2.4265401727607454,2.4265401727607454
1,0.9500464123547231,0.2715896871462349,0.2715896871462349
1,0.6489933117124219,2.1369618696661465,2.1369618696661465
1,1.0801813243468832,,
1,0.8856772831179858,,
0,-0.14075449219163041,0.6758707664471273,0.6758707664471273
1,-0.632189294296555,,
1,-0.07286794348097056,,
0,-0.9718624299085316,-0.8803051820608627,-0.8803051820608627
0,1.2265006022107048,1.6311278039344157,1.6311278039344157
1,0.09444556945268692,-1.1380538405158385,-1.1380538405158385
1,0.09704789909208314,1.2791431316437942,1.2791431316437942
1,1.3835240955452837,,
0,-0.14509323504858063,0.04127235682738917,0.04127235682738917
1,0.4348941007898386,1.3486319418584498,1.3486319418584498
1,1.8974979520367474,,
1,1.4775546131953217,,
0,1.0076421269389717,,
1,-0.9543797584218724,2.0059615236235424,2.0059615236235424
0,0.8611874497447037,,
0,-1.5716337491499046,-0.07260125271786164,-0.07260125271786164
0,0.03261996903877982,,
1,1.0086954930589938,0.2209772742683691,0.2209772742683691
0,0.634768983823198,0.07101192087151398,0.07101192087151398
0,-0.4376546917911101,-0.8957350143922514,-0.8957350143922514
1,-0.15928452729388606,1.2870310575323574,1.2870310575323574
1,-0.18314455069386118,,
1,-0.0006686884342522554,,
0,-1.5136818902164595,,
0,-0.6705644233538666,0.21256067420746194,0.21256067420746194
0,-1.8256357847316453,-2.018762539698481,-2.018762539698481
0,0.40630112487212516,,
1,-0.2979632996648129,,
0,1.170343402106619,2.6871696415592297,2.6871696415592297
0,1.0008635136933122,-0.9531327409708834,-0.9531327409708834
0,0.3223870107234512,,
0,2.400147399273384,2.3541091521354898,2.3541091521354898
1,-0.7226527357554315,1.1799053103889783,1.1799053103889783
0,0.08009549804518988,,
0,2.43586674906705,0.5708565470533218,0.5708565470533218
1,-0.9112238544421017,,
1,0.33708621807421335,2.526459370022426,2.526459370022426
0,-0.3193607844769641,,
1,1.0092098457808363,,
0,0.17111371199570888,,
0,-1.4622698138927095,-0.012781183615352715,-0.012781183615352715
1,0.6405981491483635,2.568938518891361,2.568938518891361
0,-0.8677906081076032,-0.7002154359306213,-0.7002154359306213
1,-0.5079075508079183,,
0,-0.07747099891589988,-0.4490486809102937,-0.4490486809102937
0,1.5014543069019652,,
1,-0.5569573842968445,,
1,-1.0076829001518497,0.9862210984789872,0.9862210984789872
0,-0.6447751096476467,0.6513979026896283,0.6513979026896283
0,2.0391712777841535,-0.8822536234551017,-0.8822536234551017
1,1.1337462163662526,0.11462236898298439,0.11462236898298439
0,-0.762011998627547,0.32799936969024607,0.32799936969024607
1,-0.45754169776044207,0.6759964352300839,0.6759964352300839
0,-0.7709264278914432,-0.46393785622506634,-0.46393785622506634
1,0.36367849038563893,,
0,-0.641349964507718,,
0,-0.4923632818664224,,
1,0.9223765989341962,1.1569615144860816,1.1569615144860816
1,1.4946927320117416,-0.07105936416837766,-0.07105936416837766
0,0.5247374452014932,,
0,-2.4191322088745837,,
0,0.6539785214483996,,
1,-0.9196052951549161,,
1,1.4814977737555695,2.5822820145826366,2.5822820145826366
0,1.815936050967411,,
1,0.7638769079978426,,
0,0.2702657842360731,,
1,0.9047815801563741,,
1,0.7981766040360454,0.043618638536153664,0.043618638536153664
0,1.6638697101319804,1.1617099650543194,1.1617099650543194
0,0.44870675694521894,1.52826113690661,1.52826113690661
1,0.5461553446021473,,
0,-0.36001791166435976,0.41290099461188334,0.41290099461188334
0,0.6745405660933081,,
0,-0.6717781095967575,,
1,-1.356468480952404,,
0,0.11235480225261314,0.5170659139022624,0.5170659139022624
1,-0.6271196113448011,,
0,-0.413123128888581,-1.1672881482193098,-1.1672881482193098
0,-1.4374578529985855,,
0,-0.048698117166232624,,
1,0.6332118109564462,,
0,-1.7949358047073392,-0.13541699576474708,-0.13541699576474708
0,-0.328786265879377,,
0,0.6549220288800601,-0.44677058275491155,-0.44677058275491155
1,0.7618425911521645,,
0,0.3628757366779718,,
0,-0.8702724454152995,-0.4806591152195948,-0.4806591152195948
1,0.34621485833629284,1.1578026090593556,1.1578026090593556
0,-1.1375554865322701,0.1707711481913892,0.1707711481913892
0,-0.21141766756580632,0.9729833444935816,0.9729833444935816
0,0.43994408665348816,,
1,-1.2676613256676796,,
0,0.9798136888168466,,
0,-0.5602751382145126,,
1,-2.013233858915811,0.6273921884146494,0.6273921884146494
0,-1.916906421240225,-0.3396448669786992,-0.3396448669786992
0,-0.3223594982879762,,
1,1.0452426544812952,,
1,-0.4320905051669007,1.3081921249177648,1.3081921249177648
0,-0.14662163701748013,1.0851068008495544,1.0851068008495544
1,-0.330640976031171,,
1,0.35153961286625146,,
0,0.6419694772526707,,
0,0.13605269907441495,0.8268266916567629,0.8268266916567629
1,-0.17571596523767,,
1,-0.12655620641363435,,
0,1.3251160618885047,-0.06459010952306143,-0.06459010952306143
1,-0.13206601551105873,,
1,-0.5034005066734394,0.774387495124377,0.774387495124377
1,-0.10716953792314399,,
1,-0.8181712604043294,-0.035910379788949065,-0.035910379788949065
0,-0.9556463536902037,,
0,1.931734119550403,0.775462521955772,0.775462521955772
0,0.9406307537553226,,
1,0.20098351179611168,,
1,1.5874246024240526,,
1,0.8633810220147491,3.1837654219037046,3.1837654219037046
0,1.065427533208731,,
1,-0.28137987019711586,,
0,-0.005536310275087392,,
1,-0.1832043353248911,,
1,-0.37774981847805156,,
0,0.44948574662898105,-0.32067967407380005,-0.32067967407380005
0,-0.5661653073291022,0.08452557321698578,0.08452557321698578
1,2.7033862278095935,,
0,-1.2286550007738755,-2.3704282410915187,-2.3704282410915187
1,1.3804461453616548,,
1,-0.8492800971807811,0.5213934973059362,0.5213934973059362
1,0.7312331104819453,1.935493498337248,1.935493498337248
1,-0.47107161259081287,-0.5521948382105273,-0.5521948382105273
0,-0.14411968136719616,-0.9080155128270658,-0.9080155128270658
0,-0.10717242761191262,1.0341707785832746,1.0341707785832746
1,0.4217816201306991,0.42289273451695264,0.42289273451695264
0,-0.4741866749475303,-2.724471336795047,-2.724471336795047
1,-0.2609710211963953,-0.8172507837034493,-0.8172507837034493
0,-0.27511958756102894,,
1,0.3502500787284809,0.7586679188206105,0.7586679188206105
0,-0.4889434297401654,,
1,1.728496380770905,,
0,-0.20185728775425685,,
0,0.7612102974771858,,
0,-0.7711558901610136,,
1,-0.2653896413596992,,
0,-0.6130804984842899,,
1,-0.8912376356719218,,
1,-1.247539052448213,0.05041228441053058,0.05041228441053058
1,-0.13944477455349863,,
0,-1.117399347279336,,
0,-0.682035319134629,,
1,-0.974839693493844,,
0,1.1827763534331697,,
1,0.3164781299984463,1.7636632444286686,1.7636632444286686
0,0.5834358135819973,,
1,-1.1365206989751664,1.1213636828777764,1.1213636828777764
0,0.3605371798275808,,
1,0.44499732299728584,1.7844348649604607,1.7844348649604607
0,-0.7196125546494475,-0.0007670153547396918,-0.0007670153547396918
0,0.7510561912491224,0.2535710613045151,0.2535710613045151
1,0.8980084494174672,,
0,0.6841637140411881,,
1,0.10113124488799329,,
1,-1.2453568908116515,,
1,-0.5306979534762373,,
0,-0.6598481862172361,-0.5527196721974968,-0.5527196721974968
1,1.728412475072398,,
1,-0.7197401694441597,2.0083595401785663,2.0083595401785663
1,1.1766241268241697,1.6905706925005373,1.6905706925005373
0,0.3710869161688593,1.2151328636974537,1.2151328636974537
1,-1.2564749854245485,,
1,1.033670295075585,,
1,-1.540729326198921,1.0591336531595588,1.0591336531595588
0,-1.8841951175931466,,
1,-0.09169551963289804,,
0,0.450384596205683,,
1,-0.06923211374523629,1.357639235388347,1.357639235388347
0,0.6132846567174414,,
1,0.11729479445980148,0.5908224476953566,0.5908224476953566
0,-0.4926099952363599,0.5519466910996718,0.5519466910996718
0,-0.07685672240512183,-0.5903416533125834,-0.5903416533125834
0,0.34685048756186343,,
1,-0.8684058572286595,,
1,-0.8253530241624956,-0.834000563496859,-0.834000563496859
1,-0.6879054624639211,,
1,1.1618000032386673,,
0,-0.5322557483357313,,
1,2.1440189818328004,,
0,-0.12262878123609394,-0.004492141477214551,-0.004492141477214551
1,0.5380738702270785,,
0,1.136334702512429,,
0,2.1953112192854536,,
0,-0.3191867016555168,,
1,-0.15808128053562875,,
1,0.892335946355402,,
0,1.7192414254335153,,
0,-0.4570386703644604,,
0,0.9276896693031542,,
1,-1.0014019554200695,,
1,-0.5494417303663077,1.5255681835177526,1.5255681835177526
1,-0.24833542857707544,0.269227425490318,0.269227425490318
1,-0.04696978320184269,0.8892524613591919,0.8892524613591919
0,-1.6806608888147008,-0.6319774428495166,-0.6319774428495166
1,1.7838736683229905,,
0,-1.232048067071993,,
1,-0.3278967089277142,,
1,-0.19913332698026412,1.3370982178647495,1.3370982178647495
0,0.14221771664999924,-0.3215453930425908,-0.3215453930425908
0,0.6321372759447851,-0.36152397818522397,-0.36152397818522397
0,0.1375335906947918,-0.2640082061079816,-0.2640082061079816
0,0.689371729668121,-0.07688587712206219,-0.07688587712206219
1,-1.0574189905841347,,
0,0.3749561529569683,0.00398151762508181,0.00398151762508181
0,-0.06608774068140916,0.9746608869427198,0.9746608869427198
0,0.9409784294233182,,
1,-0.2344469980179378,-0.10521323562530505,-0.10521323562530505
1,-0.11767160372860887,0.22224274729939197,0.22224274729939197
0,0.9975510895336319,-0.26885783771377614,-0.26885783771377614
0,-0.9348114635329475,,
0,1.0750489946002493,0.3794229760911262,0.3794229760911262
0,1.3567123710736246,,
1,0.13150104198065807,,
0,-0.7791410500295449,-0.5773040831625076,-0.5773040831625076
1,-1.0260607599024638,0.3967029848256918,0.3967029848256918
0,0.4521278496251002,,
1,-0.8039941318578883,,
0,-0.3727176383777447,,
1,-0.04354978046774,,
1,0.7262501671216741,,
0,1.69460154293506,,
1,-0.3473888963214721,0.7603036847525177,0.7603036847525177
0,-0.575443684319297,,
0,1.3686007731562377,0.3068785110184258,0.3068785110184258
0,-0.46780832147672274,0.8775165654589466,0.8775165654589466
0,-0.5787683051420729,-1.6320654725013743,-1.6320654725013743
1,-1.9543808865881853,1.1659447163059053,1.1659447163059053
1,0.966473449427251,,
0,-1.4388825974834392,,
0,-0.563577372222786,,
0,-1.8735393760060424,-1.2076574666086608,-1.2076574666086608
1,-2.5219345383084693,,
0,0.16295205322174283,,
0,-0.3146225856467996,0.8254741848596194,0.8254741848596194
1,-0.45694665716900146,0.1787012623643286,0.1787012623643286
1,-1.9895186971045882,-1.6267682425224494,-1.6267682425224494
1,0.5143757317245988,3.3197525023934555,3.3197525023934555
0,0.18219858796170205,-0.6121026451108262,-0.6121026451108262
1,-0.019605890780159743,,
1,0.1860023201070383,,
0,-0.5962864118419832,,
1,-0.16495884233420888,2.0221300349294222,2.0221300349294222
0,-0.1621979944623005,0.3024632503768291,0.3024632503768291
1,0.6603041955776108,,
0,0.31417022002236433,,
1,-0.7791660119249576,,
0,1.0513846825827944,,
0,0.7988059675664066,,
0,-1.8122154798287506,-0.34699110285564655,-0.34699110285564655
1,-0.18718681546830834,,
1,0.34544323402391636,,
1,-1.196126563801657,-0.12700754086164734,-0.12700754086164734
1,-0.4673232570248913,,
1,0.8846385894974841,1.0842787858750593,1.0842787858750593
0,0.5347972793989006,,
0,0.5690304863017341,1.1327498127664575,1.1327498127664575
1,-0.6266193044202281,1.4639837682355692,1.4639837682355692
1,-0.18910240319576743,2.1499588846400055,2.1499588846400055
0,-0.5443854842352538,-1.4388438412335198,-1.4388438412335198
0,0.8724947325026283,,
1,-0.31941450092096635,1.7798810239820926,1.7798810239820926
0,-0.9277910496625866,,
0,-1.1501658287707812,-1.4188495614003889,-1.4188495614003889
0,1.2377963372972485,,
0,0.9335113778096821,,
0,-0.4070534970001759,,
0,-0.968054560970731,-1.7371242565699014,-1.7371242565699014
1,-0.9629359675715127,,
0,-1.2965786836453985,,
0,-0.9257090945750022,-1.2998159871450135,-1.2998159871450135
0,0.9277887889075872,,
1,-0.8817507561529169,1.9915229696416135,1.9915229696416135
0,0.8595238510203609,,
0,-0.21302469790323933,-2.4997409813806786,-2.4997409813806786
0,1.9063389417737446,,
1,1.2160230288411338,,
1,0.8133461622787064,,
0,-1.339440754547541,-2.4105002690459623,-2.4105002690459623
0,1.5548359846595812,2.3275996629541624,2.3275996629541624
1,-0.8108092847906088,,
0,0.05181933838696428,1.5420510503008489,1.5420510503008489
0,-1.1272546548057751,0.2961876804738805,0.2961876804738805
1,-1.375316481137305,,
1,0.18758333462868176,,
1,0.9711614901617777,,
1,0.28962050738107925,,
1,-1.7726988808680757,0.8130866887676935,0.8130866887676935
1,1.095347144580583,,
1,-2.3291226591551104,-0.5932210313445383,-0.5932210313445383
1,-0.9663004126351743,1.5443238990039976,1.5443238990039976
0,0.2564252464791016,0.44976793211555277,0.44976793211555277
0,1.7334026663691091,,
1,-0.1803923890427682,,
1,0.977787729424842,,
0,-1.5172524135033132,-1.0770116838711572,-1.0770116838711572
1,2.029819670098885,,
1,0.5059735553104391,,
0,0.7084988618010897,,
1,-1.4553297596251107,,
0,-0.5971147749033069,-1.1821049762158666,-1.1821049762158666
0,-0.6550499289871516,0.5852080882653565,0.5852080882653565
0,-0.4186908595511114,,
0,-0.27407197146100537,-0.16949373872074214,-0.16949373872074214
0,-0.302307744207588,1.4922675663548994,1.4922675663548994
1,1.6920469851907929,,
1,-1.2389362494729799,,
1,0.07774013830878608,2.2077334755288187,2.2077334755288187
0,-0.0028403083217482766,,
1,-0.10551740942460365,,
0,1.4665779736154316,,
0,0.32597085626604533,,
0,1.0502971289932146,,
0,0.893418187725689,0.637111181063575,0.637111181063575
0,-0.6017172014420228,,
0,-0.44600421658977174,0.2702771180718983,0.2702771180718983
0,0.5245211739606742,,
1,-0.5581773082160857,0.5985369085693818,0.5985369085693818
1,0.570975267261022,,
0,1.7506403372925423,,
0,-1.1840002000304515,,
0,-2.9696442415358035,-1.6878516507758157,-1.6878516507758157
1,-0.08408490406626205,,
0,-0.545159597653993,0.20443066864136267,0.20443066864136267
0,-0.9424425176997463,0.4099292683383012,0.4099292683383012
1,-1.1980260809874128,,
1,0.537203497056921,1.278399978110651,1.278399978110651
0,-0.7306001268443026,,
0,1.3002561714151784,,
0,-1.3561385151648522,-0.9796719532155742,-0.9796719532155742
0,0.37933041208790214,,
1,-0.9071540961842226,,
1,0.17227888982807815,,
0,0.5529848488738646,,
1,-0.2264348721029582,1.6961033512172097,1.6961033512172097
1,-0.3649964711214714,0.7933390629434944,0.7933390629434944
0,1.0750888290693517,0.7808251566552599,0.7808251566552599
0,-0.0872413348869519,-0.37452473010352116,-0.37452473010352116
0,1.4731376321676846,,
0,-1.064320678712982,0.8502856807138395,0.8502856807138395
1,0.48244888244708745,0.0471480488441306,0.0471480488441306
0,-0.6391005766945277,,
1,-1.488841685924458,-0.9976078730578832,-0.9976078730578832
1,0.9770082764141378,1.4689550000889426,1.4689550000889426
1,0.07456919258438637,1.8292764931247274,1.8292764931247274
0,2.372495564120021,,
1,1.4773339349891312,,
1,2.4695341990993316,,
0,-1.448245384790938,0.4408577023261956,0.4408577023261956
0,-1.967282899610407,-1.3889454855818029,-1.3889454855818029
1,1.7620614230990332,,
1,-0.23465216836089767,,
1,0.25069979625141264,,
1,0.3868651952031979,1.4154768380948513,1.4154768380948513
0,-0.021106848575790076,,
0,-0.9093784109761982,,
0,0.5010743324762893,1.4444671662644049,1.4444671662644049
1,-0.9990365365514727,1.3429522091451673,1.3429522091451673
1,-0.4852773174719088,1.9751400315453984,1.9751400315453984
1,0.9041960265860174,,
0,-0.464765210732095,,
1,0.30470497754388787,,
0,-0.42813153954731453,0.4731770121104278,0.4731770121104278
0,-1.0318935068372168,0.5351670865951881,0.5351670865951881
0,0.38921738797233113,-0.796251916909124,-0.796251916909124
1,0.12240012085962101,,
1,0.44975718221282707,,
0,-0.14259861955757727,0.4372429665613442,0.4372429665613442
0,-0.9352590498343327,-0.36825739544523756,-0.36825739544523756
0,0.8752635789195421,,
1,-1.4962197277550215,,
0,1.0233924417571667,,
1,-0.33381747017132846,0.1477517412028866,0.1477517412028866
1,0.614438600451841,,
0,0.02528659993297175,,
1,0.47651549280745453,,
0,1.2977269125003383,,
0,-0.9157196285498627,,
0,0.39248266314073904,-0.33363796404054535,-0.33363796404054535
1,0.12505061104867365,,
0,1.6244517369171982,0.2710785432617251,0.2710785432617251
1,0.5645745724942837,,
0,1.2922381373573053,0.022768754427849647,0.022768754427849647
0,-0.5604702520135838,-0.34178256524413997,-0.34178256524413997
1,-1.3548566604475714,,
0,-0.9316196005185021,,
1,-0.4510095148525505,2.0240133368254987,2.0240133368254987
0,0.4603884289750196,,
1,0.9187121616121084,,
0,-0.9755692183768375,-0.6478603898970277,-0.6478603898970277
1,0.8380825375345904,2.0614935714409515,2.0614935714409515
1,-1.0463809464377074,-0.3787950265066473,-0.3787950265066473
1,1.8069315703468882,,
0,0.14610421816174107,,
0,-0.6487159511341826,,
0,-1.5015902656817632,,
1,-0.517099034011743,,
0,0.36470755015851064,0.4074692513483667,0.4074692513483667
0,0.898817792057653,3.0957204485270378,3.0957204485270378
0,-0.14327463371131774,0.8677196692461411,0.8677196692461411
1,-0.721919370198643,,
0,0.8604273708115071,1.9267875758892181,1.9267875758892181
0,0.0946317621352406,-0.3763499155274911,-0.3763499155274911
0,-0.44316611344457113,,
1,-0.41211696524828245,0.4375736222576192,0.4375736222576192
0,1.1683158110436491,-0.6408939392456281,-0.6408939392456281
0,-0.13294581073802844,,
1,-0.09610498857290156,,
0,0.10478642091327256,,
1,0.1587188815642058,-0.01639717676231811,-0.01639717676231811
0,0.8290729079771075,,
1,-1.062438813544172,1.3085110598324041,1.3085110598324041
1,1.745866066915382,,
0,0.6183725600468412,1.1379615065639752,1.1379615065639752
0,1.3088485307040827,,
0,-0.1565484388303903,0.6913019581108228,0.6913019581108228
0,0.7948389081272017,,
1,1.201902440523465,2.9841359287774507,2.9841359287774507
1,-0.32638014973172585,,
1,0.26471170142488953,,
0,0.7208915425846558,,
0,-0.32488637627731426,0.04381770463311363,0.04381770463311363
0,0.8592952256584426,,
0,-1.035589937009827,0.96277040921476,0.96277040921476
0,-1.2522778256534324,,
1,1.1484778377696345,,
0,-0.7916649633737963,0.41687007675725396,0.41687007675725396
0,0.04513475368162823,,
0,-0.5708605891266111,,
1,0.5542165306450237,,
0,-1.54958894224701,-0.4935110036450303,-0.4935110036450303
1,-1.1978221051985016,,
1,-1.499848250298253,,
0,1.294317966871955,-0.9253799858488119,-0.9253799858488119
0,-0.1500480566279184,0.8343547351114695,0.8343547351114695
1,1.1587524907494753,,
1,-0.662018454471669,-0.18971773389711988,-0.18971773389711988
1,-0.6445161629714151,0.13298089373465694,0.13298089373465694
0,1.1492878908997892,0.8843430548572627,0.8843430548572627
0,-1.169502835932717,1.4108031998443313,1.4108031998443313
1,1.132451241166233,,
1,0.5400703622404535,,
0,1.4619119333931831,,
0,-0.5014399048524883,-0.8317553853232831,-0.8317553853232831
0,0.1297823181916781,,
0,0.13983359848903093,-0.5848723314080563,-0.5848723314080563
0,1.2294130099527467,2.023842076647731,2.023842076647731
1,-0.47925694549398135,,
0,-0.8707201190260331,-0.6187374539713071,-0.6187374539713071
1,-0.7149835769091372,,
1,-0.8619230540946813,,
0,0.29299455270788843,,
1,1.4340778407851225,1.473426503312872,1.473426503312872
0,0.8261684570300145,,
0,-0.32811502009100474,,
1,1.6675529892569119,,
1,2.1081962696456147,1.7802790440493115,1.7802790440493115
0,-1.1667488365870515,,
0,0.03223272081578611,,
1,0.015002207988437277,,
0,0.5418850792748241,,
1,1.4207330170126062,1.0128918785598957,1.0128918785598957
1,1.772102202009415,,
1,-1.4949103089562046,0.3954997690356249,0.3954997690356249
1,-2.3133372331879922,0.04712627104627709,0.04712627104627709
0,1.360092478621633,,
1,-1.1711284164546827,0.05675255975348292,0.05675255975348292
1,-0.005432650765246435,0.5126215670999759,0.5126215670999759
0,-0.5094526486865367,-1.3596977861831667,-1.3596977861831667
0,0.7528121689177002,0.8063979405327659,0.8063979405327659
1,0.5457446734253714,,
1,-1.6919373551189578,,
0,0.32857987273482286,0.23098179454562584,0.23098179454562584
1,0.42543993921085016,,
1,0.9933589849956739,2.240859429965998,2.240859429965998
1,1.6867467930583384,,
0,0.6577182027373748,0.7034642697418094,0.7034642697418094
0,-0.04638679643369386,,
0,-3.260745023225758,-1.3960420469569643,-1.3960420469569643
1,0.4674798673337382,-0.3864142857393511,-0.3864142857393511
1,-0.36359556621151173,,
1,0.6946627402649758,,
0,-0.6055304060477726,-0.15662755120008864,-0.15662755120008864
1,-0.08403852229536221,,
0,1.0488134613067739,-0.8909936023737965,-0.8909936023737965
0,-0.9804949927911198,-0.21113946074223194,-0.21113946074223194
1,3.1385642002252494,,
1,0.6520082594605262,,
1,-0.4420321258877344,0.7173118957473731,0.7173118957473731
1,-1.808562173759354,0.34539809592821435,0.34539809592821435
1,-0.5426229095476173,1.0779553811791893,1.0779553811791893
0,-0.6773695523372287,0.49002550711641196,0.49002550711641196
1,-0.4910347284184646,0.9829533151644143,0.9829533151644143
1,1.0531076220528912,,
0,-0.10387077138767514,-1.0247569952640432,-1.0247569952640432
1,0.8600009988228655,,
1,0.48542200714734346,,
0,1.7262456572755451,,
1,0.41324376632890514,,
1,-1.4992399613081482,-0.6309400699871004,-0.6309400699871004
0,-1.7544006788357938,,
1,0.9730427851592073,,
0,1.6326340889228825,,
0,-1.606492795981629,,
1,1.8439909937715702,,
1,-0.5747964214550223,,
1,-0.6004177757111651,-1.1495055885104684,-1.1495055885104684
0,-1.3742007929730033,,
1,-0.7090009558571051,1.2857091220200418,1.2857091220200418
1,-1.2320679446108067,-1.6905541264642778,-1.6905541264642778
1,1.0133204385203072,,
0,-1.836959301486191,,
1,-0.9656983573667537,0.13234333995170955,0.13234333995170955
0,-0.27684507099503036,,
0,1.0913037580579066,,
0,0.1349801714710533,-0.16319738671551487,-0.16319738671551487
0,-1.1551523388834424,-0.7075946375589691,-0.7075946375589691
0,-0.06906381009690281,0.3625603318983135,0.3625603318983135
0,-0.14261512878911017,-1.3420974118498026,-1.3420974118498026
1,-0.3337607030669981,,
1,2.714121843767662,,
1,0.18230673954229487,,
1,0.7492576310489278,,
1,0.1356157067148409,-0.44358938021880956,-0.44358938021880956
1,1.0620829676310934,0.4692058992444421,0.4692058992444421
1,-0.9347196699522574,,
1,-0.1368203582440855,,
1,0.2914608828296937,,
0,-0.504689288739813,2.27384273902843,2.27384273902843
1,-0.1464843201393024,,
0,-0.5391108569880765,-0.0737495659726849,-0.0737495659726849
1,-0.4988683961829659,2.396093697233,2.396093697233
0,0.7015495515145206,0.8981727203980634,0.8981727203980634
1,0.7442283131077899,,
1,-1.0943283579932448,,
0,-0.09345145264487228,-0.4872807419893819,-0.4872807419893819
1,-1.161824448610913,,
1,-0.9244808586306514,0.6256417298278656,0.6256417298278656
1,0.16054235026827282,,
1,1.5622519138134574,,
1,-0.12873602223409444,2.0759458296471314,2.0759458296471314
1,1.0346836495416336,,
0,0.19844255689169948,-0.4597378044228513,-0.4597378044228513
1,0.8469065271740893,,
0,-1.3129137634045975,-0.6495321043103386,-0.6495321043103386
1,-0.16697191403831535,,
1,0.24201117496587585,0.21299768595437718,0.21299768595437718
0,-0.7744434288258331,,
1,-1.2026378350484592,,
1,0.8486219019390828,,
1,-0.14211440895472624,0.5548691878802066,0.5548691878802066
0,0.7099054154517026,,
1,-1.0161222227224984,1.8999613356948437,1.8999613356948437
0,-1.0173640242825235,,
1,0.6292482501773274,,
1,0.42843911210233027,0.8028889814945315,0.8028889814945315
0,-1.2964731942787913,-2.243119921408508,-2.243119921408508
1,2.2599770100297194,,
0,-2.0804285865121104,-1.9734394677163745,-1.9734394677163745
1,1.3467631544961463,,
0,1.999658198677859,,
1,1.0673687568886396,,
1,2.539256105024889,,
0,0.8355686456966149,,
1,0.8876124181207607,,
1,-0.3175611979720611,,
1,1.2148983102998099,1.4933114144548467,1.4933114144548467
0,0.36115197261223114,,
0,0.18883545456426237,-0.9377099005494942,-0.9377099005494942
0,-0.7697352805491737,-0.14430275613684934,-0.14430275613684934
0,1.860563359672828,,
1,1.8734206481536244,,
1,-0.2401284540837214,,
0,-0.6375865816174309,,
0,0.05814018881897971,,
1,-0.482640482578073,-0.33694108673037193,-0.33694108673037193
0,0.6286289041319117,0.3096471546424775,0.3096471546424775
0,0.46765441671483055,,
0,-1.4998142445267084,-0.3715323718840797,-0.3715323718840797
1,-0.6318000120388724,,
0,-1.0230866562114607,-1.5065477820060393,-1.5065477820060393
1,-0.5979837839949462,1.6981216526710377,1.6981216526710377
0,0.7684172637476832,0.706158428649973,0.706158428649973
0,-0.576641501261498,,
1,-0.770247736013865,,
1,0.24456695711551887,,
0,-0.9282114047803538,0.036894948855187064,0.036894948855187064
1,0.5369910111251393,,
0,0.0643250488865128,,
0,-0.6195533928464834,-0.07943731422888362,-0.07943731422888362
0,-0.4901228429561919,0.5008511200752236,0.5008511200752236
1,1.4153433140593261,,
0,0.3753754858311696,,
0,-1.9085627324511336,-0.231010599494481,-0.231010599494481
1,-0.8863420202623248,0.7885720794384432,0.7885720794384432
1,-1.3744348681651548,,
1,0.2071204576734743,1.5886880634982887,1.5886880634982887
0,-0.6991829108888166,-1.4010909905162157,-1.4010909905162157
0,0.018358310652796573,0.97335611980177,0.97335611980177
1,0.19934604724119176,,
1,1.5968523380986566,,
0,-0.5782698930661913,1.6119264347963935,1.6119264347963935
1,-0.04593937462400247,,
1,-0.0013343476873254561,,
1,-1.1026702075961108,0.5898775395613246,0.5898775395613246
0,0.7111416402428249,,
1,-0.2675252147072658,1.882928074750799,1.882928074750799
1,0.3160487422208938,,
0,-0.5019462092709319,0.41123449147613483,0.41123449147613483
0,0.6098584624384855,2.1696748840120885,2.1696748840120885
0,0.25431231391567743,,
1,-1.0174069881909875,0.05454166658029558,0.05454166658029558
1,-0.029473228795267026,,
1,0.004523492791655134,0.8147179546683639,0.8147179546683639
1,0.5420341974639135,,
1,-0.26938788723114726,2.725427355497037,2.725427355497037
0,-1.9281765055610651,,
1,-1.1351497178157262,,
1,-1.6951375157935684,,
0,-0.021531296458467485,,
0,-1.3797144500146066,-0.25093184195074847,-0.25093184195074847
1,1.326090930426727,,
1,-0.3676659468043016,1.4023215594344527,1.4023215594344527
1,-1.410215471910241,1.2230903928629977,1.2230903928629977
1,-1.0813255497136953,,
1,-0.6335506532350587,,
0,0.8072441862978099,,
1,-1.0607529498309185,,
1,-1.0890864639690208,1.2561301347265064,1.2561301347265064
0,1.9137858499265703,,
0,-0.2719945037468246,0.0009758552570331425,0.0009758552570331425
1,-0.39786570437225444,,
1,-0.7046534276435328,,
1,0.34012499721953765,,
0,0.5532078706059925,,
1,0.02966398424764191,,
0,0.4176397973006436,,
0,-2.2666718188660218,0.3999189263951872,0.3999189263951872
0,1.0695613085439002,,
1,1.1747650229438793,2.2635923573388355,2.2635923573388355
1,-1.010438353747253,,
0,-0.48926057883125423,,
0,-0.1467826713063163,0.5202139138157656,0.5202139138157656
1,-1.5713838643834526,1.214466528781533,1.214466528781533
0,0.2695958106689418,0.5566921193222412,0.5566921193222412
1,0.42419498620441637,0.011367811202624312,0.011367811202624312
0,-0.5264631231783885,,
1,-2.391598807626126,,
0,0.9650690475127225,,
0,-1.365370971192732,,
0,-1.9986402686367175,-2.315494291396188,-2.315494291396188
1,0.8623141083964536,,
0,-0.45333075899098557,,
1,0.021112289948600465,,
0,1.0928245721880967,,
1,-0.181103947973213,,
0,-0.2327315291817617,-1.5428254789467941,-1.5428254789467941
0,1.3587259994986378,0.569148427156612,0.569148427156612
1,-1.8088725988162975,0.5445567336601908,0.5445567336601908
1,-0.07737562512216076,,
0,-0.3695952109537926,-1.0719055002470983,-1.0719055002470983
0,-0.5398466567623929,0.7511001300363407,0.7511001300363407
0,-1.0409441611300252,-1.2873403388346887,-1.2873403388346887
0,0.18226316107741056,0.6062534882786129,0.6062534882786129
0,-0.2881976088133637,-0.10440949819691997,-0.10440949819691997
0,1.0755758082466684,,
1,0.6650686936103619,1.640869072860218,1.640869072860218
1,0.7553960437177848,0.14814629139326763,0.14814629139326763
0,0.7535173460145599,,
1,-0.0018418459172322348,0.7659211158077889,0.7659211158077889
0,-0.37617833429038544,,
1,-0.28003812149561313,,
0,0.4791302792209605,,
0,-0.7213356275748298,0.4972827607115893,0.4972827607115893
1,-0.3294852546776278,2.673397036074803,2.673397036074803
1,-0.9424748526034766,0.4885933251281711,0.4885933251281711
0,-0.2668008804221408,,
1,-0.5526152892093156,,
0,-0.6252864423212545,,
1,1.1531690442483105,,
1,-0.4952654000259702,,
1,0.10402654544324177,0.41374838816456516,0.41374838816456516
1,-1.2628213414434803,,
0,0.43094528996511755,-0.15485567544254442,-0.15485567544254442
1,-0.938303379277163,,
0,-0.24549461585292937,0.25527412773781555,0.25527412773781555
1,0.1745853291115573,,
0,0.37333678733487746,,
0,-0.5392525499511217,-0.4491682607047201,-0.4491682607047201
0,-0.8148241502469287,,
1,-0.22929608953992908,,
1,1.2552376287307694,,
1,-0.4182198696332068,,
1,2.233460041942088,,
1,-0.28437457240775643,,
0,0.18597881997736185,,
1,-0.6257138458116784,,
1,-0.17684757338150953,-0.43134723294124555,-0.43134723294124555
1,-2.186068454348851,,
1,1.4607822928082708,1.2165498210013062,1.2165498210013062
1,1.456616769196996,,
0,-1.0325501615561592,0.12547206886305876,0.12547206886305876
0,-0.8495245707940199,,
0,-0.2647408393399205,0.2825768950615653,0.2825768950615653
0,-0.4487697516330531,,
0,1.1411465798337959,0.6930732428146346,0.6930732428146346
0,0.15451039432697472,,
0,0.08200974128699726,,
0,-0.7740197800156637,,
0,-1.3632008758368894,-0.518393590648232,-0.518393590648232
1,2.7256964754222466,,
0,-0.15161871635332552,,
1,0.6170252794679173,,
1,1.283808107244104,,
0,-2.496595089891633,0.9336732819494702,0.9336732819494702
1,-2.0341487394955178,0.45042984449417856,0.45042984449417856
0,0.19246388379300405,,
0,0.4195733233469795,,
1,-0.45171378589158684,,
1,-1.489666511019315,0.8148949726954942,0.8148949726954942
1,-0.3267996433444664,1.0997405148157837,1.0997405148157837
0,0.647054476691918,-0.3255405118721445,-0.3255405118721445
0,0.5720969393007486,,
0,-1.8920121023686496,,
0,-1.183406347643975,-1.5456008814284035,-1.5456008814284035
0,0.44875433038774587,1.5172484527351993,1.5172484527351993
1,1.4816826054399792,,
0,-0.032461847638288674,,
1,-0.3072273421971862,,
0,-1.4264581567009755,,
0,1.2259790375359771,1.0161563028791127,1.0161563028791127
1,0.7526865905835698,1.3759691950460566,1.3759691950460566
0,-1.195235671380153,0.9532188768180552,0.9532188768180552
1,0.4779512385350541,0.015514159370752734,0.015514159370752734
0,0.41077693967731477,,
1,-0.9303337726440466,,
1,0.8758389755358978,-0.0009865401009812036,-0.0009865401009812036
0,-1.3985992880207927,-0.830859639619775,-0.830859639619775
1,1.4401103731283083,,
1,0.19400598265304012,,
1,-0.7251470879152039,,
0,0.030081783358030956,0.1508192223603424,0.1508192223603424
1,-2.097036060044481,0.48911863060822025,0.48911863060822025
0,0.399322788067547,,
1,0.4684073589068488,,
0,0.23276307440192115,-0.2536271070681493,-0.2536271070681493
0,1.454580671146662,1.1236679850992433,1.1236679850992433
1,0.03241819440057941,,
1,-0.33324482959295265,,
0,1.6111092063687167,,
1,0.8306415647654769,,
1,0.2503925519437037,,
0,-1.053878300289712,,
1,-0.1268271830114462,,
1,-0.01659627444358318,,
0,-1.9800206012076609,-1.219880903749483,-1.219880903749483
1,0.3643281006652135,,
1,1.8825070400763186,,
0,2.5396948583298835,,
0,-2.3386079029357645,-1.1808221548559157,-1.1808221548559157
1,0.20608514143577697,0.7570366687037411,0.7570366687037411
1,-0.4083972984754483,1.5712467684505276,1.5712467684505276
0,0.7870571229232692,,
0,0.6550594371594495,-0.09814007060442143,-0.09814007060442143
0,0.6437798355046258,,
1,0.7567599375898363,,
0,0.6168288346773952,,
0,0.27096278973385707,,
1,0.06938440894944238,,
1,1.9111343249572246,,
1,-1.0541495434456754,,
1,0.4989216081002367,,
0,-0.5917978118863101,0.10141081660810893,0.10141081660810893
1,0.5597732377820506,1.7159201197649172,1.7159201197649172
0,-0.32565102947507213,,
1,0.02052890781682486,,
0,-0.6781560017874178,1.1632280925511689,1.1632280925511689
1,-1.3243131962136472,1.2071597624188373,1.2071597624188373
0,0.52647370814821,,
1,-0.06484972769346227,,
1,1.5988145628498058,1.1354556706224577,1.1354556706224577
0,0.7285357346463893,1.031721187374121,1.031721187374121
0,-0.22403495753840144,-0.4496171029362594,-0.4496171029362594
1,1.2594232669508172,,
1,-0.9303652652619091,0.679811343310084,0.679811343310084
1,0.24172715022955735,-0.05421512767488368,-0.05421512767488368
1,-1.4644341184134606,0.48218745894329595,0.48218745894329595
1,-0.7464200278799822,1.8538875101292003,1.8538875101292003
1,1.3594787685585128,,
1,2.347958341878085,,
1,0.8489827354822971,0.6628643633645515,0.6628643633645515
0,0.16683643075216287,,
1,0.17537318688100378,,
1,0.22312349478223883,,
1,-0.5679066472342862,,
1,0.9981271660821124,,
0,0.8025112544122978,,
0,0.40848855171014575,,
0,-0.31718457604330724,,
0,-0.6637875971895111,0.3957984128213829,0.3957984128213829
1,-2.2475997000358,,
1,-1.0008153659163768,,
1,-0.233285659566625,,
1,2.4890023505741143,0.9924965261703591,0.9924965261703591
0,-0.7825730684524379,-3.5512495574813125,-3.5512495574813125
0,0.42165994875009255,,
0,-0.7721322594165158,-1.149114818901637,-1.149114818901637
1,1.0440673145762671,2.261338683896482,2.261338683896482
0,1.1937824888946669,2.3794440825909096,2.3794440825909096
1,1.5984112341138943,,
0,0.4460057398906308,,
1,1.3490043582739413,0.5771167686094711,0.5771167686094711
0,0.16978285586737796,-1.2416409628718343,-1.2416409628718343
1,-0.6392659539535831,0.4942624015576549,0.4942624015576549
1,-2.0511996099879664,-0.37476358436551793,-0.37476358436551793
0,-0.3711294303886628,-0.3732414615681551,-0.3732414615681551
0,0.8204081687956277,1.2282618961258314,1.2282618961258314
0,-0.5791106235809123,0.7082208130316344,0.7082208130316344
0,0.7831235991472951,0.6324302094643739,0.6324302094643739
1,-1.3403433412533228,,
0,-0.1730153729974872,-0.4389346370438344,-0.4389346370438344
1,0.26932877264152594,0.48621424221574505,0.48621424221574505
1,0.484219817909801,,
1,-1.7460193751291393,,
1,0.14858272178794105,2.8588115379137333,2.8588115379137333
0,-0.6713684035098314,-0.9192047759388404,-0.9192047759388404
1,-0.35918320478677435,,
1,-2.063379945234231,,
0,0.8203468882970996,0.2714986177925999,0.2714986177925999
1,-0.04306993524553413,0.697689696272586,0.697689696272586
1,1.3052552232154448,2.0168707170367077,2.0168707170367077
0,0.00045073624233060245,,
1,-0.3065165638581234,,
1,0.9199089824152371,2.1081331457981864,2.1081331457981864
0,0.21040037887450372,0.5547498221410327,0.5547498221410327
1,-0.4338188046686833,,
0,-0.17158534565148764,,
0,-1.0647658133663782,-0.11679050157753738,-0.11679050157753738
1,0.20967682720946787,,
0,-0.19294086599055787,,
0,-0.00359211447770321,1.275934844179128,1.275934844179128
0,2.2417239266386324,,
0,-0.45292347559952983,-0.5846672206871752,-0.5846672206871752
1,-0.6050396151067838,,
0,-1.4504966148603904,,
1,-0.018787715701534938,1.8071490937195878,1.8071490937195878
0,-0.26522200880131785,0.8643096239286793,0.8643096239286793
0,-0.8112406546602665,,
0,-1.393135495508853,0.3170559166677691,0.3170559166677691
0,-0.6166177776677074,0.00880882375142611,0.00880882375142611
1,0.07961050667289869,,
1,0.44702048806418443,1.0125141025554716,1.0125141025554716
1,-1.0304578009449834,0.359504933497098,0.359504933497098
0,0.27511145322526503,,
1,2.2115626240262785,,
1,-0.4880888956112094,,
0,1.3095519946979262,-0.6175011533813082,-0.6175011533813082
0,-0.3680510106844429,,
1,1.0307516296322001,1.069647045638724,1.069647045638724
0,1.5822178013361243,,
0,-0.5601442545530647,,
0,0.8273163827274957,,
0,-0.7351228871778753,-0.1831777618722184,-0.1831777618722184
1,0.08231292245175847,,
0,1.4507480151191863,,
1,2.141839618566069,1.4348511828358517,1.4348511828358517
0,0.01873178010903685,,
1,-0.11066723591010251,1.2549004648503082,1.2549004648503082
1,1.8055212753147722,,
0,0.18546656379340448,,
0,-1.1382629651845686,1.3335062445399228,1.3335062445399228
0,-0.42808035862940613,,
1,0.16540342975966352,,
0,-0.3701163152213642,-0.17665300868301337,-0.17665300868301337
0,-1.6537820434531756,,
1,-0.26777750008510887,,
0,-1.7540442939472434,-0.39395549068515523,-0.39395549068515523
0,-2.0335257613379825,0.008330781056822167,0.008330781056822167
1,-1.0429940719198183,,
0,0.233311883431837,1.7395184687401932,1.7395184687401932
0,0.09355080568043567,-0.3765243301143647,-0.3765243301143647
0,0.5730493916100701,-0.1835256756217113,-0.1835256756217113
1,0.21574351095800387,,
0,1.209317973142671,,
1,-0.5819583622373231,1.9969504176526482,1.9969504176526482
1,-1.8537702845135717,-0.17138139566435817,-0.17138139566435817
0,1.2324921581319277,,
1,-0.2571792718145699,,
1,-0.3489437159655577,,
1,0.5423728501441075,1.3674239689575731,1.3674239689575731
1,0.46383652214656423,1.9640139940683388,1.9640139940683388
0,1.9236280016818699,,
0,0.24600491630698904,-0.14490387553014739,-0.14490387553014739
0,-0.7492338699226917,-0.35079280920981576,-0.35079280920981576
0,0.5059938483486862,0.36654958516695374,0.36654958516695374
0,0.7282166745222957,1.508384670625352,1.508384670625352
0,-1.5425213092976984,,
1,0.10820052269075034,,
0,-1.8834042749608049,,
0,-0.7499378555434427,-1.3609776716005797,-1.3609776716005797
0,-1.3355091119893971,,
0,0.18605578026713376,-1.6620712632494985,-1.6620712632494985
0,-0.8441453677655423,-0.5339106997000986,-0.5339106997000986
0,-0.8179013469913288,-0.9314357238832806,-0.9314357238832806
1,0.8577237532524246,1.0170459305456419,1.0170459305456419
0,0.71467662291351,,
1,1.0054275537381308,,
0,-0.4394741852304203,,
1,-0.04001902260982016,,
0,0.08915079394025284,,
0,0.8168833322622153,0.991785922383022,0.991785922383022
0,0.12596817876374053,1.4653425305490972,1.4653425305490972
1,1.3456525579863547,,
1,0.8999496673670416,,
0,-1.2496310613875576,-0.7758500991961295,-0.7758500991961295
0,-0.293004755241528,,
1,-0.013618217320555995,,
1,0.998521899084161,,
0,1.56461991472381,,
1,1.1282331073683733,,
1,-0.14153422366831522,1.407014902057004,1.407014902057004
1,0.5526545530032367,,
1,-0.7030247863338264,1.028159385857786,1.028159385857786
1,0.7403298624956656,,
1,-0.24638490792144604,,
1,-0.5272051219919566,,
0,-0.07963944271171776,0.36815357644957036,0.36815357644957036
1,1.0157022986868414,1.978034334532681,1.978034334532681
1,1.0579331993982295,,
1,0.06313437362346963,0.06349300373282096,0.06349300373282096
0,1.0652702625338635,,
0,0.0003366109708193652,1.2416146405558282,1.2416146405558282
0,1.4358716334884243,,
1,1.6199176789697323,2.196273036432957,2.196273036432957
1,0.444850048835506,,
1,1.1480438474081816,,
0,-0.05991617032007822,0.8359387377513708,0.8359387377513708
0,1.2241975294639944,,
0,0.7486084932163427,1.904641073401032,1.904641073401032
0,-0.7778163918875012,-1.739113018583613,-1.739113018583613
0,0.877309923503155,,
1,-0.3127374100204999,1.218652568893216,1.218652568893216
0,0.27475732739246705,,
1,-0.2985813823851003,,
1,-0.637236629270824,1.642516735864796,1.642516735864796
0,1.6250062212954077,0.9353308622950638,0.9353308622950638
1,-2.332118367272684,,
0,-2.5248016647358997,,
0,-0.7375270606928189,0.6938272322830006,0.6938272322830006
1,0.13517770504535637,1.1336810655813805,1.1336810655813805
1,-0.10814990238982256,,
1,-0.6899386669449087,,
1,0.6272780096576901,1.242682303205877,1.242682303205877
1,0.22670677956365898,,
1,-0.12254660227676868,,
1,2.72078330648265,,
0,0.3528969454631651,,
1,-0.7682786052649369,,
1,0.09932107839404342,0.6887560556064117,0.6887560556064117
1,0.12097034801921577,,
1,1.016823231727282,,
0,1.0160012103953857,,
1,-0.8974011209678433,,
1,-0.6967090963500224,-0.33751704097420965,-0.33751704097420965
1,-0.5056027168085387,,
0,1.04868247979191,0.5672161034145853,0.5672161034145853
0,-1.594315840008094,,
0,-1.3555440058024637,0.46395031096292516,0.46395031096292516
0,0.8323585873403571,,
1,0.25348499148376713,,
1,0.548685036657591,,
1,-0.11187774146112468,-0.4915441068894808,-0.4915441068894808
1,-0.49114069454779236,-0.9676610220590653,-0.9676610220590653
1,-1.3394975949094592,,
1,-0.19179731599140548,2.5048582297239754,2.5048582297239754
1,-1.0665774688246912,0.5256359461925948,0.5256359461925948
0,-0.8979334591528045,1.4045010863915328,1.4045010863915328
1,0.8353587758773856,,
1,1.676609392233489,,
1,1.8116120844764585,,
1,-1.936837142899437,,
0,0.31965386332396223,,
1,-0.8089512202814253,,
1,-0.36006477224191236,,
0,-0.838422018691708,0.5064294133530554,0.5064294133530554
1,0.5669759390059429,,
1,0.06931899904039669,3.218346949694421,3.218346949694421
0,-0.8653642318737207,,
0,-0.4713652084469986,-0.10975800765192678,-0.10975800765192678
0,1.4805024782601304,,
0,-1.128331542175534,-0.23935667713771888,-0.23935667713771888
1,0.8939584301368653,,
1,1.6833850720892267,,
1,1.3157094438861896,1.3172997955455203,1.3172997955455203
1,-0.987282705402524,0.024843646209768755,0.024843646209768755
1,0.12257003326041013,,
1,-0.21948060047494597,,
0,-0.5781565555672393,-0.03381995906102489,-0.03381995906102489
1,2.0170255611779093,1.0774659119759988,1.0774659119759988
0,0.7684157308323545,,
1,0.8345727819895271,,
1,-1.2072685447597624,0.5368229696139356,0.5368229696139356
1,0.6391846043534889,,
0,-0.45333537250110606,1.548388551513517,1.548388551513517
1,-0.7638380919762897,,
1,1.149099581425313,,
1,-2.2449058404971636,,
1,-0.3916386644635799,,
1,-1.724058963963969,0.277366481455533,0.277366481455533
1,0.20384595674879,,
0,-0.5620592468122452,-1.5226601610201524,-1.5226601610201524
1,-0.4852610122741415,,
1,-1.6932186469225239,,
1,0.6693184369811566,,
0,-0.9906561344669461,,
1,0.17800333925063203,,
0,-0.1115555023946977,,
0,-0.2976269879362667,,
1,0.19433278764574957,,
0,1.4382749024526937,2.8820746709944376,2.8820746709944376
0,-0.3402816480050306,,
1,-0.552262477461329,,
0,1.362674730389845,1.2482448502454306,1.2482448502454306
1,-0.13457166343440208,,
0,-0.7603087932409166,,
1,0.9169328085505137,,
1,-1.976792337544169,,
0,-0.17198562890246424,1.1436078416148747,1.1436078416148747
0,-1.0143018352467033,,
1,-0.23566635083435666,,
0,-1.0198489081465154,-0.8264579117773013,-0.8264579117773013
0,-0.041867999095129095,0.5246192060565013,0.5246192060565013
0,1.0104368776752342,,
1,-0.007254484286350924,,
1,-0.3752460406286517,,
1,-1.5936199014023036,,
1,-0.9218910341720074,,
0,1.962738805390608,,
1,-0.3294644821032906,,
0,-0.4470498510862541,,
0,0.5376099691113467,1.1500683024304825,1.1500683024304825
1,0.10080991374163585,0.7002925652921914,0.7002925652921914
1,-0.16937272023767555,,
0,1.5942236242948538,0.9470426228417453,0.9470426228417453
0,-0.6931591700057743,0.9917633483132047,0.9917633483132047
0,-0.9260763820641128,,
1,-0.7738403290301372,,
0,-0.18603743944817033,,
0,0.22479855051806716,,
1,-1.0446198241726612,,
0,2.262849176627895,,
0,-1.2561856804494096,-0.60624976732038,-0.60624976732038
0,0.38510041532581357,0.01735779688318373,0.01735779688318373
0,-2.02795945431558,,
0,0.9338794112462803,0.3181184884856568,0.3181184884856568
1,-0.2513433025105462,,
0,1.344397516551597,,
1,1.673693046780783,,
0,-0.4459852770116956,1.2390209071565248,1.2390209071565248
1,0.7512855020635152,,
1,-1.0164167238546038,-0.4935467060956109,-0.4935467060956109
0,1.472820684454467,,
1,-0.18178887903322358,,
1,0.8942057870491931,0.3456196051681363,0.3456196051681363
1,-1.0312107210943686,,
1,0.26780790237058316,0.28289722473894274,0.28289722473894274
1,-0.7874766508952927,-0.22194696770494282,-0.22194696770494282
1,1.3610593762639738,,
1,-0.8278222620741447,2.179504031939025,2.179504031939025
1,-2.3138838104120887,0.8561615845284938,0.8561615845284938
0,-1.6702188505535331,-0.8492719960095588,-0.8492719960095588
0,-0.4601131010388975,-0.0819181439865469,-0.0819181439865469
0,-0.01005818057544305,0.055545913657108315,0.055545913657108315
1,-1.6905748957415974,1.3647520491405156,1.3647520491405156
1,0.7214933836621399,2.0561247020247624,2.0561247020247624
1,-0.16364883030119595,,
0,-0.9847426383396495,-2.186547548788747,-2.186547548788747
1,0.3226942196541026,,
0,2.80071668542223,2.0597636905897194,2.0597636905897194
1,-1.0217334473047863,,
1,1.1599642583273975,0.5425860927448218,0.5425860927448218
0,-0.3294127587320564,-1.2525806577927332,-1.2525806577927332
0,-0.6440656866930192,-0.45687344578416245,-0.45687344578416245
1,-1.082999648936834,,
1,0.8853453731917102,-0.017136661533883046,-0.017136661533883046
1,-0.2922971816889635,,
1,-0.49184977178466405,,
1,-0.22644186241413156,,
1,1.1258603412009456,,
1,1.3936083174466207,,
1,2.070730262591569,,
1,0.6057127663075564,1.4871786076583555,1.4871786076583555
1,0.04988507683084009,,
0,-0.46793001890074654,0.26117761070662143,0.26117761070662143
0,1.6436853644661131,1.7116268976499192,1.7116268976499192
0,-0.04472069279461994,1.0183076273595977,1.0183076273595977
0,-0.44633750904090796,,
0,-0.8907449797444654,,
0,0.13199575256971072,,
1,0.14458524346335827,2.3847957330671425,2.3847957330671425
0,-0.6052567802231368,,
0,1.0787512505904977,,
1,2.0910098810819626,,
0,-0.6283078155664552,,
0,0.8146719752687357,,
0,0.0679427819949872,1.1390676445071912,1.1390676445071912
0,-0.2500456560674267,,
0,-2.2220344372585568,,
0,-1.5158044186363366,-1.0297465688240188,-1.0297465688240188
0,-0.1673276182158579,,
0,2.1336987359341935,1.8890664885677348,1.8890664885677348
1,-0.09480379765867661,0.07716471537906111,0.07716471537906111
1,0.872602083285936,,
1,-0.8419054616595811,,
0,-0.11631566077609357,0.9828506184083328,0.9828506184083328
1,-0.7709941678267436,0.6725762793002983,0.6725762793002983
0,1.192861237230415,,
1,-0.7363160911204422,,
1,-0.9211431563670676,,
0,0.19647161654581727,,
0,1.5490908412520943,2.8517676662400318,2.8517676662400318
0,0.6720833807046379,,
0,1.6882449490128615,,
1,0.2924277913732518,,
0,1.1741265654241213,-1.3685775155515278,-1.3685775155515278
0,0.024661305454141382,-1.2304416312707844,-1.2304416312707844
0,0.09873870031312512,,
0,2.3018927534420146,2.2758503739187783,2.2758503739187783
0,-0.12968775562109555,0.7977134110914442,0.7977134110914442
0,-1.2437024928491323,0.30667909860053966,0.30667909860053966
0,0.12110989865615188,0.19104742308208433,0.19104742308208433
0,0.2839065575110846,0.4869471803169207,0.4869471803169207
0,0.48317158970432245,0.07791984220202586,0.07791984220202586
1,0.6253804824213898,,
1,2.447254084334915,,
1,1.2772593456854178,2.6663305094076546,2.6663305094076546
0,-2.3023557400129477,-1.3594736975907282,-1.3594736975907282
0,1.8541861107411362,2.2633214764653906,2.2633214764653906
0,-1.378013561125249,-0.8872778705878818,-0.8872778705878818
1,-2.045967687070667,,
0,0.033962858009168324,,
1,1.3127834890278471,,
1,0.7420495769749559,1.5059908657674448,1.5059908657674448
1,-0.5862052721624184,0.7956414476496885,0.7956414476496885
0,-0.002015033947165364,,
0,0.10246667164707808,,
0,-1.3287847434217794,-0.6643298112736933,-0.6643298112736933
1,0.988653615140191,,
1,1.4422648566526215,,
0,-0.539872267637737,,
1,-0.5222224562933097,0.306741232060463,0.306741232060463
0,-0.32060658686084037,0.3308976402954883,0.3308976402954883
0,0.8164764447276849,-0.5286416864627074,-0.5286416864627074
0,-1.1972266519612627,,
0,0.9141755487140701,,
0,-0.8096822041618821,-0.17354139444105915,-0.17354139444105915
0,-0.6531551933319729,-0.27725643477038225,-0.27725643477038225
0,0.7313188064619383,,
0,0.850906652400456,,
0,0.7180373455400526,0.5258075592579469,0.5258075592579469
1,-0.49399946558271646,,
0,-0.9969346716846035,0.24793456219576945,0.24793456219576945
1,-2.950243695515401,0.876707835947888,0.876707835947888
0,0.8520598614955475,,
0,0.9772294023923237,0.9867281611179768,0.9867281611179768
0,-1.0000229769659634,,
0,-0.43727558443846437,,
0,-0.607114004775575,,
0,1.6021695847114643,,
1,-0.8067988976574159,,
1,-0.7921889322572988,,
1,0.293215061596867,0.9578047630134716,0.9578047630134716
0,-0.0030595252969204253,,
0,0.9480348292521611,-0.16584799456805488,-0.16584799456805488
1,-0.7158986699400018,0.8692574070754893,0.8692574070754893
0,-1.4830425199061799,-0.41984980066130906,-0.41984980066130906
0,0.5742059301300275,,
1,-1.6189395042079722,-0.0808395183792141,-0.0808395183792141
0,-1.685717729386409,1.1332816173215428,1.1332816173215428
1,-1.2946786687864287,,
0,1.604245543513674,0.7918569332800305,0.7918569332800305
1,0.8705006629801603,,
0,0.3235295864119473,,
0,-1.7154448273894023,-1.7627606070651667,-1.7627606070651667
0,-0.32645943040723063,-1.0676799033049231,-1.0676799033049231
1,-0.9082645542935125,-0.3389959145514776,-0.3389959145514776
0,1.1220449495692255,,
0,-1.0868490168627098,-0.13430894507649654,-0.13430894507649654
1,2.151845766507047,0.8044457753699585,0.8044457753699585
1,0.22391992357171273,1.4687053558914736,1.4687053558914736
0,0.30283940930593467,0.333480412816843,0.333480412816843
0,1.5665736245789263,,
0,1.0320407401494605,-0.25007527428746945,-0.25007527428746945
1,-0.1283445983988303,1.329129446401355,1.329129446401355
0,-0.08844249719581583,,
0,-0.10930533580641924,,
1,-0.3986706443198555,,
1,1.1437954399576045,,
1,-1.7521824501020526,-0.322390641900534,-0.322390641900534
1,-1.727363322484952,,
1,-0.07356215699819693,0.09739453125593989,0.09739453125593989
1,-0.45341437160244924,,
0,-0.9955122704150027,,
0,-0.2737503727285777,0.2348035305348706,0.2348035305348706
1,-0.7572699810366288,,
1,-0.954701669450623,,
1,-0.262859380167405,,
1,1.4597310833803543,,
1,-1.511233298969685,1.6768865860469473,1.6768865860469473
1,-0.4304018700535015,,
1,-0.7312152181253873,,
1,-0.3922882201142997,,
1,1.063105564146434,,
1,-0.32119989036532887,1.5340653616491444,1.5340653616491444
0,0.6310497238391586,0.08732790009972435,0.08732790009972435
1,0.40025838328432545,,
1,-0.8433262569891731,0.4701810474013015,0.4701810474013015
0,-0.14799921255981366,,
1,0.5189536304641175,,
1,0.7352425160992143,,
0,2.80178115162375,,
0,0.6900190886769739,1.2143097560696527,1.2143097560696527
1,1.016723130479791,2.415842075456536,2.415842075456536
1,-1.3885542048640924,1.7005854656811086,1.7005854656811086
1,3.455368949896973,,
1,-0.29218825061004416,1.2404101126689244,1.2404101126689244
1,1.1878324922337737,,
0,0.5774480013254064,,
0,-0.14428095087637174,-0.12127733943607916,-0.12127733943607916
1,-1.33550102509362,0.9692305208200966,0.9692305208200966
0,0.5980105048159887,-0.6283025108086956,-0.6283025108086956
0,0.13754528699446802,0.39608523513105076,0.39608523513105076
1,-1.4548051985139476,,
1,0.3575529847806972,,
1,-0.14007958713244872,0.8584482033270543,0.8584482033270543
0,2.1876548478816833,,
1,-0.31408780646491113,,
0,0.5686833117347786,0.05923077559893708,0.05923077559893708
1,-0.3420106004902788,0.9488263640286542,0.9488263640286542
1,-0.19746676047013978,1.509247075152065,1.509247075152065
1,-0.9613581882081886,,
0,-0.25549752317337243,,
0,0.21915718878240967,-1.1161064318800757,-1.1161064318800757
0,-1.4588443505985544,-1.3610022308870766,-1.3610022308870766
0,0.14038606318475316,,
0,-0.3619512519162061,,
1,-0.0645155745212188,-0.2488778573863386,-0.2488778573863386
1,1.172146902492399,,
1,-0.657008609699315,,
0,0.6539816197859035,1.668583447648031,1.668583447648031
0,-0.3011953621595807,-0.32166252020763275,-0.32166252020763275
1,1.3876349329949453,1.1250715174680812,1.1250715174680812
1,0.7237980841212996,,
1,2.5318542221467415,,
1,-1.5219153916637211,1.5281039854249867,1.5281039854249867
0,-1.0815587802659123,0.5364826832533015,0.5364826832533015
0,0.2634147508297901,,
1,0.781700542645926,2.127306731970017,2.127306731970017
0,0.0825058353595825,-1.028342298516805,-1.028342298516805
0,-0.08378407020816318,,
1,-0.08577720670841413,,
1,-0.7847140667240726,,
0,-2.2367360038750808,,
0,-0.07406372452917272,-1.0856525287632974,-1.0856525287632974
0,1.2622861512064938,0.9680042120995568,0.9680042120995568
1,0.4747867570443799,1.2541122191930316,1.2541122191930316
1,-1.7676274899071756,-0.18426764243613158,-0.18426764243613158
0,-2.4045915542116583,0.34570132579057167,0.34570132579057167
0,0.5493581378176603,0.36216746030893515,0.36216746030893515
1,1.647302944044314,,
1,-0.12986528260309269,1.5843593027096659,1.5843593027096659
1,0.5920376592256223,,
0,1.2554157876450354,,
1,-0.5917771813210385,0.8748450456130926,0.8748450456130926
0,-1.7581607492103624,-1.5044548671820634,-1.5044548671820634
0,-0.19554832044837184,,
1,-0.3787549927325852,,
1,0.9764606801210044,1.0174674782770343,1.0174674782770343
