bpl,qob,nonwhite,vet_wwko,home_ownership,qob_minus_kw
26,4,0,1,1,-7.5
0,2,0,0,0,26.5
37,2,0,1,0,-5.5
25,3,0,0,0,11.5
4,4,0,1,1,-43.5
31,1,0,0,0,-30.5
20,3,0,1,1,-36.5
29,3,0,0,1,-4.5
31,4,0,1,1,-31.5
31,3,0,0,0,7.5
12,2,0,0,1,-45.5
31,2,0,0,0,18.5
45,1,0,0,1,-34.5
22,3,0,0,0,15.5
16,4,0,0,0,20.5
32,2,0,0,1,10.5
17,4,1,0,0,-3.5
31,3,0,1,0,-28.5
8,2,1,1,0,-29.5
9,2,1,0,0,14.5
31,1,0,0,0,-42.5
40,1,0,0,1,-46.5
24,1,0,0,0,25.5
29,2,0,0,0,10.5
48,3,0,1,1,-48.5
3,4,0,0,0,4.5
17,4,0,0,1,4.5
40,4,0,0,0,12.5
40,4,0,0,0,8.5
45,2,0,1,0,10.5
40,4,0,0,1,-39.5
37,1,0,0,0,5.5
29,1,0,1,1,-46.5
34,4,0,0,0,8.5
36,2,0,1,0,-49.5
37,1,0,0,0,17.5
29,2,0,1,1,-33.5
37,4,0,0,1,-39.5
3,4,0,1,1,-51.5
41,3,0,1,1,-52.5
41,2,0,0,0,-37.5
38,1,0,0,1,-14.5
24,4,0,0,0,4.5
26,4,0,1,0,-23.5
41,3,0,1,1,-28.5
29,3,0,1,1,-48.5
3,4,0,0,0,28.5
16,3,0,1,0,-40.5
3,2,0,0,0,22.5
37,3,0,1,1,-40.5
13,1,0,1,0,-14.5
24,1,0,0,0,-10.5
31,2,0,1,1,-13.5
15,3,0,0,0,7.5
31,3,0,0,0,-8.5
40,4,0,1,1,-51.5
24,4,0,0,1,-31.5
15,3,0,0,1,-40.5
9,1,0,0,0,-14.5
12,2,0,0,0,26.5
13,1,0,1,1,-34.5
31,3,0,1,0,-36.5
0,1,1,1,0,-10.5
32,1,0,0,0,-34.5
15,1,0,0,1,-22.5
34,1,0,1,1,-54.5
32,3,0,0,0,15.5
41,1,0,1,1,-46.5
32,1,0,0,1,-18.5
48,3,0,0,1,-0.5
37,1,0,1,1,-38.5
3,4,1,0,0,12.5
12,1,0,1,0,-22.5
40,1,0,0,0,21.5
31,2,0,1,0,-53.5
12,1,0,1,1,-14.5
32,2,0,1,1,-45.5
32,3,0,0,0,7.5
12,1,0,0,0,9.5
17,3,1,0,0,-40.5
41,4,0,0,0,-3.5
37,2,0,0,0,22.5
31,2,0,1,0,10.5
32,2,0,1,0,-13.5
37,1,0,1,1,-2.5
7,3,0,0,0,-12.5
48,4,0,1,1,-39.5
12,3,1,0,0,15.5
26,2,0,1,0,2.5
22,3,0,1,0,-4.5
34,2,0,0,0,18.5
0,2,1,1,0,-25.5
12,1,0,0,0,17.5
31,2,0,1,1,-25.5
4,4,0,0,0,28.5
13,1,0,1,0,-6.5
47,3,0,0,0,-0.5
21,2,0,1,1,-21.5
21,3,1,0,0,27.5
47,4,0,0,1,-23.5
20,2,0,1,0,6.5
25,4,0,1,0,-51.5
40,3,1,1,1,-48.5
31,1,0,0,0,-2.5
14,3,0,1,1,-52.5
45,1,0,0,0,25.5
23,1,0,1,0,-2.5
20,4,0,0,0,-3.5
23,1,0,0,1,-6.5
47,1,0,1,1,-42.5
3,1,0,0,0,9.5
1,3,0,0,0,27.5
22,2,0,1,0,-45.5
41,4,0,0,0,24.5
18,3,0,1,1,-8.5
20,1,0,1,0,-14.5
19,4,0,1,1,-43.5
34,1,0,1,0,-6.5
34,2,0,1,1,-33.5
37,2,1,0,0,18.5
15,3,0,1,0,-16.5
47,3,0,1,0,-4.5
14,2,0,0,1,6.5
29,2,0,0,0,18.5
39,3,0,1,0,11.5
9,2,0,1,0,-41.5
17,4,0,0,0,28.5
37,2,0,0,0,26.5
40,1,0,0,0,9.5
31,2,0,1,0,-45.5
16,4,0,1,1,-51.5
13,2,0,0,0,6.5
22,3,0,0,1,-0.5
10,4,1,1,0,-19.5
40,2,0,0,0,14.5
22,3,0,0,0,-12.5
21,4,0,0,0,24.5
15,3,1,0,0,19.5
38,1,0,0,0,13.5
3,2,0,0,0,6.5
34,2,0,1,1,-45.5
37,4,0,0,0,28.5
47,2,1,1,0,-17.5
12,3,0,1,1,-16.5
8,3,0,0,1,-16.5
31,1,0,1,0,13.5
31,4,0,1,0,-39.5
12,4,0,1,0,8.5
45,3,0,1,1,-12.5
16,1,0,1,1,-26.5
29,4,0,1,0,-31.5
12,2,0,0,1,-49.5
37,3,0,0,0,-12.5
9,3,0,0,0,23.5
29,3,0,0,0,-8.5
5,3,0,1,0,-32.5
16,3,0,1,1,-44.5
12,2,0,0,1,2.5
0,1,0,0,1,-18.5
32,3,0,1,0,-20.5
9,1,1,0,0,13.5
48,3,0,0,0,3.5
38,2,1,0,0,-1.5
35,4,1,0,0,28.5
19,1,0,0,1,-26.5
3,3,0,1,1,-24.5
12,4,0,1,1,-11.5
37,4,1,1,1,-15.5
16,3,0,1,1,-48.5
24,2,0,1,1,-25.5
13,4,0,1,0,-51.5
12,2,0,0,1,6.5
38,4,0,1,1,-39.5
19,4,1,1,1,-3.5
21,4,0,0,0,28.5
34,3,0,1,1,-36.5
24,1,0,1,1,-14.5
40,1,0,1,1,-54.5
20,4,1,0,0,-51.5
2,2,1,0,0,-53.5
7,2,0,0,0,10.5
43,2,0,1,1,-53.5
12,3,0,1,0,-36.5
44,3,0,1,0,-4.5
45,4,1,0,0,16.5
41,4,0,0,1,16.5
37,2,0,1,1,-25.5
35,3,0,0,1,7.5
46,4,1,0,1,-51.5
14,3,0,1,1,-4.5
9,2,0,1,0,-33.5
14,1,0,1,1,-54.5
3,3,0,1,0,-16.5
13,3,0,0,1,-36.5
31,3,0,0,0,-20.5
0,3,1,0,0,15.5
2,1,0,0,1,13.5
13,2,0,0,0,18.5
37,4,0,0,1,-19.5
3,4,0,1,0,-47.5
13,1,0,1,1,-50.5
3,4,0,1,1,-11.5
3,3,0,0,1,-4.5
31,1,0,1,1,-34.5
40,2,0,1,1,-41.5
38,1,1,1,1,-46.5
13,2,0,1,0,-45.5
21,2,0,1,1,-9.5
37,2,0,0,0,-1.5
21,1,0,1,1,-50.5
13,4,0,0,0,12.5
47,2,0,1,1,-9.5
17,3,0,1,1,-32.5
12,4,0,0,0,28.5
0,3,0,0,0,-4.5
31,2,0,0,1,-5.5
12,4,0,0,0,20.5
12,2,0,1,0,2.5
48,3,0,0,0,27.5
3,4,0,0,0,-31.5
31,1,0,1,1,-26.5
30,1,1,0,0,9.5
23,1,1,0,0,-2.5
3,2,0,1,1,-41.5
1,2,0,1,1,-45.5
13,1,0,1,1,-22.5
3,3,0,0,0,-16.5
31,4,0,1,1,-35.5
8,3,0,1,0,-16.5
22,4,0,0,0,20.5
31,1,0,0,0,5.5
29,1,0,1,0,-18.5
2,3,0,0,1,-20.5
29,2,0,0,1,-49.5
11,2,0,0,1,2.5
14,1,0,1,0,-42.5
37,4,0,0,0,12.5
47,4,0,0,0,-15.5
0,1,0,1,0,-26.5
37,2,0,0,1,-49.5
35,3,0,1,1,-36.5
31,3,0,1,0,-16.5
41,1,0,0,1,-14.5
20,2,0,1,1,-33.5
35,1,0,0,0,-2.5
24,3,0,1,1,-48.5
16,3,0,0,0,3.5
38,3,1,1,1,-52.5
40,2,0,0,0,2.5
9,1,0,1,1,-38.5
22,1,0,0,1,1.5
29,1,1,0,0,-14.5
3,2,0,1,0,-49.5
44,4,0,1,1,-27.5
0,4,0,1,1,0.5
0,1,0,1,1,-46.5
21,1,0,0,0,9.5
48,1,0,1,0,-46.5
48,3,0,0,1,15.5
17,2,1,0,0,2.5
21,4,0,0,0,20.5
35,4,0,1,1,-51.5
41,1,0,0,0,5.5
31,4,0,1,0,12.5
3,1,0,0,0,13.5
32,4,0,0,0,8.5
31,3,0,0,0,-12.5
31,1,0,1,0,-10.5
3,3,0,0,0,7.5
21,4,0,1,1,-35.5
12,4,0,1,0,-31.5
0,4,0,0,1,0.5
11,3,0,1,0,-36.5
38,4,1,1,0,-27.5
41,4,1,0,0,8.5
48,2,0,0,0,-17.5
24,2,0,1,1,-41.5
41,1,0,0,1,17.5
3,1,0,0,0,21.5
24,2,0,1,1,-21.5
47,2,0,0,0,26.5
32,2,0,0,0,14.5
20,1,0,0,0,21.5
47,3,0,0,0,11.5
12,1,0,1,1,-50.5
0,4,0,1,0,-23.5
36,4,0,1,0,-31.5
31,1,0,0,0,-50.5
37,3,0,1,0,-0.5
38,1,0,0,0,25.5
22,2,0,0,0,-13.5
26,1,0,0,0,13.5
37,1,0,1,0,-6.5
0,2,1,0,0,-41.5
26,4,0,0,0,12.5
47,2,0,1,0,-45.5
34,4,0,0,0,0.5
30,3,0,0,0,15.5
31,4,0,1,1,-31.5
34,2,0,1,1,-33.5
9,3,1,0,0,3.5
34,1,0,0,1,9.5
40,4,1,1,0,-51.5
31,4,0,0,0,4.5
31,4,0,0,0,8.5
31,1,0,1,0,-26.5
18,3,0,0,0,-16.5
31,1,0,1,1,-2.5
23,4,1,0,0,16.5
37,3,0,0,1,-20.5
13,2,0,1,0,-53.5
29,2,0,1,1,-37.5
12,1,1,1,0,-2.5
37,1,0,1,0,-18.5
45,3,0,0,0,7.5
12,1,0,1,0,-30.5
38,4,0,1,1,-35.5
29,3,0,0,0,-0.5
31,1,0,0,0,21.5
37,4,0,1,1,-47.5
2,4,0,0,0,12.5
41,3,0,0,1,15.5
28,3,0,0,1,-4.5
32,3,0,0,0,-24.5
37,3,0,1,0,-24.5
45,2,0,0,0,-41.5
45,1,0,0,0,13.5
45,4,0,1,1,-11.5
26,3,0,0,1,-8.5
38,4,0,0,1,-3.5
8,1,0,1,0,-42.5
49,1,0,0,0,1.5
15,2,0,1,1,-29.5
12,3,0,0,0,11.5
3,1,0,1,1,-30.5
16,4,0,0,1,-35.5
38,3,0,0,0,15.5
41,1,1,0,0,25.5
15,1,0,0,1,-6.5
38,4,0,1,0,-35.5
31,3,0,0,0,27.5
14,3,0,0,1,11.5
15,4,0,0,1,-3.5
31,3,0,1,1,-36.5
34,3,1,1,0,-48.5
47,3,0,1,0,-20.5
41,4,0,1,1,-47.5
31,4,0,1,0,-35.5
14,4,0,0,1,-47.5
46,4,0,0,1,-39.5
37,4,0,1,0,-3.5
24,3,0,1,0,-4.5
31,2,0,0,0,2.5
42,3,1,0,0,19.5
31,1,0,1,1,-54.5
31,2,0,1,0,-21.5
35,1,0,0,0,-6.5
13,3,0,0,1,-32.5
31,3,0,1,1,-28.5
19,4,0,0,1,-47.5
37,1,0,1,1,-38.5
17,2,0,0,1,-1.5
41,1,0,1,1,5.5
37,3,0,1,1,-24.5
40,3,0,1,0,-44.5
48,3,0,1,1,-32.5
31,2,0,0,1,-45.5
12,3,0,1,1,-48.5
37,2,0,0,1,10.5
49,4,0,1,1,-19.5
46,3,0,0,1,-52.5
37,4,0,0,0,-15.5
16,2,0,0,0,-25.5
32,1,1,0,0,21.5
12,1,0,1,0,-18.5
8,1,0,1,1,-26.5
35,2,0,1,0,-33.5
31,2,0,1,1,-37.5
9,1,0,1,1,-54.5
19,3,0,0,0,7.5
31,3,0,1,0,-52.5
43,2,0,1,1,-13.5
37,4,0,1,0,-51.5
31,4,0,0,0,20.5
28,1,0,1,1,-50.5
34,2,0,0,0,-53.5
15,3,0,1,1,-44.5
34,2,0,1,1,-29.5
45,4,0,1,1,-43.5
45,3,0,0,1,-36.5
38,3,1,1,1,-32.5
29,1,0,1,1,-30.5
48,3,0,1,1,-12.5
22,3,0,0,0,19.5
21,4,0,0,0,0.5
20,2,0,1,0,-13.5
29,2,0,0,0,-9.5
26,2,0,0,0,-53.5
19,4,1,0,0,12.5
26,1,0,0,1,-34.5
23,1,1,0,0,-30.5
17,1,0,1,0,-26.5
21,3,0,0,0,15.5
2,3,0,0,1,-24.5
3,4,0,1,0,0.5
31,3,0,0,1,-16.5
49,3,0,1,1,-32.5
41,1,0,1,1,-30.5
21,4,0,0,0,-15.5
3,4,0,0,0,24.5
9,2,0,1,1,-45.5
29,2,0,0,0,-5.5
35,4,0,0,1,-7.5
25,1,0,1,0,-38.5
31,1,0,0,0,-22.5
24,3,1,0,0,-16.5
37,3,0,0,0,19.5
24,4,0,1,1,-51.5
30,1,0,1,1,-42.5
41,1,0,0,0,21.5
11,3,0,1,1,-0.5
45,2,1,1,1,-49.5
47,1,0,0,0,17.5
12,2,0,1,1,-33.5
32,1,0,1,1,-50.5
37,2,0,0,0,18.5
0,4,1,0,0,16.5
34,1,0,0,0,25.5
21,3,0,1,0,-52.5
32,2,0,0,1,18.5
28,1,0,1,1,-54.5
35,4,0,0,0,0.5
14,1,0,1,0,-38.5
37,2,0,1,1,-29.5
37,4,0,1,0,12.5
16,1,0,1,0,-50.5
38,4,0,1,0,-39.5
37,1,0,1,0,-34.5
13,3,0,0,1,-0.5
37,3,0,0,0,19.5
16,3,0,0,1,3.5
12,4,0,0,1,0.5
48,4,0,0,0,28.5
37,2,0,1,0,-5.5
3,4,1,0,1,-11.5
9,4,1,0,0,16.5
34,3,0,0,0,19.5
37,4,0,0,0,8.5
23,1,1,0,0,13.5
0,1,1,1,1,-38.5
0,1,1,0,0,9.5
31,2,0,1,1,-29.5
45,3,0,0,1,-16.5
45,4,0,0,1,-51.5
32,1,0,0,0,13.5
29,3,0,0,0,15.5
31,3,0,0,1,27.5
37,2,1,0,0,-5.5
31,3,0,0,0,3.5
10,1,1,1,0,1.5
8,4,0,1,1,-43.5
29,1,0,1,0,-42.5
20,4,0,0,0,12.5
37,4,0,0,0,20.5
31,4,0,1,1,-35.5
41,3,0,1,1,-32.5
12,3,0,0,0,-0.5
32,2,0,1,0,-5.5
34,3,0,1,0,-28.5
35,1,0,1,0,9.5
0,4,1,0,0,-35.5
37,3,0,0,0,15.5
22,2,0,0,0,26.5
17,3,0,1,0,7.5
8,3,0,1,1,-24.5
37,1,0,1,1,-26.5
14,4,0,0,0,20.5
16,4,0,0,0,24.5
3,3,0,0,1,-8.5
40,4,0,0,1,28.5
32,3,0,0,1,-0.5
38,4,0,0,0,12.5
44,1,0,0,0,5.5
34,4,0,1,0,-47.5
24,3,0,1,0,-48.5
2,4,0,1,0,0.5
32,3,1,1,1,-20.5
9,1,0,0,1,-2.5
40,2,0,0,0,26.5
3,3,1,0,0,-16.5
35,3,0,0,0,11.5
15,3,0,0,1,-12.5
17,3,1,1,1,-40.5
12,4,0,1,0,-27.5
9,1,0,1,1,-26.5
5,2,0,0,0,26.5
35,3,0,1,0,7.5
31,1,0,0,0,17.5
45,1,0,0,0,13.5
48,4,0,0,1,4.5
12,2,0,1,0,-9.5
37,1,0,1,1,-22.5
34,3,0,1,1,-32.5
32,4,0,0,1,12.5
29,3,0,1,0,-52.5
34,4,0,0,1,-47.5
31,1,0,0,0,17.5
21,4,0,0,1,-27.5
16,3,0,0,0,-4.5
12,3,0,0,0,-0.5
41,3,0,1,0,-12.5
29,4,0,1,1,-35.5
32,4,0,0,1,0.5
34,3,0,1,1,-16.5
14,2,0,0,0,14.5
20,2,0,0,1,-25.5
45,2,1,0,0,-25.5
47,2,0,0,1,10.5
12,4,0,0,0,0.5
9,1,1,0,0,-54.5
18,1,0,0,0,25.5
26,3,0,1,0,-12.5
25,3,0,1,0,-0.5
22,2,0,0,1,-49.5
37,4,0,1,1,-23.5
21,2,0,0,0,22.5
34,3,0,0,0,27.5
37,3,0,1,1,-32.5
48,4,0,0,0,-3.5
24,1,1,1,0,-42.5
9,1,0,0,0,9.5
2,4,0,1,1,-7.5
32,1,0,0,0,5.5
5,2,0,1,1,-45.5
28,3,0,1,0,-24.5
24,3,0,1,1,-44.5
22,1,0,0,0,-54.5
14,4,0,1,0,-23.5
45,1,0,1,1,-18.5
34,4,0,0,0,12.5
26,2,0,1,0,-9.5
19,3,0,0,0,19.5
12,1,0,0,0,21.5
0,2,0,0,0,-9.5
29,2,0,1,1,-29.5
14,2,0,1,0,-25.5
32,3,0,1,1,-20.5
34,1,0,0,0,25.5
41,3,0,1,0,-0.5
0,3,0,1,1,-40.5
37,2,0,1,0,2.5
35,3,0,0,0,-32.5
3,2,0,0,0,14.5
35,2,0,0,1,10.5
21,4,0,1,1,-35.5
19,3,0,0,0,-16.5
3,4,0,0,0,-35.5
9,3,0,0,0,23.5
22,1,0,1,1,-50.5
41,4,1,0,0,-51.5
9,1,1,1,0,-14.5
29,1,0,1,1,-42.5
41,2,0,0,0,18.5
14,1,0,1,1,-26.5
37,3,0,0,0,15.5
31,3,0,1,1,-24.5
41,3,0,1,1,-16.5
20,2,0,1,1,-53.5
3,2,0,1,1,-5.5
16,2,0,1,1,-41.5
13,4,0,1,1,-47.5
20,3,0,1,0,-44.5
47,1,0,1,1,-10.5
37,2,0,1,1,-1.5
13,4,0,1,0,-27.5
45,4,0,0,1,16.5
10,4,1,0,0,8.5
31,4,0,1,0,-23.5
0,4,0,0,0,-35.5
17,4,1,0,0,4.5
24,3,0,0,1,11.5
29,4,0,1,0,-43.5
21,1,0,0,1,9.5
32,1,0,0,0,21.5
31,4,0,1,1,-47.5
12,1,0,0,1,13.5
37,1,0,1,1,-46.5
12,2,0,0,0,14.5
16,2,0,0,0,22.5
41,2,0,1,1,-33.5
37,3,0,1,0,-8.5
20,1,0,1,0,-30.5
29,4,0,1,1,-47.5
10,4,0,1,1,-47.5
24,4,0,1,1,4.5
20,1,0,1,1,-38.5
40,1,0,1,0,-50.5
3,4,0,1,1,-23.5
3,4,1,1,1,-19.5
5,4,0,0,0,20.5
31,2,0,1,1,-33.5
38,4,1,0,0,-51.5
34,3,0,0,0,-40.5
35,4,0,0,0,28.5
21,1,0,0,0,9.5
37,2,0,1,0,-53.5
20,3,0,0,1,-32.5
34,1,0,0,0,17.5
44,3,0,1,0,-28.5
39,1,0,0,0,13.5
48,1,0,1,0,9.5
41,4,0,1,1,-19.5
21,4,0,1,0,-31.5
19,1,1,0,1,-30.5
35,1,0,1,1,-42.5
2,1,1,1,0,-38.5
34,4,0,0,0,0.5
4,1,0,1,0,-26.5
34,3,0,0,1,7.5
37,3,0,0,0,-4.5
21,1,0,1,1,-54.5
5,3,0,1,1,-16.5
41,1,0,0,1,-26.5
46,4,0,1,0,0.5
39,4,0,0,1,-39.5
33,1,0,1,1,-50.5
38,4,1,1,0,-31.5
12,2,0,0,0,-37.5
40,3,0,0,1,15.5
31,4,0,0,0,-35.5
9,3,1,0,0,23.5
20,2,0,0,1,-29.5
44,2,0,1,1,-33.5
31,2,0,1,0,-29.5
34,1,0,0,0,-18.5
5,3,0,1,1,-52.5
34,2,0,1,0,6.5
2,1,0,1,0,-38.5
9,3,1,0,0,-0.5
36,2,0,1,1,-53.5
0,3,0,0,0,-0.5
21,2,0,0,1,-53.5
8,2,0,0,0,-5.5
0,1,1,0,0,-18.5
41,4,0,0,0,16.5
45,2,0,0,0,-21.5
12,1,0,0,0,9.5
14,1,0,0,1,9.5
28,2,0,1,1,-45.5
13,3,0,0,0,23.5
31,1,0,0,0,-22.5
37,4,0,0,1,-23.5
14,3,0,0,0,-20.5
31,4,0,1,1,-27.5
12,4,0,1,1,-19.5
40,4,0,0,0,28.5
20,2,0,1,1,-21.5
41,3,0,0,0,-12.5
34,3,0,1,1,-44.5
35,3,0,1,1,-4.5
46,3,0,0,0,-16.5
26,4,0,0,0,8.5
14,1,0,1,1,-34.5
41,2,0,0,0,18.5
37,4,0,0,0,-11.5
41,1,1,1,1,-50.5
12,3,0,1,1,-36.5
31,3,0,1,1,-28.5
12,3,0,0,1,3.5
45,4,0,1,1,-31.5
17,1,0,0,1,5.5
35,1,1,1,0,-54.5
19,1,0,0,0,25.5
14,3,0,1,0,-32.5
1,2,0,1,0,-25.5
21,3,0,1,1,-28.5
21,4,0,0,0,24.5
34,1,0,0,1,5.5
40,1,0,1,0,-50.5
41,2,0,1,1,-33.5
23,2,0,1,1,-25.5
22,3,0,1,1,-44.5
35,2,0,0,1,-5.5
9,3,0,1,0,-4.5
23,1,0,1,0,-50.5
29,3,0,1,1,-4.5
31,2,0,0,0,-9.5
38,4,0,0,0,16.5
39,4,0,1,1,-27.5
17,4,0,0,0,24.5
2,4,0,0,0,16.5
31,2,0,1,0,-37.5
37,3,0,1,0,3.5
34,3,0,0,0,-32.5
31,1,0,0,0,-2.5
3,4,0,1,1,-27.5
3,3,0,0,0,27.5
45,4,0,0,0,24.5
12,2,0,0,0,10.5
12,1,0,0,0,17.5
2,2,0,0,1,-13.5
32,4,1,0,0,-3.5
2,2,0,1,0,-9.5
34,2,0,1,0,-53.5
24,4,0,1,1,-51.5
29,1,0,0,0,-6.5
40,4,0,0,1,-19.5
21,3,0,0,1,15.5
9,1,0,0,0,25.5
14,4,0,0,0,0.5
12,4,0,1,1,-39.5
21,3,0,1,1,-8.5
37,3,0,1,0,-8.5
47,4,0,0,1,-15.5
35,1,0,0,1,-22.5
12,2,0,1,0,-9.5
3,4,0,1,1,-43.5
32,2,0,1,0,10.5
12,3,0,1,0,7.5
8,1,0,0,0,9.5
25,3,0,0,0,19.5
22,1,0,0,0,-30.5
31,2,0,1,1,-25.5
29,3,0,0,1,-4.5
16,3,0,1,0,-40.5
45,1,0,0,0,-6.5
29,4,0,1,1,-51.5
24,2,0,1,1,-29.5
37,4,0,0,0,28.5
31,4,0,1,1,-7.5
9,3,1,1,0,-52.5
45,4,0,0,0,28.5
23,2,0,1,1,-29.5
31,4,0,0,0,12.5
41,1,0,0,0,1.5
46,2,0,0,0,-33.5
34,1,0,1,1,-46.5
34,1,0,1,1,-54.5
5,4,0,0,1,-51.5
41,4,0,0,1,12.5
9,1,1,1,0,-2.5
31,2,0,1,1,-9.5
41,2,0,1,1,-33.5
31,4,0,0,0,8.5
37,1,0,1,1,-38.5
37,4,0,0,0,12.5
31,1,0,1,1,-42.5
34,4,0,0,1,-35.5
12,2,0,0,0,18.5
37,3,0,1,0,-48.5
37,3,0,1,0,-20.5
16,3,0,0,0,15.5
31,4,0,0,0,-19.5
2,2,0,1,0,-9.5
0,4,0,0,0,-19.5
27,3,0,0,0,11.5
32,1,0,1,0,-26.5
0,3,0,1,0,-32.5
29,2,0,1,0,-37.5
23,2,1,1,1,-25.5
9,3,0,0,0,7.5
17,4,0,0,0,24.5
9,2,0,1,1,-45.5
37,4,0,0,1,-7.5
17,4,0,1,0,-51.5
12,2,0,1,1,-29.5
41,1,1,1,0,-18.5
45,2,0,1,1,-53.5
12,4,0,1,0,-11.5
29,4,0,0,0,4.5
21,4,0,0,1,-15.5
22,3,0,1,1,-32.5
12,1,0,0,0,21.5
12,4,0,1,0,-47.5
37,3,0,0,0,19.5
32,4,0,0,0,16.5
37,2,0,0,1,2.5
12,1,0,1,1,-46.5
19,1,0,1,1,-2.5
31,3,0,1,0,-44.5
28,1,0,1,0,-50.5
9,1,1,1,0,-38.5
21,4,0,1,1,-39.5
24,4,0,0,0,4.5
37,1,0,0,0,25.5
40,4,0,1,1,-11.5
15,3,0,0,1,-32.5
15,1,0,1,0,1.5
31,4,0,0,0,-31.5
37,2,0,1,1,-13.5
0,1,0,0,0,21.5
19,3,0,0,0,27.5
31,4,0,0,0,8.5
45,2,0,1,0,-49.5
24,1,0,0,1,-54.5
34,3,0,0,0,-0.5
4,4,0,1,1,-23.5
41,2,1,0,0,18.5
34,3,0,1,0,-0.5
31,2,0,1,0,-37.5
32,3,0,0,0,15.5
37,2,0,1,1,-21.5
23,1,0,1,0,-6.5
23,4,0,1,1,-11.5
21,1,0,1,1,-38.5
23,3,0,1,1,-20.5
9,3,0,0,0,27.5
20,3,0,1,0,-44.5
31,3,0,0,0,11.5
37,2,0,0,0,14.5
4,2,0,1,0,-13.5
9,3,0,0,0,19.5
12,1,0,1,0,1.5
38,1,1,0,0,-54.5
19,1,0,0,0,-18.5
41,4,0,0,1,16.5
10,3,1,0,0,-12.5
16,2,0,0,0,2.5
2,4,0,0,1,-11.5
16,2,0,1,1,-53.5
40,4,0,0,0,28.5
31,3,0,0,0,7.5
14,1,0,0,0,-22.5
14,4,0,1,0,-27.5
32,3,0,1,0,-4.5
38,2,1,0,0,-9.5
12,3,0,1,1,-44.5
21,4,0,1,1,-43.5
40,4,0,1,1,-23.5
36,3,0,0,0,11.5
16,1,0,0,0,13.5
37,2,0,1,1,-17.5
9,2,0,0,0,-33.5
31,3,0,0,0,-8.5
0,4,0,0,0,24.5
45,1,1,1,1,-50.5
2,4,0,0,0,12.5
6,1,0,0,1,5.5
0,3,0,0,0,27.5
41,1,0,1,1,-50.5
23,3,0,0,1,-12.5
21,1,0,0,0,-6.5
40,1,0,0,0,1.5
35,3,0,1,1,-0.5
31,3,0,0,0,19.5
3,3,0,0,0,11.5
20,3,0,0,0,27.5
17,2,0,0,0,22.5
9,2,1,0,1,-53.5
40,1,0,0,0,-22.5
43,1,0,1,1,-46.5
37,2,0,0,0,-37.5
3,2,0,1,1,-29.5
23,4,0,1,1,-19.5
41,2,1,0,0,18.5
41,3,0,1,1,-28.5
12,4,0,1,1,-27.5
43,4,0,1,1,-47.5
32,3,0,0,1,-48.5
32,4,0,1,1,-31.5
21,2,0,0,0,-9.5
32,4,1,1,0,-43.5
14,4,0,1,1,-23.5
45,4,0,1,1,-23.5
31,3,0,1,0,-12.5
16,2,0,0,0,22.5
20,3,0,1,0,-4.5
12,1,0,0,0,-38.5
16,4,0,1,0,-15.5
21,1,0,0,0,-22.5
32,3,0,0,0,27.5
0,1,0,1,1,-2.5
8,4,0,1,1,-27.5
37,3,0,0,0,27.5
0,3,0,0,0,-12.5
18,2,0,1,1,-49.5
39,1,0,0,1,17.5
20,1,0,1,0,-14.5
37,3,0,0,0,27.5
35,4,0,0,0,12.5
22,4,0,1,1,-47.5
48,1,0,0,0,-26.5
31,2,0,0,0,-49.5
38,2,1,0,0,6.5
14,3,0,1,0,-4.5
31,2,0,1,0,-9.5
8,3,1,1,1,-4.5
15,1,0,0,1,-54.5
34,4,0,0,1,-15.5
32,2,1,1,0,-21.5
27,4,0,1,0,-15.5
21,1,0,0,0,-18.5
35,1,0,0,0,17.5
32,4,0,0,0,-51.5
2,2,0,1,0,-5.5
13,4,0,0,0,28.5
22,3,0,0,1,-40.5
22,2,0,1,1,-17.5
37,2,0,0,0,10.5
34,1,0,0,0,17.5
43,3,0,1,1,-52.5
12,2,0,1,1,-45.5
29,4,0,1,1,-3.5
13,1,0,0,1,21.5
35,2,0,1,0,10.5
25,1,1,0,0,21.5
47,3,1,0,0,23.5
9,4,0,1,0,-51.5
16,4,0,1,1,-35.5
14,1,0,0,0,21.5
17,1,0,0,0,17.5
9,4,0,1,1,-39.5
41,3,0,1,0,7.5
20,1,0,1,0,-22.5
19,1,1,0,0,-6.5
37,4,0,0,0,8.5
14,4,0,1,0,-39.5
21,1,0,0,0,9.5
13,1,0,0,0,25.5
3,2,0,1,1,-37.5
47,4,0,1,1,-47.5
41,2,0,1,0,-37.5
31,3,0,1,0,-40.5
31,4,0,1,1,-39.5
41,4,0,1,1,-23.5
3,3,0,0,0,19.5
0,1,0,1,0,-38.5
21,3,0,1,0,-48.5
34,3,0,0,0,11.5
40,1,1,1,0,1.5
24,4,0,1,1,-39.5
9,2,0,0,0,-37.5
48,3,0,0,0,3.5
22,3,0,1,1,-16.5
46,4,0,0,0,-7.5
28,4,0,1,1,-3.5
37,4,0,0,0,16.5
31,1,0,1,1,-22.5
3,1,0,1,0,-34.5
43,1,0,0,1,-38.5
3,2,0,0,0,18.5
37,1,0,1,0,-2.5
31,3,0,1,0,-36.5
41,2,0,1,1,-25.5
13,4,0,0,0,-19.5
34,3,0,1,1,-40.5
9,2,0,1,0,-37.5
48,1,0,0,0,21.5
20,1,0,1,0,-30.5
34,2,0,1,0,-29.5
46,3,0,0,0,-16.5
41,4,0,0,1,0.5
34,3,0,0,0,19.5
40,3,0,0,0,27.5
32,1,0,0,0,13.5
48,2,0,1,1,-41.5
14,1,0,1,0,-30.5
37,3,0,0,0,3.5
20,4,0,0,0,0.5
24,1,0,0,1,-14.5
12,3,0,0,0,3.5
31,2,0,0,0,-21.5
41,4,0,0,0,4.5
41,4,0,0,1,-19.5
40,2,0,0,0,2.5
20,1,0,0,1,-6.5
9,1,1,0,0,9.5
41,3,0,0,0,7.5
9,2,1,0,0,-49.5
34,2,0,1,1,-53.5
45,4,1,1,0,-43.5
12,4,0,1,0,0.5
30,1,0,0,0,-18.5
13,1,0,1,1,-14.5
48,3,0,0,0,3.5
20,3,0,0,0,-24.5
1,1,0,1,0,-38.5
17,2,1,0,0,-9.5
32,1,1,0,0,13.5
36,3,0,1,0,-4.5
36,4,0,0,0,16.5
19,2,0,1,0,-29.5
37,1,0,1,0,-6.5
34,3,0,0,1,-20.5
9,1,1,0,0,-10.5
35,2,0,1,0,-1.5
15,4,0,1,0,-15.5
47,2,0,1,0,-13.5
12,2,0,1,1,-29.5
0,2,0,0,0,2.5
31,4,0,1,1,-51.5
22,4,0,1,1,-31.5
5,3,0,1,1,-20.5
25,4,0,1,0,-39.5
37,3,0,0,1,7.5
32,2,1,0,1,-21.5
31,4,0,0,1,-35.5
21,1,0,0,1,-10.5
29,1,0,1,1,-2.5
24,3,0,1,0,-48.5
